Indiv,Sex,AshFDWpM,oc_using_AshFDWpM,Rank_first_AshFDWpM_then_oc,DWpM,oc_using_DWpM,Rank_DWpM_then_oc,AshOnly,WWP,PDW
SL18-OI-6-FG2,female,0.399022225,0.02624583,1,0.408099709,0.028144161,1,-1.111059422,0.974660108,0.562381131
SL18-CC-12-FG2,female,0.307246059,0.024746255,3,0.344428801,0.026868425,2,0.989338968,1.092519778,-0.055687195
SL18-CC-11-FG3,female,0.075873409,0.003481323,40,0.295504919,0.014985739,3,0.651268621,0.958642323,-0.249171749
SL18-SF-13-FG2,female,0.118368458,0.008713429,26,0.279082035,0.020109304,4,0.118311562,0.979987228,-0.07682314
SL18-OI-11-FG3,female,0.195451528,0.015937058,15,0.239969464,0.018218122,5,0.548162907,0.775742482,-0.18865677
SL18-OI-4-FG2,female,0.224110088,0.01614353,8,0.222110584,0.018585035,6,0.529792351,0.503411649,0.324542023
SL18-OI-6-FG3,female,0.246166101,0.005861419,5,0.216129889,0.003914502,7,-0.913015555,0.408514726,1.082407084
SA18-CB-9-FG1,female,0.099810569,0.012411121,31,0.188286433,0.021655412,8,-0.18622475,0.487078119,0.117815519
SA18-CB-7-FG3,female,0.240174251,0.001302671,6,0.184471371,7.67E-05,9,-0.046575351,0.478891674,-0.01938201
SL18-CC-5-FG2,female,0.320573024,0.023231982,2,0.176052854,0.010238194,10,0.540841003,0.546377045,-0.11641183
SL18-CC-3-FG2,female,0.234180073,0.022397178,7,0.173578227,0.014157367,11,0.280023366,0.403596897,0.103559066
SL18-OD-10-FG2,female,0.093320283,0.004570094,38,0.163221979,0.003582567,12,-0.02841937,0.60714734,-0.071506478
SA18-CB-10-FG1,female,0.198720231,0.00121495,14,0.159372209,0.002883293,13,-0.242804956,0.499206269,-0.180206196
SL18-OI-6-FG6,female,0.20854623,0.001283574,9,0.157314419,1.01E-07,14,-0.921796151,0.346997723,0.508291208
SL18-JS-6-FG2,female,0.153694144,0.001486541,18,0.154647202,0.001574205,15,0.086249496,0.295620784,0.557620239
SA18-CB-7-FG1,female,0.200953038,0.000171463,11,0.149647174,9.15E-07,16,0.091019593,0.435505851,0.024218026
SA18-CB-10-FG6,female,0.19973698,0.00050473,12,0.143656811,0.000857447,17,-0.212900183,0.333401922,-0.08855068
SA18-CB-10-FG2,female,0.199736947,0.000497705,13,0.138436234,0.000243548,18,-0.212900113,0.324462547,-0.071282295
SL18-OI-17-FG4,female,0.185419026,0.015736164,17,0.137086759,0.016248067,19,0.072943072,0.382746477,-0.100472698
SL18-CC-12-FG3,female,0.190489983,0.002531377,16,0.131054203,5.08E-08,20,0.585121655,0.40074835,0.041688145
SL18-CC-3-FG3,female,0.036576641,3.43E-07,,0.129700567,0.006081797,21,0.087055874,0.357613037,0.085978419
SL18-UCONN-S94-FG1,female,0.053486345,0.000389714,,0.128363432,0.000552668,22,0.602273307,0.51892718,-0.322753203
SL18-UCONN-S94-FG2,female,0.053486345,0.000389714,,0.128363432,0.000552668,23,0.602273307,0.51892718,-0.322753203
SL18-UCONN-S94-FG3,female,0.053486345,0.000389714,,0.128363432,0.000552668,24,0.602273307,0.51892718,-0.322753203
SL18-CC-10-FG4,female,0.147127503,0.011371524,19,0.128097811,0.008773835,25,-0.082115131,0.375665103,0.065479695
SA18-CB-4-FG6,female,0.124940791,0.006754811,25,0.127031642,0.009223786,26,0.547598136,0.386472895,-0.248559657
SL18-OI-15-FG2,female,0.073730214,0.00114644,43,0.11825894,0.003688447,27,-0.365753947,0.472333072,0.116457549
SL18-CC-5-FG3,female,0.127931969,0.001794415,21,0.110644511,0.007859154,28,0.67743601,0.584806457,-0.396545663
SA18-CB-2-FG3,female,0.006495961,1.03E-05,,0.105250409,0.009321584,29,0.147019895,0.370011569,-0.008195409
SL18-UCONN-S11-FG2,female,0.126063727,0.000390462,22,0.103667032,0.000552613,30,0.392275019,0.185204594,0.122205222
SL18-UCONN-S11-FG1,female,0.126063727,0.000390462,23,0.103667032,0.000552613,31,0.392275019,0.185204594,0.122205222
SL18-UCONN-S11-FG3,female,0.126063727,0.000390462,24,0.103667032,0.000552613,32,0.392275019,0.185204594,0.122205222
SL18-CC-3-FG1,female,-0.026730937,7.16E-08,,0.101387603,0.000682301,33,-0.059604459,0.263142896,0.099144479
SL18-NL-6-FG1,female,-0.036756403,0.001531442,,0.100923848,0.015014792,34,0.674465957,0.548550446,-0.32709089
SL18-JS-6-FG3,female,0.109614304,0.001287227,27,0.100805805,0.000908762,35,0.181747079,0.164267301,0.525464014
SL18-SF-17-FG2,female,0.273258722,0.020211109,4,0.099560853,0.007298543,36,-0.435795945,0.448338911,-0.036637372
SL18-UCONN-S4-FG2,female,0.067036638,1.82E-06,47,0.098565197,0.000447859,37,-0.362606789,0.201131767,-0.058074762
SL18-UCONN-S4-FG3,female,0.067036638,1.82E-06,49,0.098565197,0.000447859,38,-0.362606789,0.201131767,-0.058074762
SL18-UCONN-S4-FG1,female,0.067036638,1.82E-06,48,0.098565197,0.000447859,39,-0.362606789,0.201131767,-0.058074762
SL18-OI-15-FG4,female,0.073730491,0.001146448,42,0.087338292,6.98E-05,40,-0.365754545,0.334466776,0.073472047
SL18-OI-15-FG3,female,0.073730491,0.001146448,41,0.087338292,6.98E-05,41,-0.365754545,0.334466776,0.073472047
SL18-CC-5-FG1,female,0.135073465,0.002643838,20,0.082145712,1.07E-06,42,0.596824331,0.375807421,-0.318510695
SL18-CC-2-FG1,female,0.034325296,0.002697032,,0.077653688,0.001527453,43,0.345459726,0.281568982,-0.134727047
SL18-BL-16-FG3,female,0.056919512,0.004331676,,0.076112851,0.003961233,44,-0.031397791,0.243653652,0.088377779
SL18-FI-1-FG10,female,0.028261752,0.002418736,,0.0683781,0.00349662,45,-0.054495247,0.222138676,0.005685835
SL18-BL-11-FG1,female,0.033599582,0.003418585,,0.06469126,0.003853989,46,0.033686744,0.23913154,-0.011123286
SL18-FW-14-FG11,female,0.020916833,0.003824315,,0.063272636,0.003966378,47,-0.035344724,0.191232287,0.009211188
SL18-BL-12-FG1,female,0.041041812,0.001957853,,0.063043164,0.002262133,48,-0.071334264,0.198084681,0.036788111
SL18-UCONN-S5-FG1,female,0.097816425,0.000107967,35,0.062920256,9.13E-05,49,0.149491389,0.131335191,0.130111704
SL18-UCONN-S5-FG2,female,0.097816425,0.000107967,37,0.062920256,9.13E-05,50,0.149491389,0.131335191,0.130111704
SL18-UCONN-S5-FG3,female,0.097816425,0.000107967,36,0.062920256,9.13E-05,,0.149491389,0.131335191,0.130111704
SL18-BL-11-FG2,female,0.040127642,0.001727427,,0.06254594,0.002012533,,-0.065576022,0.20169032,-0.000773685
SL18-BL-11-FG3,female,0.040127642,0.001727427,,0.06254594,0.002012533,,-0.065576022,0.20169032,-0.000773685
SL18-CC-8-FG2,female,-0.002969447,0.002900269,,0.061784552,0.005601561,,-0.014463726,0.245898811,-0.220508792
SL18-FI-1-FG11,female,0.037308648,0.002965169,,0.059862536,0.002823312,,-0.075509058,0.192599677,-0.009498458
SL18-FW-14-FG1,female,0.022799865,0.001479905,,0.058069587,0.001649064,,-0.074084034,0.167867449,0.024794765
SL18-OD-6-FG2,female,-0.023618206,0.00113839,,0.057629885,0.000802264,,0.121550166,0.197205644,0.053411395
SL18-FW-14-FG12,female,0.013962335,0.002850742,,0.056840753,0.003444543,,-0.015510067,0.160797246,0.046951087
SL18-FI-1-FG2,female,0.034607595,0.000963535,,0.056316087,0.001094381,,-0.089778709,0.186415118,-0.003722007
SL18-FI-1-FG4,female,0.034607595,0.000963535,,0.056316087,0.001094381,,-0.089778709,0.186415118,-0.003722007
SL18-FI-1-FG6,female,0.034607595,0.000963535,,0.056316087,0.001094381,,-0.089778709,0.186415118,-0.003722007
SL18-BL-14-FG3,female,0.02685074,0.004501648,,0.055846205,0.004625859,,0.036999636,0.225067924,-0.014289276
SL18-UCONN-S157-FG1,female,0.065275185,0.000389885,,0.054009474,0.00055245,,-0.278738404,0.171380965,0.144621246
SL18-UCONN-S157-FG2,female,0.065275185,0.000389885,50,0.054009474,0.00055245,,-0.278738404,0.171380965,0.144621246
SL18-UCONN-S157-FG3,female,0.065275185,0.000389885,,0.054009474,0.00055245,,-0.278738404,0.171380965,0.144621246
SL18-FW-14-FG2,female,0.018828284,0.003377459,,0.053380095,0.002938944,,-0.019973275,0.14784388,-0.002513201
SL18-UCONN-S143-FG2,female,0.069928223,0.00011323,45,0.053045049,9.77E-07,,-0.026247228,0.152192848,0.060363239
SL18-UCONN-S143-FG1,female,0.069928223,0.00011323,44,0.053045049,9.77E-07,,-0.026247228,0.152192848,0.060363239
SL18-UCONN-S143-FG3,female,0.069928223,0.00011323,46,0.053045049,9.77E-07,,-0.026247228,0.152192848,0.060363239
SL18-OI-7-FG1,female,0.045442507,0.00091716,,0.048748119,2.18E-07,,-0.255291387,0.194422415,-0.044415135
SL18-FI-2-FG7,female,0.026220177,0.001074015,,0.048663393,0.001254824,,-0.054680099,0.164420769,-0.003817459
SL18-FI-2-FG1,female,0.026220177,0.001074015,,0.048663393,0.001254824,,-0.054680099,0.164420769,-0.003817459
SL18-FI-2-FG4,female,0.026220177,0.001074015,,0.048663393,0.001254824,,-0.054680099,0.164420769,-0.003817459
SL18-FI-2-FG5,female,0.026220177,0.001074015,,0.048663393,0.001254824,,-0.054680099,0.164420769,-0.003817459
SA18-CB-4-FG3,female,0.029052358,1.87E-07,,0.047647246,1.04E-07,,0.558354946,0.17844801,-0.258403197
SL18-OI-4-FG3,female,0.050650123,0.003745716,,0.04660365,0.002211539,,0.188364458,0.106736062,0.023749617
SL18-FI-1-FG13,female,0.043905285,0.002150979,,0.045681318,0.001135022,,0.008170787,0.177320502,-0.010657682
SL18-OI-15-FG1,female,0.025987152,0.000231528,,0.045436744,0.000439701,,-0.598802937,0.277061849,-0.025536939
SL18-BL-15-FG1,female,0.016407702,0.00602007,,0.045043763,0.00601219,,0.077722302,0.187957859,-0.003481985
SL18-FI-1-FG12,female,0.029720007,0.003616081,,0.045003759,0.003574315,,-0.112771958,0.128558886,-0.015158654
SL18-UCONN-S32-FG1,female,0.048959517,4.58E-07,,0.043612013,1.71E-07,,0.305826218,-0.00685599,0.222934629
SL18-UCONN-S32-FG3,female,0.048959517,4.58E-07,,0.043612013,1.71E-07,,0.305826218,-0.00685599,0.222934629
SL18-UCONN-S32-FG2,female,0.048959517,4.58E-07,,0.043612013,1.71E-07,,0.305826218,-0.00685599,0.222934629
SL18-PI-1-FG10,female,0.021738052,0.004138437,,0.041395452,0.004362993,,-0.047271371,0.164278389,-0.072144385
SL18-FI-2-FG11,female,0.022396406,0.001904074,,0.039588127,0.002037808,,-0.020230481,0.155711014,-0.059416262
SA18-CB-1-FG2,female,0.002230052,6.41E-07,,0.039513971,2.22E-05,,-0.420598076,0.115081366,-0.011519682
SL18-FW-21-FG1,female,0.015320018,0.000792911,,0.03563077,0.00085594,,0.049026401,0.126269942,-0.007190202
SL18-FW-21-FG2,female,0.015320018,0.000792911,,0.03563077,0.00085594,,0.049026401,0.126269942,-0.007190202
SL18-FW-21-FG4,female,0.015320018,0.000792911,,0.03563077,0.00085594,,0.049026401,0.126269942,-0.007190202
SL18-UCONN-S73-FG2,female,-0.032458305,0.000388403,,0.034089732,0.000552549,,-0.184126149,0.149179211,-0.017564348
SL18-UCONN-S73-FG1,female,-0.032458305,0.000388403,,0.034089732,0.000552549,,-0.184126149,0.149179211,-0.017564348
SL18-UCONN-S73-FG3,female,-0.032458305,0.000388403,,0.034089732,0.000552549,,-0.184126149,0.149179211,-0.017564348
SL18-BL-17-FG3,female,0.027148307,0.002861773,,0.033952331,0.002519664,,0.025370125,0.132043077,-0.004753216
SL18-TI-4-FG2,female,0.03045429,0.001411326,,0.03323335,0.001498632,,-0.090354063,0.128782806,-0.01460334
SA18-CB-5-FG6,female,-0.052968423,3.94E-07,,0.032905844,0.003122518,,-0.304405428,0.107815018,0.068109355
SL18-CC-9-FG1,female,-0.031186008,0.000349465,,0.032395602,0.001277916,,0.428660888,0.17768415,-0.109039532
SL18-TI-4-FG3,female,0.021728287,0.004166249,,0.03237215,0.003570614,,0.038773391,0.156024541,-0.086089933
SL18-FI-1-FG3,female,0.017747337,0.001312778,,0.032322344,0.001494291,,-0.069523443,0.157792775,-0.055122079
SL18-OI-9-FG4,female,-0.057163359,2.59E-07,,0.032031401,0.002920067,,-1.112147245,0.033766879,0.204052867
SL18-FW-12-FG10,female,0.017461036,0.003124044,,0.031155396,0.003459192,,0.060315549,0.150861675,-0.068691086
SL18-FI-2-FG12,female,0.008176551,0.003122703,,0.030931459,0.003377055,,-0.01214141,0.105274798,-0.012363088
SL18-FW-14-FG13,female,0.001947333,0.001991995,,0.030502025,0.002295741,,-0.061088592,0.083027336,0.002623403
SL18-BL-10-FG2,female,0.005065855,0.003433821,,0.029926345,0.003438271,,0.036498914,0.153905104,-0.050399325
SL18-TI-4-FG1,female,0.032569854,0.002767958,,0.028877322,0.001768858,,-0.076281202,0.140466849,-0.046340548
SL18-OI-11-FG1,female,0.086806803,0.000949393,39,0.027091092,5.30E-08,,-0.028461939,0.237426544,-0.081152918
SL18-FW-12-FG4,female,0.0104965,0.000897655,,0.025571916,0.001033064,,0.049964792,0.115519225,-0.047186164
SL18-NL-3-FG3,female,-0.01330724,0.007486247,,0.025498589,0.008701525,,0.626518862,0.164905119,-0.142088321
SL18-TI-3-FG6,female,0.015227831,0.000790081,,0.024089108,0.000890917,,-0.106938265,0.078888661,0.006351819
SL18-TI-3-FG5,female,0.015227831,0.000790081,,0.024089108,0.000890917,,-0.106938265,0.078888661,0.006351819
SL18-TI-3-FG4,female,0.015227831,0.000790081,,0.024089108,0.000890917,,-0.106938265,0.078888661,0.006351819
SL18-FI-2-FG10,female,0.010232356,0.002739194,,0.021671591,0.002672853,,-0.032084429,0.118631358,-0.029099529
SL18-BL-18-FG10,female,0.004748426,0.002568699,,0.0210729,0.002149745,,0.035739803,0.131284952,-0.044420246
SL18-BL-18-FG11,female,0.00212433,0.001038928,,0.020966666,0.001010923,,-0.015634673,0.0939877,-0.00943156
SL18-UCONN-S158-FG3,female,0.000535785,4.56E-06,,0.018786749,0.000225188,,-0.687704999,0.104419675,0.08765403
SL18-UCONN-S158-FG1,female,0.000535785,4.56E-06,,0.018786749,0.000225188,,-0.687704999,0.104419675,0.08765403
SL18-UCONN-S158-FG2,female,0.000535785,4.56E-06,,0.018786749,0.000225188,,-0.687704999,0.104419675,0.08765403
SL18-PI-1-FG1,female,0.03371754,0.000807555,,0.017871821,1.70E-05,,-0.148747865,0.050687655,0.134873066
SL18-PI-1-FG3,female,0.00564336,0.000420164,,0.017646299,0.000494351,,-0.093609143,0.101734439,-0.045782251
SL18-SF-17-FG1,female,0.100819244,1.98E-05,30,0.014532945,9.89E-08,,-0.548597735,0.017948461,0.014640671
SA18-CB-5-FG3,female,-0.038346066,4.68E-07,,0.013677466,8.48E-06,,-0.292081986,-0.015085501,-0.05449274
SL18-LD-9-FG1,female,-0.019928508,0.000894434,,0.011649058,0.000613154,,0.020649958,0.086001135,-0.108052281
SL18-NL-3-FG2,female,-0.027815083,0.003298251,,0.011355437,0.006548107,,0.995036101,0.234443578,-0.223753771
SL18-UCONN-S142-FG4,female,0.038940759,0.000385319,,0.011162754,0.000468377,,-0.365897497,0.097287667,-0.003826557
SL18-UCONN-S142-FG3,female,0.038940759,0.000385319,,0.011162754,0.000468377,,-0.365897497,0.097287667,-0.003826557
SL18-UCONN-S142-FG2,female,0.038940759,0.000385319,,0.011162754,0.000468377,,-0.365897497,0.097287667,-0.003826557
SL18-UCONN-S142-FG1,female,0.038940759,0.000385319,,0.011162754,0.000468377,,-0.365897497,0.097287667,-0.003826557
SL18-NL-6-FG3,female,-0.071986973,0.00249379,,0.008403314,0.00295957,,0.17695539,0.083833978,-0.197214251
SL18-UCONN-S2-FG3,female,0.098157131,2.45E-06,32,0.008377874,4.99E-08,,-0.122513894,-0.112394397,0.028467716
SL18-UCONN-S2-FG1,female,0.098157131,2.45E-06,34,0.008377874,4.99E-08,,-0.122513894,-0.112394397,0.028467716
SL18-UCONN-S2-FG2,female,0.098157131,2.45E-06,33,0.008377874,4.99E-08,,-0.122513894,-0.112394397,0.028467716
SL18-NL-2-FG1,female,-0.067706957,0.004218341,,0.00584272,0.008402795,,0.003142423,-0.01597581,0.026784029
SL18-CC-9-FG6,female,-0.046257642,5.93E-06,,0.005717168,0.000633421,,0.245128315,0.040773825,-0.078634237
SA18-CB-5-FG4,female,-0.052968313,3.94E-07,,0.005556921,1.91E-05,,-0.304405466,-0.005213337,0.084458434
SL18-OI-7-FG3,female,0.047245586,0.00030947,,0.005478931,2.75E-08,,-0.240965944,-0.040189535,-0.021869771
SL18-OI-6-FG1,female,0.206656986,1.33E-05,10,0.005031997,1.03E-08,,-1.304478548,-0.027398943,0.317810101
SL18-CC-1-FG1,female,-0.040094275,9.02E-07,,0.003901982,2.00E-07,,1.129114518,0.170340499,0.070629149
SA18-CB-5-FG5,female,-0.0385702,1.12E-06,,0.002983482,0.000573937,,-0.217308164,-0.016813215,0.023356531
SL18-OI-18-FG5,female,0.054195245,0.004141965,,0.002874933,0.002119259,,-0.491554217,-0.184977464,0.459732908
SL18-OD-4-FG4,female,8.71E-17,0.001692649,,2.59E-16,0.00146991,,3.08E-16,9.49E-16,-2.01E-16
SL19-LR-2-FG1,female,2.55E-17,0.00138416,,1.90E-16,0.001346969,,-6.87E-17,7.78E-16,-3.59E-16
SL19-LR-5-FG1,female,2.46E-17,0.00112854,,1.18E-16,0.000979966,,4.36E-16,1.83E-16,-4.61E-17
SL18-DB-6-FG1,female,9.16E-17,0.001692649,,-4.89E-17,0.00146991,,-2.72E-17,-1.92E-16,1.80E-16
SL19-LR-5-FG2,female,1.54E-16,0.00112854,,-7.34E-17,0.000979966,,-1.66E-16,-6.07E-17,-3.65E-17
SA18-CB-5-FG1,female,-0.041221708,1.43E-06,,-0.000344131,8.39E-06,,-0.201105022,-0.021827573,0.028857721
SL18-OI-9-FG2,female,-0.016903156,1.58E-05,,-0.000602561,5.78E-07,,-0.636468542,-0.02958842,0.103126669
SL18-OI-18-FG1,female,0.020512223,0.003024241,,-0.003490054,0.003531589,,-0.388663282,0.026778789,0.181430982
SL18-SF-17-FG3,female,0.04584645,1.66E-07,,-0.004899993,4.83E-08,,-0.904156612,0.059193152,-0.095594921
SL18-OI-17-FG1,female,0.103444388,0.002798597,29,-0.011165867,1.72E-07,,-0.054209451,-0.023931093,-0.075817264
SL18-CC-6-FG2,female,-0.025143176,0.001000231,,-0.014874409,0.000580543,,0.283740714,0.186221428,-0.237838668
SL18-LD-9-FG4,female,-0.028424256,2.54E-06,,-0.017178988,0.002587953,,-0.434726645,-0.015022859,0.098687599
SL18-LD-2-FG5,female,0.016116818,4.94E-05,,-0.018583933,5.48E-05,,0.027338431,-0.213014215,0.465512184
SL18-NC-15-FG2,female,-0.12192708,3.65E-07,,-0.01879272,1.74E-05,,0.455898972,0.008336174,-0.103732123
SL18-NC-15-FG1,female,-0.12192708,3.65E-07,,-0.01879272,1.74E-05,,0.455898972,0.008336174,-0.103732123
SL18-NL-6-FG2,female,-0.096852983,0.002618216,,-0.019063173,0.00231454,,0.170658986,0.036912752,-0.200115311
SL18-OI-9-FG1,female,-0.027914109,0.000347767,,-0.020042724,2.08E-06,,-0.79568476,-0.097844689,0.06256161
SL18-OI-18-FG3,female,0.021699137,0.000783082,,-0.022940704,1.89E-05,,-0.582826105,-0.135000078,0.28669172
SL18-OI-18-FG2,female,0.022929385,0.001590794,,-0.023502757,0.00090318,,-0.795034325,-0.138833034,0.265236028
SL18-OI-18-FG6,female,-0.001720363,9.67E-07,,-0.024765293,1.55E-06,,-1.004016723,-0.105501541,0.237220509
SL18-UCONN-S57-FG2,female,-0.027712093,2.52E-07,,-0.025385382,8.04E-08,,0.471205729,0.051622565,-0.287768986
SL18-UCONN-S57-FG1,female,-0.027712093,2.52E-07,,-0.025385382,8.04E-08,,0.471205729,0.051622565,-0.287768986
SL18-UCONN-S57-FG3,female,-0.027712093,2.52E-07,,-0.025385382,8.04E-08,,0.471205729,0.051622565,-0.287768986
SL18-LD-1-FG2,female,0.038589032,0.007297599,,-0.026032225,0.005644624,,0.04538317,-0.141434736,0.129508363
SL18-LD-10-FG1,female,-0.046418612,0.000864187,,-0.02753197,0.001656428,,0.002185526,-0.160964044,0.16725668
SL18-OI-2-FG2,female,0.041595661,0.001932425,,-0.029289048,2.06E-07,,-0.161208198,-0.20453746,0.167312458
SL18-CC-9-FG3,female,-0.118987791,1.24E-07,,-0.032404463,7.55E-08,,0.395497178,-0.096738096,-0.069325126
SL18-LD-9-FG3,female,-0.017601851,0.003170219,,-0.034112292,0.002071755,,-0.351599947,-0.208308776,0.187878504
SL18-LD-2-FG3,female,-0.002387804,0.000584716,,-0.038246735,0.000415874,,0.052061664,-0.251795322,0.410013551
SL18-LD-10-FG2,female,-0.06631948,0.001294395,,-0.038292775,0.002466248,,0.380869383,-0.179751136,0.200997618
SL18-LD-10-FG3,female,-0.054448991,0.003359582,,-0.040309719,0.003119359,,0.160404327,-0.148803624,0.153168941
SL18-SF-13-FG1,female,-0.045202799,2.12E-07,,-0.045991553,4.23E-08,,-0.185558486,-0.204406062,0.343394924
SL18-OI-16-FG3,female,-0.028416271,0.000211796,,-0.047468213,1.18E-05,,-0.261827658,-0.085978383,0.091702724
SL18-NL-5-FG3,female,-0.044124143,0.001434211,,-0.049840306,0.001519818,,0.079719663,-0.272192865,-0.040267958
SL18-LD-9-FG2,female,-0.012508565,0.003779028,,-0.051269489,0.001395617,,-0.235188728,-0.281766565,0.193572655
SL18-NL-10-FG1,female,-0.050176506,0.004753748,,-0.052485657,0.005945212,,0.253968191,-0.015513066,-0.246638898
SL18-LD-4-FG3,female,0.007618536,0.003542534,,-0.05347421,0.001110591,,-0.007152369,-0.264033096,0.161923887
SL18-LD-3-FG2,female,-0.015780314,0.002705619,,-0.053575196,8.44E-07,,0.091697613,-0.149856317,0.002261165
SL18-SF-18-FG1,female,0.008507993,0.002432184,,-0.054638406,3.84E-07,,-0.102759338,-0.168908172,0.228787278
SL18-OI-17-FG2,female,0.108830688,0.001436232,28,-0.055037919,2.15E-08,,-0.081238957,-0.369258376,-0.076110859
SL18-OD-3-FG4,female,-0.030981449,0.000948904,,-0.056464002,0.000935778,,0.014234286,-0.156264746,-0.006204085
SL18-OD-3-FG2,female,-0.030981449,0.000948904,,-0.056464002,0.000935778,,0.014234286,-0.156264746,-0.006204085
SL18-OI-2-FG3,female,0.025918396,0.002601302,,-0.056655984,1.41E-07,,-0.104896881,-0.277719436,0.1505007
SL18-LD-3-FG1,female,-0.032229237,0.002641124,,-0.061025718,0.001090559,,0.241547546,-0.342341515,0.217485962
SL18-LD-4-FG1,female,-0.00112608,0.002095947,,-0.062179075,0.000771926,,-0.065419866,-0.185731213,0.111301544
SL18-LD-13-FG1,female,-0.069682815,0.003091819,,-0.06345702,0.003175917,,-0.246305517,-0.217098585,0.154570549
SL18-CC-1-FG3,female,-0.037224147,5.12E-07,,-0.064715586,1.95E-08,,0.645536382,-0.219264538,0.078914136
SL18-LD-2-FG2,female,-0.045810352,1.85E-07,,-0.068579119,5.76E-08,,0.081570981,-0.503017006,0.7642858
SL18-NL-10-FG2,female,-0.046978484,0.005251008,,-0.073956945,0.00443133,,-0.032342236,-0.335289082,-0.024365489
SL18-LD-4-FG2,female,-0.001126002,0.002095953,,-0.075194336,7.57E-07,,-0.065419908,-0.372436163,0.258273794
SL18-NL-9-FG2,female,-0.096640947,0.002777565,,-0.077082091,0.004916587,,0.127515015,0.004268901,-0.494446944
SL18-LD-3-FG3,female,-0.035005369,0.002544245,,-0.077117934,0.001977,,0.118583689,-0.288942879,0.144792544
SL18-CC-1-FG2,female,-0.141226759,9.43E-08,,-0.077145687,2.65E-08,,0.859051442,-0.16546094,0.025833979
SL18-NC-9-FG2,female,-0.040535673,0.001485161,,-0.077372294,4.04E-07,,0.187863093,-0.166742463,0.143641601
SL18-NL-5-FG1,female,-0.059454083,0.002756726,,-0.079229063,0.00092628,,0.155757835,-0.339812371,-0.054183456
SL18-LL-9-FG1,female,-0.002713031,0.00091236,,-0.081588202,8.46E-08,,-0.070906248,-0.309228102,0.043448994
SL18-LD-5-FG2,female,-0.04329275,0.002733129,,-0.083716697,0.001164281,,0.006091541,-0.154869235,0.006174735
SL18-OI-16-FG1,female,-0.04903109,0.000531215,,-0.084136755,4.78E-07,,0.014674722,-0.252022163,-0.002365374
SL18-NL-10-FG3,female,-0.046588004,0.001592138,,-0.084587119,4.70E-07,,0.059642034,-0.481317205,-0.038242237
SL18-LD-1-FG1,female,0.023479791,0.004019208,,-0.094086844,7.01E-05,,-0.20248457,-0.454080691,0.267992443
SL18-UCONN-S78-FG3,female,-0.116720276,9.94E-08,,-0.094536415,2.99E-08,,-0.032775351,-0.314247828,-0.204476731
SL18-UCONN-S78-FG2,female,-0.116720276,9.94E-08,,-0.094536415,2.99E-08,,-0.032775351,-0.314247828,-0.204476731
SL18-UCONN-S78-FG1,female,-0.116720276,9.94E-08,,-0.094536415,2.99E-08,,-0.032775351,-0.314247828,-0.204476731
SL18-NC-12-FG1,female,-0.075628965,0.00032169,,-0.096481843,1.50E-06,,-0.115611665,-0.225964462,-0.048025346
SL18-NL-2-FG2,female,-0.164022361,8.30E-07,,-0.097231476,0.001206954,,0.027067663,-0.276290975,-0.146835855
SL18-NC-15-FG3,female,-0.170787172,1.57E-07,,-0.098220978,4.06E-08,,0.614367481,-0.246164745,-0.195241141
SL18-LD-5-FG1,female,-0.075420142,3.10E-07,,-0.09878903,9.40E-08,,-0.222205205,-0.276873999,0.058568421
SL18-OD-5-FG3,female,-0.05487603,0.001630423,,-0.098983818,1.90E-07,,-0.353310778,-0.315542175,-0.06145413
SL18-LD-1-FG3,female,0.030795213,0.000816825,,-0.099185113,7.04E-08,,-0.263540555,-0.529947791,0.415093293
SL18-CC-6-FG1,female,-0.025142891,0.001000245,,-0.100022957,2.52E-08,,0.283739592,-0.329799582,-0.134174147
SL18-OI-16-FG2,female,-0.021614567,5.68E-05,,-0.101547104,4.50E-08,,0.015347931,-0.293621393,0.119146259
SL18-NL-7-FG3,female,-0.094989219,0.002459633,,-0.108621753,0.003835667,,0.099852248,-0.46347794,0.018879887
SL18-JS-11-FG4,female,-0.087013674,0.000557667,,-0.111092068,0.000880583,,-0.129781134,-0.351868192,-0.199059246
SL18-NC-11-FG3,female,-0.117649296,1.17E-06,,-0.11165205,0.000407049,,-0.003766316,-0.274131711,-0.113410194
SL18-JS-19-FG5,female,-0.015198905,0.001257784,,-0.11971218,6.29E-08,,0.193517594,-0.284353867,-0.04507383
SL18-JS-19-FG6,female,-0.015198905,0.001257784,,-0.11971218,6.29E-08,,0.193517594,-0.284353867,-0.04507383
SL18-NC-1-FG3,female,-0.10170845,0.002049321,,-0.119736141,0.001510617,,0.064229062,-0.331536863,-0.065187488
SL18-NL-7-FG4,female,-0.060811089,0.003007312,,-0.124283615,0.000240944,,0.112434347,-0.554619541,0.004565073
SL18-LL-9-FG3,female,0.009452045,5.96E-05,,-0.125799853,2.13E-08,,-0.022946579,-0.538864284,-0.350916757
SL18-NC-1-FG1,female,-0.121760389,1.97E-07,,-0.133101093,5.47E-08,,-0.084868992,-0.40200796,-0.104004324
SL18-LD-13-FG2,female,-0.160945729,1.55E-06,,-0.133543646,0.000160959,,-0.257637873,-0.375678901,0.168354863
SL18-NL-2-FG3,female,-0.206209975,9.73E-08,,-0.139292429,4.34E-08,,-0.181597,-0.512750055,-0.103889446
SL18-JS-5-FG2,female,-0.124313386,5.51E-07,,-0.139318079,3.98E-08,,-0.062341438,-0.3405292,-0.304263971
SL18-NC-8-FG1,female,-0.174312689,3.83E-07,,-0.141197967,0.000554159,,-0.192662321,-0.375820713,0.125948778
SL18-NC-8-FG2,female,-0.200869063,3.10E-07,,-0.147939715,1.46E-06,,-0.222760984,-0.394926091,-0.044743573
SL18-NC-11-FG1,female,-0.21880069,6.87E-08,,-0.155748439,3.18E-08,,0.099267983,-0.346645516,-0.068956934
SL18-NC-5-FG3,female,-0.034099189,0.00168127,,-0.156657941,4.60E-08,,0.008041534,-0.547021671,-0.210416025
SL18-NC-12-FG2,female,-0.083174416,0.001667856,,-0.158438442,6.98E-08,,-0.081787869,-0.321458655,-0.036898021
SL18-OD-5-FG1,female,-0.126867079,3.59E-07,,-0.159090158,7.51E-08,,-0.627963701,-0.498762681,-0.117376438
SL18-CC-6-FG3,female,-0.076456952,4.95E-07,,-0.165300406,1.71E-08,,0.386998459,-0.29993121,-0.123595828
SL18-JS-16-FG1,female,-0.184182728,1.90E-07,,-0.175327469,3.61E-08,,0.131226755,-0.472926517,-0.041590248
SL18-NL-3-FG1,female,-0.087317163,6.88E-07,,-0.177269316,1.98E-08,,0.659038243,-0.425407025,-0.239821302
SL18-LL-9-FG2,female,-0.171932891,5.88E-08,,-0.177952542,1.56E-08,,-0.625436483,-0.553997486,-0.13005886
SL18-JS-9-FG2,female,-0.203079362,2.78E-07,,-0.181759967,7.48E-08,,0.044720692,-0.508070097,-0.160557482
SL18-OI-5-FG5,female,-0.084928673,1.63E-07,,-0.188593625,1.22E-08,,-1.094776875,-0.732817302,0.253030519
SL18-JS-19-FG3,female,-0.039429768,0.00256516,,-0.189276701,2.62E-08,,0.28786539,-0.513126962,-0.120023244
SL18-JS-19-FG2,female,-0.050493253,0.001334825,,-0.209093293,2.15E-08,,0.284734169,-0.506290197,-0.049827751
SL18-LL-9-FG6,female,-0.003423032,8.28E-07,,-0.210719629,9.70E-09,,-0.032127586,-0.736379578,-0.08939709
SL18-JS-16-FG3,female,-0.253688576,9.37E-08,,-0.218880366,2.96E-08,,0.319886988,-0.497958955,-0.201570585
SL18-NC-10-FG1,female,-0.133976042,2.64E-07,,-0.232028857,3.15E-08,,0.118348323,-0.691801853,-0.504740436
SL18-NC-10-FG3,female,-0.128343613,0.001220987,,-0.237205604,4.84E-08,,0.078826352,-0.542282742,-0.90197267
SL18-NC-5-FG2,female,-0.06026125,0.002710818,,-0.243724901,2.17E-08,,0.074751635,-0.884877813,-0.236473
SL18-CC-8-FG1,female,-0.285702929,3.18E-08,,-0.246138235,7.38E-09,,-0.481153785,-0.620798391,-0.213923705
SL18-JS-5-FG1,female,-0.198594289,1.50E-07,,-0.249553746,1.50E-08,,0.240726987,-0.600361516,-0.532230269
SL18-JS-9-FG3,female,-0.336782839,5.27E-08,,-0.272229035,1.92E-08,,-0.041535976,-0.767158617,-0.243770634
SL18-JS-6-MG3,male,0.281574595,0.017293659,4,0.292161925,0.016837532,1,0.204839075,0.715565599,0.602229352
SL18-JS-6-MG2,male,0.259722208,0.014678514,5,0.269236924,0.014716519,2,0.055595633,0.604176066,0.572546569
SA18-CB-7-MG3,male,0.28881935,0.012797257,3,0.256937445,0.013211866,3,-0.293640431,0.63023842,0.073112796
SL18-CC-11-MG5,male,0.09994518,0.005642291,23,0.249219177,0.008412444,4,0.374199464,0.900162497,-0.239991721
SA18-CB-7-MG2,male,0.318448039,0.02228018,2,0.245628841,0.014895699,5,0.403681887,0.55016683,0.043412347
SA18-CB-10-MG3,male,0.424936311,0.029228168,1,0.223006347,0.010565785,6,-0.084691306,0.419267131,-0.046259393
SL18-OI-15-MG2,male,0.139174915,0.008657429,14,0.205622787,0.012337713,7,-0.414786587,0.64975892,0.069273668
SA18-CB-10-MG1,male,0.175295449,1.06E-06,9,0.197475549,0.007253444,8,-0.524109064,0.424094609,-0.145007708
SL18-CC-2-MG5,male,0.045075598,0.001920656,,0.189299732,0.01028036,9,0.308352271,0.613642203,-0.268178741
SL18-OI-7-MG3,male,0.10685669,0.006788716,19,0.187004384,0.0116278,10,-0.320462286,0.623176089,-0.051001917
SL18-CC-11-MG6,male,0.062324875,0.001064689,,0.185253562,0.000853973,11,0.365419558,0.636869028,-0.176006788
SL18-SF-13-MG1,male,0.051305582,6.86E-05,,0.177450794,0.003414592,12,-0.086301644,0.594313021,0.042021734
SL18-SF-13-MG11,male,0.059812087,0.002738244,,0.17603204,0.002961697,13,-0.086775163,0.580055046,0.050191322
SA18-CB-3-MG3,male,0.143730337,0.00769874,11,0.155804832,0.007865447,14,0.530082051,0.489310598,-0.318416425
SL18-OI-6-MG2,male,0.182555605,0.000796118,8,0.154369361,9.94E-08,15,-1.129207917,0.408937564,0.528260967
SA18-CB-7-MG1,male,0.194653253,3.52E-07,6,0.148671751,5.47E-08,16,-0.370587914,0.43683705,0.033819968
SL18-JS-6-MG1,male,0.142139532,0.003758934,12,0.145106488,0.003411817,17,0.118929623,0.079014519,1.192328741
SL18-NC-2-MG1,male,0.108174241,0.009690713,18,0.144908729,0.011737451,18,0.766847456,0.457408142,-0.073619665
SL18-NC-2-MG2,male,0.139757084,0.009708462,13,0.142315302,0.007445374,19,0.337651256,0.449996818,-0.033920989
SL18-NC-2-MG3,male,0.090926619,0.003765868,33,0.133584162,0.006413617,20,0.723912347,0.523397263,-0.180595579
SA18-CB-4-MG2,male,0.19013114,0.012117284,7,0.133436836,0.006688024,21,-0.004338171,0.222628655,-0.144790682
SL18-OI-15-MG1,male,0.091328754,0.004179111,32,0.128871359,0.005263662,22,-0.180144561,0.477299703,-0.003635607
SL18-UCONN-S94-MG1,male,0.053486345,7.44E-06,,0.128363432,9.78E-07,23,0.602273307,0.51892718,-0.322753203
SL18-UCONN-S94-MG2,male,0.053486345,7.44E-06,,0.128363432,9.78E-07,24,0.602273307,0.51892718,-0.322753203
SL18-UCONN-S94-MG3,male,0.053486345,7.44E-06,,0.128363432,9.78E-07,25,0.602273307,0.51892718,-0.322753203
SL18-CC-7-MG1,male,0.027013829,0.005212882,,0.125840368,0.009138814,26,0.621812812,0.504134648,-0.180504362
SA18-CB-1-MG13,male,0.131740875,0.001318041,15,0.117639312,0.000548963,27,-0.275730099,0.268090387,0.070797047
SL18-SF-13-MG2,male,0.036412921,6.87E-06,,0.117257508,0.000509627,28,0.001714349,0.328322074,0.196543226
SA18-CB-3-MG1,male,0.033467733,1.99E-06,,0.114884679,0.005515717,29,-0.090739923,0.252129748,-0.058780743
SL18-CC-2-MG6,male,0.03897067,0.001178042,,0.111333891,0.00106739,30,0.240967747,0.371428513,-0.142696156
SL18-OD-6-MG1,male,-0.028350266,0.00458368,,0.107679042,0.009754282,31,0.198998089,0.363237725,0.03881021
SL18-SF-15-MG2,male,0.07635606,0.00554077,38,0.105145495,0.004271447,32,-0.065922784,0.527744047,-0.170490372
SL18-CC-1-MG3,male,0.001763161,0.005339839,,0.102124606,0.009328074,33,0.698854965,0.30456281,0.054308364
SL18-SF-15-MG1,male,0.06546404,0.003740181,46,0.101846257,0.005234549,34,-0.102734209,0.488850299,-0.154425545
SL18-UCONN-S4-MG1,male,0.067036638,9.77E-07,43,0.098565197,1.25E-06,35,-0.362606789,0.201131767,-0.058074762
SL18-UCONN-S4-MG2,male,0.067036638,9.77E-07,44,0.098565197,1.25E-06,36,-0.362606789,0.201131767,-0.058074762
SL18-UCONN-S4-MG3,male,0.067036638,9.77E-07,45,0.098565197,1.25E-06,37,-0.362606789,0.201131767,-0.058074762
SL18-SF-13-MG13,male,0.030153769,1.93E-06,,0.094071925,1.71E-07,38,-0.029885472,0.288175494,0.136070882
SL18-OI-14-MG1,male,0.016711827,0.002592415,,0.091077873,0.004302907,39,0.053816555,0.102547357,0.052874496
SL18-OD-6-MG3,male,-0.03567463,0.002332391,,0.090840008,0.007174266,40,0.140870767,0.323473293,0.09143204
SL18-CC-7-MG2,male,0.028800433,0.003991263,,0.090608114,0.003460038,41,0.354232769,0.326146552,-0.069225579
SL18-BL-16-MG2,male,0.050303425,0.004878232,,0.08713424,0.00497494,42,-0.092340229,0.276489083,0.130555951
SL18-BL-16-MG3,male,0.055339112,0.001893907,,0.081214062,0.001971686,43,-0.101829444,0.253194292,0.081422245
SL18-BL-17-MG2,male,0.046972125,0.003756625,,0.076304747,0.00396869,44,-0.026545425,0.235657942,0.064981336
SL18-BL-12-MG2,male,0.04346537,0.003252207,,0.07488165,0.003382782,45,-0.05822014,0.239459449,0.063514093
SL18-OI-14-MG2,male,-0.007112722,1.69E-06,,0.07447608,0.003166883,46,-0.002967824,0.136705962,0.190464507
SL18-BL-12-MG1,male,0.043053952,0.003166987,,0.074245083,0.00331982,47,-0.057794762,0.238029316,0.063628224
SL18-BL-12-MG3,male,0.048927447,0.003663008,,0.072986345,0.002939813,48,-0.054979277,0.224703369,0.065407344
SL18-FW-2-MG2,male,0.046407414,0.003881549,,0.069958388,0.003634272,49,0.030525482,0.225292076,0.007949694
SL18-SF-17-MG2,male,0.106298538,0.001888786,20,0.069795282,0.002122157,50,-0.469968503,0.280559438,-0.099356904
SL18-TI-4-MG1,male,0.041678871,0.002381197,,0.068588067,0.002802861,,-0.064686316,0.234391087,0.059422984
SL18-FW-2-MG4,male,0.045996715,0.001914855,,0.068587746,0.001851875,,-0.027239641,0.220209401,0.003105758
SL18-FI-1-MG2,male,0.031526026,0.002364923,,0.068313591,0.002769177,,-0.077337384,0.229925499,-0.00217794
SL18-FW-21-MG2,male,0.04514114,0.002041767,,0.067581938,0.001786257,,0.036998752,0.218383705,0.008211156
SL18-FW-12-MG2,male,0.04426927,0.001483074,,0.067183348,0.001951125,,0.035458508,0.217527364,0.008403905
SL18-BL-13-MG3,male,0.025294944,0.002479742,,0.065395305,0.002697992,,-0.042205971,0.231955725,-0.014906821
SL18-FI-1-MG10,male,0.038603944,0.002311174,,0.064050182,0.001461862,,-0.092041824,0.194184525,-0.024035669
SL18-UCONN-S5-MG1,male,0.097816425,5.51E-06,27,0.062920256,6.56E-07,,0.149491389,0.131335191,0.130111704
SL18-UCONN-S5-MG2,male,0.097816425,5.51E-06,28,0.062920256,6.56E-07,,0.149491389,0.131335191,0.130111704
SL18-UCONN-S5-MG3,male,0.097816425,5.51E-06,29,0.062920256,6.56E-07,,0.149491389,0.131335191,0.130111704
SL18-BL-11-MG2,male,0.040127642,0.000959621,,0.06254594,0.000909065,,-0.065576022,0.20169032,-0.000773685
SL18-BL-11-MG1,male,0.040127642,0.000959621,,0.06254594,0.000909065,,-0.065576022,0.20169032,-0.000773685
SA18-CB-1-MG2,male,0.002791822,0.001069355,,0.062339008,0.004979565,,-0.371394831,0.314342438,-0.061913045
SL18-BL-10-MG2,male,0.024648254,0.004298413,,0.061622936,0.005115428,,0.005276781,0.21159887,0.028383712
SL18-PI-1-MG4,male,0.021518896,0.002864493,,0.061430658,0.002682912,,-0.049384288,0.201893188,0.006389319
SL18-BL-11-MG4,male,0.039352682,0.002571361,,0.060240723,0.002274565,,-0.043650794,0.18513419,0.015776761
SL18-OI-7-MG2,male,0.04724577,6.95E-06,,0.059615801,8.87E-08,,-0.240966375,0.196932448,-0.049228676
SL18-FW-2-MG1,male,0.030814331,0.004178356,,0.058985456,0.004586077,,0.024354677,0.196980416,-0.008644581
SL18-TI-1-MG2,male,0.044386635,0.00350567,,0.057675654,0.003865898,,-0.017861886,0.200875323,0.012491309
SL18-OI-7-MG1,male,0.036685428,4.15E-07,,0.056849657,4.18E-08,,-0.388114145,0.207260165,-0.128857183
SL18-TI-5-MG3,male,0.054183744,0.004095983,,0.056266682,0.004034682,,-0.067029102,0.183642167,-0.0164584
SL18-UCONN-S157-MG1,male,0.065275185,6.84E-06,47,0.054009474,1.01E-06,,-0.278738404,0.171380965,0.144621246
SL18-UCONN-S157-MG3,male,0.065275185,6.84E-06,48,0.054009474,1.01E-06,,-0.278738404,0.171380965,0.144621246
SL18-UCONN-S157-MG2,male,0.065275185,6.84E-06,49,0.054009474,1.01E-06,,-0.278738404,0.171380965,0.144621246
SL18-UCONN-S143-MG3,male,0.069928223,4.83E-06,41,0.053045049,2.64E-07,,-0.026247228,0.152192848,0.060363239
SL18-UCONN-S143-MG2,male,0.069928223,4.83E-06,42,0.053045049,2.64E-07,,-0.026247228,0.152192848,0.060363239
SL18-UCONN-S143-MG1,male,0.069928223,4.83E-06,40,0.053045049,2.64E-07,,-0.026247228,0.152192848,0.060363239
SL18-FI-2-MG1,male,0.016217529,0.002621619,,0.052624269,0.00240957,,-0.057623933,0.161154997,0.018136277
SL18-LL-9-MG4,male,0.148008694,0.015116064,10,0.051599076,0.009666404,,0.567256268,0.064864445,-0.064129761
SL18-NC-15-MG3,male,-0.08588949,6.97E-06,,0.05117707,0.007047419,,0.546296181,0.246026718,-0.073926605
SL18-PI-1-MG3,male,0.019953333,0.001837063,,0.050936735,0.003034572,,0.05401392,0.183492036,-0.03158758
SL18-BL-17-MG3,male,0.027122905,0.003527805,,0.050625106,0.003504763,,0.00967552,0.176707615,0.001447334
SL18-BL-13-MG1,male,-0.001880528,0.004657505,,0.048908373,0.003935773,,0.026822984,0.208272961,-0.045541089
SL18-FI-2-MG3,male,0.026220177,0.000312514,,0.048663393,0.000160347,,-0.054680099,0.164420769,-0.003817459
SL18-LD-2-MG2,male,0.089028773,0.011348412,34,0.048147286,0.011965764,,-0.00400205,-0.012752959,0.652441289
SL18-BL-14-MG1,male,0.03865119,0.004771646,,0.047822194,0.004530265,,-0.030223294,0.137570466,-0.001818209
SL18-OI-9-MG3,male,0.017466533,0.001062233,,0.047457819,0.002901323,,-0.638048042,0.184981082,0.115049121
SL18-TI-2-MG3,male,0.029506345,0.003902839,,0.047184633,0.003987337,,-0.013215039,0.156549733,0.021302252
SA18-CB-2-MG3,male,0.013111908,3.39E-07,,0.045593878,4.54E-08,,-0.283061714,0.050566674,0.032665547
SL18-SF-17-MG1,male,0.095028454,0.000818802,31,0.045373106,0.001625028,,-0.866164374,0.073796631,0.093072252
SL18-SF-19-MG2,male,0.007786189,0.002408075,,0.0451729,0.002920842,,-0.085428739,0.249782125,0.111562547
SL18-OD-10-MG2,male,0.029113233,0.000372609,,0.044888409,0.000151545,,-0.008464777,0.175590991,-0.021075697
SL18-OD-10-MG1,male,0.029113233,0.000372609,,0.044888409,0.000151545,,-0.008464777,0.175590991,-0.021075697
SL18-UCONN-S32-MG3,male,0.048959517,3.50E-07,,0.043612013,9.75E-08,,0.305826218,-0.00685599,0.222934629
SL18-UCONN-S32-MG2,male,0.048959517,3.50E-07,,0.043612013,9.75E-08,,0.305826218,-0.00685599,0.222934629
SL18-UCONN-S32-MG1,male,0.048959517,3.50E-07,,0.043612013,9.75E-08,,0.305826218,-0.00685599,0.222934629
SL18-OI-11-MG1,male,0.086807106,0.000197056,35,0.042207688,6.33E-08,,-0.028462352,0.175114268,0.034719996
SL18-BL-18-MG3,male,0.001627435,0.003173942,,0.041832235,0.003149028,,-0.082647664,0.150695831,0.016123868
SL18-BL-17-MG1,male,0.025309599,0.000374027,,0.040218418,0.000154059,,0.002126567,0.136094932,0.015419484
SL18-FW-21-MG1,male,0.000821764,0.003849151,,0.039315394,0.003927196,,0.11007744,0.16044323,-0.029783349
SL18-TI-4-MG3,male,0.02038664,0.002418757,,0.037553845,0.002715578,,-0.073276869,0.142575142,-0.007980243
SL18-FW-21-MG5,male,0.015320018,8.36E-05,,0.03563077,5.84E-06,,0.049026401,0.126269942,-0.007190202
SL18-FW-21-MG4,male,0.015320018,8.36E-05,,0.03563077,5.84E-06,,0.049026401,0.126269942,-0.007190202
SL18-TI-3-MG11,male,0.030246378,0.002355514,,0.034937107,0.001953351,,-0.168207941,0.09515994,0.016096129
SL18-UCONN-S73-MG2,male,-0.032458305,7.44E-06,,0.034089732,9.46E-07,,-0.184126149,0.149179211,-0.017564348
SL18-UCONN-S73-MG3,male,-0.032458305,7.44E-06,,0.034089732,9.46E-07,,-0.184126149,0.149179211,-0.017564348
SL18-UCONN-S73-MG1,male,-0.032458305,7.44E-06,,0.034089732,9.46E-07,,-0.184126149,0.149179211,-0.017564348
SL18-TI-4-MG2,male,0.024468359,9.13E-05,,0.033435226,5.32E-06,,-0.044302475,0.133699128,-0.015931113
SL18-TI-3-MG1,male,0.009493541,0.001326476,,0.033103319,0.002042969,,-0.121169242,0.116203198,-0.016512532
SL18-OD-6-MG2,male,-0.030445976,0.000930004,,0.032004503,1.37E-07,,0.146329571,0.102125099,0.083402645
SA18-CB-2-MG2,male,0.024725116,0.000407558,,0.031645747,1.06E-07,,-0.096942512,0.025981721,-0.020320037
SL18-OI-15-MG3,male,0.073730193,0.000382197,39,0.030345428,3.17E-08,,-0.365754219,0.204189898,0.087152266
SL18-PI-1-MG2,male,0.01256584,0.001230959,,0.029812379,0.001158658,,-0.004137024,0.131624269,-0.082752766
SL18-FW-12-MG10,male,0.02345292,0.001872712,,0.029591383,0.000846626,,0.072540077,0.139335227,-0.073233705
SL18-TI-1-MG11,male,0.022192115,0.000437138,,0.028835793,0.000306443,,-0.008929479,0.100430745,0.006246236
SL18-TI-1-MG1,male,0.022192115,0.000437138,,0.028835793,0.000306443,,-0.008929479,0.100430745,0.006246236
SL18-TI-1-MG4,male,0.022192115,0.000437138,,0.028835793,0.000306443,,-0.008929479,0.100430745,0.006246236
SL18-TI-1-MG3,male,0.022192115,0.000437138,,0.028835793,0.000306443,,-0.008929479,0.100430745,0.006246236
SL18-TI-3-MG2,male,0.021177676,0.002170478,,0.028326831,0.001901314,,-0.138384881,0.104228236,0.025820306
SL18-TI-5-MG2,male,0.02709055,0.000654978,,0.028131147,0.000459322,,-0.033512842,0.091813654,-0.008228493
SL18-TI-5-MG1,male,0.02709055,0.000654978,,0.028131147,0.000459322,,-0.033512842,0.091813654,-0.008228493
SL18-PI-1-MG5,male,0.010448574,8.44E-05,,0.027270774,9.68E-06,,-0.026566826,0.112556317,-0.0235912
SL18-FW-12-MG6,male,0.0104965,0.00015387,,0.025571916,2.61E-05,,0.049964792,0.115519225,-0.047186164
SL18-FW-12-MG5,male,0.0104965,0.00015387,,0.025571916,2.61E-05,,0.049964792,0.115519225,-0.047186164
SL18-BL-10-MG1,male,0.012382493,0.002429737,,0.025047341,0.001824036,,0.012772183,0.113306024,-0.020157129
SL18-OI-4-MG2,male,0.103563491,0.00070601,21,0.024170908,4.66E-08,,0.068540318,0.021926788,0.222978336
SL18-TI-3-MG14,male,0.015227831,8.16E-05,,0.024089108,7.21E-06,,-0.106938265,0.078888661,0.006351819
SL18-TI-3-MG3,male,0.015227831,8.16E-05,,0.024089108,7.21E-06,,-0.106938265,0.078888661,0.006351819
SL18-TI-2-MG2,male,0.014751802,0.000524255,,0.023589955,0.000367581,,-0.006605803,0.078266859,0.010651801
SL18-TI-2-MG5,male,0.014751802,0.000524255,,0.023589955,0.000367581,,-0.006605803,0.078266859,0.010651801
SL18-TI-2-MG1,male,0.014751802,0.000524255,,0.023589955,0.000367581,,-0.006605803,0.078266859,0.010651801
SL18-OI-17-MG3,male,0.108830885,0.00066919,17,0.022004633,1.06E-07,,-0.081239237,0.015632527,-0.030991983
SL18-SF-17-MG3,male,0.084484037,0.001691359,37,0.019936482,2.18E-07,,-0.615504267,-0.0347521,0.036195341
SL18-UCONN-S158-MG1,male,0.000535785,1.56E-06,,0.018786749,7.77E-07,,-0.687704999,0.104419675,0.08765403
SL18-UCONN-S158-MG3,male,0.000535785,1.56E-06,,0.018786749,7.77E-07,,-0.687704999,0.104419675,0.08765403
SL18-UCONN-S158-MG2,male,0.000535785,1.56E-06,,0.018786749,7.77E-07,,-0.687704999,0.104419675,0.08765403
SL18-PI-1-MG11,male,-0.014920965,0.001902844,,0.018053136,0.002189785,,-0.035254064,0.09330755,-0.041977037
SL18-OI-17-MG1,male,0.111069369,0.003207355,16,0.013395148,7.18E-08,,-0.055664757,0.045942799,-0.032990884
SL18-UCONN-S142-MG3,male,0.038940759,9.71E-06,,0.011162754,1.50E-06,,-0.365897497,0.097287667,-0.003826557
SL18-UCONN-S142-MG1,male,0.038940759,9.71E-06,,0.011162754,1.50E-06,,-0.365897497,0.097287667,-0.003826557
SL18-UCONN-S142-MG4,male,0.038940759,9.71E-06,,0.011162754,1.50E-06,,-0.365897497,0.097287667,-0.003826557
SL18-UCONN-S142-MG5,male,0.038940759,9.71E-06,,0.011162754,1.50E-06,,-0.365897497,0.097287667,-0.003826557
SL18-UCONN-S142-MG2,male,0.038940759,9.71E-06,,0.011162754,1.50E-06,,-0.365897497,0.097287667,-0.003826557
SA18-CB-2-MG1,male,0.032953253,0.001228391,,0.010518873,4.41E-08,,-0.037876054,-0.103785723,0.06241991
SL18-LD-2-MG4,male,0.035418984,0.001525005,,0.009514846,0.002226268,,0.134945586,-0.068113521,0.425708811
SL18-UCONN-S2-MG3,male,0.098157131,1.16E-06,24,0.008377874,3.98E-08,,-0.122513894,-0.112394397,0.028467716
SL18-UCONN-S2-MG1,male,0.098157131,1.16E-06,25,0.008377874,3.98E-08,,-0.122513894,-0.112394397,0.028467716
SL18-UCONN-S2-MG2,male,0.098157131,1.16E-06,26,0.008377874,3.98E-08,,-0.122513894,-0.112394397,0.028467716
SL18-PI-1-MG1,male,-0.006171138,0.00227251,,0.008303988,0.001570802,,0.085278242,0.0860354,-0.079343711
SL18-CC-3-MG1,male,-0.007263566,7.51E-08,,0.008187879,2.02E-08,,0.072701783,-0.118152409,0.064395696
SL18-CC-4-MG4,male,-0.011855744,0.000509982,,0.00623595,1.95E-05,,0.099998968,0.0425733,-0.052956198
SL18-CC-9-MG3,male,-0.046257642,1.66E-06,,0.005717168,1.84E-06,,0.245128315,0.040773825,-0.078634237
SL18-NL-6-MG2,male,-0.073134151,0.002893536,,0.003508455,0.003150799,,0.056635047,0.083410722,-0.166037654
SL18-CC-6-MG2,male,-0.042276992,0.001709519,,0.003175472,0.002848296,,0.365911629,0.172513571,-0.026328162
SL18-NL-6-MG3,male,-0.071732576,0.00058457,,0.002441185,0.000657213,,0.130231732,0.082570552,-0.212913354
SL18-LD-10-MG1,male,-0.03379868,0.001071043,,0.002251934,0.003366949,,0.076081113,0.050725382,0.12691416
SA18-CB-4-MG3,male,-0.005247115,1.10E-07,,0.001716002,3.18E-08,,0.688443843,0.118763085,-0.328899962
SL18-CB-3-MG2,male,4.41E-16,0.000872487,,6.71E-16,0.000612129,,8.93E-16,2.25E-15,3.64E-16
SL18-CB-4-MG2,male,1.44E-16,0.000872487,,5.07E-16,0.000612129,,1.23E-15,1.31E-15,4.45E-16
SL18-TI-6-MG1,male,3.27E-16,0.000654494,,3.05E-16,0.000459144,,7.14E-16,7.37E-16,6.86E-16
SL18-CB-2-MG1,male,6.52E-17,0.001308504,,2.12E-16,0.000918116,,7.50E-16,9.90E-16,-6.22E-17
SL18-TI-6-MG3,male,1.70E-17,0.000654494,,-9.63E-17,0.000459144,,-2.35E-16,9.35E-18,-8.41E-16
SL18-CB-7-MG1,male,-2.70E-16,0.000872487,,-1.09E-16,0.000612129,,-7.98E-16,-6.28E-16,1.32E-16
SL18-OD-1-MG4,male,-2.77E-17,0.001308504,,-2.52E-16,0.000918116,,9.04E-16,-1.01E-15,2.88E-16
SL18-CB-3-MG1,male,-1.47E-16,0.000872487,,-2.89E-16,0.000612129,,-2.05E-16,-8.28E-16,-2.19E-16
SL19-LR-2-MG2,male,-4.96E-16,0.000617077,,-3.08E-16,0.000245871,,-1.01E-15,-1.09E-15,-1.99E-17
SL18-CB-4-MG3,male,-1.06E-16,0.000872487,,-3.20E-16,0.000612129,,-8.35E-16,-8.27E-16,-3.99E-16
SL18-CB-10-MG3,male,-2.01E-16,0.001308504,,-4.83E-16,0.000918116,,-9.81E-16,-1.62E-15,-1.79E-17
SL18-TI-6-MG2,male,-1.16E-16,0.000654494,,-5.29E-16,0.000459144,,-7.92E-16,-1.88E-15,-3.25E-16
SL18-CB-7-MG3,male,-3.69E-16,0.000872487,,-6.42E-16,0.000612129,,-1.02E-15,-1.62E-15,-3.83E-17
SL18-FW-12-MG11,male,-0.03269656,0.001230627,,-6.33E-05,0.000760436,,0.081505065,0.069896864,-0.102412691
SL18-JS-19-MG1,male,0.052385084,0.008492247,,-0.002158229,0.008717949,,0.40782457,0.087702097,0.042295902
SL18-CC-1-MG11,male,-0.037224027,3.82E-07,,-0.002861688,4.81E-08,,0.645536317,0.019983217,0.048071203
SA18-CB-3-MG2,male,0.103039017,0.002563391,22,-0.005098718,2.02E-08,,0.148026041,-0.155585256,-0.49706899
SL18-LD-9-MG1,male,0.010148592,0.006584828,,-0.012709327,0.008419868,,-0.200246718,-0.141849873,0.270169218
SL18-OI-11-MG2,male,0.011595275,0.001871599,,-0.012997691,0.000537764,,-0.060017643,-0.114338576,0.031078014
SL18-NC-15-MG4,male,-0.118856159,3.75E-07,,-0.017798008,0.000500496,,0.441058372,0.006385437,-0.112929312
SL18-NC-15-MG2,male,-0.12192708,2.94E-07,,-0.01879272,4.28E-07,,0.455898972,0.008336174,-0.103732123
SL18-NL-6-MG1,male,-0.075963674,1.32E-06,,-0.019871337,1.59E-07,,-0.228541904,-0.011786558,-0.241294276
SL18-LD-13-MG3,male,-0.094716908,0.001667655,,-0.020788221,0.00462519,,-0.406037076,-0.047317765,0.111514366
SL18-CC-9-MG4,male,-0.07952207,0.000642426,,-0.021060837,0.001981931,,0.247201622,-0.059857449,-0.080941945
SA18-CB-1-MG12,male,-0.125608923,7.05E-08,,-0.021916481,4.04E-08,,-1.035271841,-0.12208748,-0.054964234
SL18-LL-9-MG3,male,-0.005319773,6.79E-06,,-0.023805485,0.001085913,,0.207964796,-0.17283131,0.236006291
SL18-OI-18-MG4,male,0.021699347,7.62E-05,,-0.024843384,3.51E-07,,-0.582826627,-0.132665631,0.274024017
SL18-OI-11-MG4,male,0.005624794,3.73E-07,,-0.025233476,9.70E-08,,-0.409111537,-0.036753648,0.183324511
SL18-UCONN-S57-MG1,male,-0.027712093,2.13E-07,,-0.025385382,5.74E-08,,0.471205729,0.051622565,-0.287768986
SL18-UCONN-S57-MG3,male,-0.027712093,2.13E-07,,-0.025385382,5.74E-08,,0.471205729,0.051622565,-0.287768986
SL18-UCONN-S57-MG2,male,-0.027712093,2.13E-07,,-0.025385382,5.74E-08,,0.471205729,0.051622565,-0.287768986
SL18-LD-3-MG2,male,-0.036106897,0.001824972,,-0.028310678,0.004396415,,0.327091421,-0.136858184,0.149674585
SL18-OD-10-MG3,male,-0.005976378,0.002803241,,-0.028549531,0.003191683,,0.003019887,-0.08034961,0.008276973
SL18-NL-5-MG2,male,-0.063447756,0.002083178,,-0.029051383,0.004109255,,0.170432706,-0.254377293,-0.115141569
SL18-NC-15-MG1,male,-0.234101131,8.17E-08,,-0.029117826,0.002533769,,0.677771915,0.03544718,-0.136565744
SL18-JS-5-MG3,male,-0.093121886,0.004002448,,-0.033309759,0.007715339,,-0.100698186,-0.066983289,-0.254930397
SL18-LD-2-MG3,male,0.034884856,0.001159633,,-0.040400997,2.33E-07,,0.039106957,-0.307451581,0.459430858
SL18-LD-2-MG1,male,0.001686317,0.001498492,,-0.040517756,9.04E-05,,-0.112317142,-0.347952195,0.546704845
SL18-LD-3-MG6,male,-0.017994191,0.000919877,,-0.040930444,0.00059558,,0.114095005,-0.186781593,0.144805483
SL18-SF-13-MG3,male,-0.009616729,7.31E-07,,-0.045321429,3.65E-08,,0.029406496,-0.26102321,0.397166814
SL18-OD-3-MG2,male,-0.037982876,0.002069689,,-0.048205725,0.001202257,,0.085366351,-0.117592298,0.013249187
SA18-CB-4-MG1,male,-0.027230105,9.27E-08,,-0.049779109,1.98E-08,,0.116043227,-0.115741099,-0.305065055
SL18-NL-5-MG5,male,-0.044124143,0.00066699,,-0.049840306,0.000416881,,0.079719663,-0.272192865,-0.040267958
SL18-NL-5-MG3,male,-0.044124143,0.00066699,,-0.049840306,0.000416881,,0.079719663,-0.272192865,-0.040267958
SL18-NC-9-MG1,male,-0.062197093,7.66E-07,,-0.050129277,0.001032091,,0.333322141,-0.047656074,0.178164038
SL18-NC-9-MG3,male,-0.040535281,0.000717694,,-0.052100474,0.000799202,,0.187862688,-0.077189892,0.092821731
SL18-LD-13-MG2,male,-0.155337025,3.37E-07,,-0.054861196,0.003268421,,-0.790388988,-0.259951007,0.170812971
SL18-CC-4-MG11,male,-0.077498843,3.75E-07,,-0.055672603,5.88E-08,,0.042234047,-0.142362054,-0.072316267
SL18-NL-2-MG3,male,-0.130226595,1.72E-06,,-0.057856422,0.00279606,,0.024697385,-0.152190735,-0.069314122
SL18-CC-6-MG11,male,-0.052071689,0.001334135,,-0.058401488,1.33E-07,,0.37722435,-0.047810523,-0.141711247
SL18-CC-8-MG3,male,-0.135010476,1.11E-07,,-0.060453253,2.89E-08,,-0.145192174,-0.114663166,-0.137207635
SL18-OI-9-MG2,male,-0.016903279,2.31E-06,,-0.062456455,2.53E-08,,-0.636468312,-0.268836145,0.133969573
SL18-NC-9-MG2,male,-0.04927315,0.005264812,,-0.064229688,0.004436249,,0.274371599,-0.02888479,0.093904234
SL18-OI-18-MG3,male,0.021699304,7.62E-05,,-0.066377354,4.47E-08,,-0.582826024,-0.172417728,0.331072563
SL18-OI-4-MG1,male,0.062651532,1.59E-06,50,-0.066909581,2.20E-08,,-0.012798008,-0.235889945,0.316050447
SL18-LD-1-MG3,male,0.04435247,0.003045373,,-0.067042489,0.000311928,,-0.172271894,-0.371042465,0.337605226
SL18-LD-9-MG2,male,-0.024652818,0.001909005,,-0.067289573,0.001251225,,-0.249948393,-0.300799379,0.184990542
SL18-OI-18-MG1,male,0.012044009,0.000943437,,-0.069328801,7.14E-08,,-0.563550389,-0.340089243,0.369387488
SL18-LL-9-MG2,male,-0.001450457,6.20E-07,,-0.070143,4.07E-08,,-0.280829335,-0.164399863,-0.140411703
SL18-JS-16-MG1,male,-0.143866426,3.79E-07,,-0.070666886,0.002739165,,0.126949411,-0.068988438,-0.04728896
SL18-CC-1-MG2,male,-0.088326933,1.13E-07,,-0.071435672,1.64E-08,,0.732429227,-0.224905887,0.020829374
SL18-NL-9-MG2,male,-0.075176382,0.001153733,,-0.072253241,0.00110913,,0.067700477,-0.184887869,-0.285339119
SL18-OD-5-MG1,male,-0.077327683,0.000969957,,-0.072419933,0.001034511,,-0.183062049,-0.200103526,-0.074925585
SL18-OI-16-MG2,male,-0.031102072,0.001020045,,-0.072866498,1.76E-07,,-0.046554942,-0.237355376,0.218524211
SL18-SF-19-MG1,male,-0.108824268,1.08E-07,,-0.074885111,7.11E-08,,0.12094664,-0.346135456,0.632412653
SA18-CB-5-MG3,male,-0.146698808,6.46E-08,,-0.074903237,2.18E-08,,-0.811538719,-0.464861549,0.11683586
SL18-NC-12-MG1,male,-0.095762493,0.001617118,,-0.075012929,0.002965125,,-0.03151561,-0.144524172,-0.042679697
SL18-NL-7-MG2,male,-0.05895841,0.003005549,,-0.075674048,0.003751481,,0.125736553,-0.351054454,0.172088834
SL18-NL-9-MG3,male,-0.071907783,0.001766196,,-0.078695108,0.001927558,,0.141736394,-0.177105411,-0.105162787
SL18-CC-8-MG2,male,-0.139823146,7.06E-08,,-0.083049488,1.77E-08,,-0.576788048,-0.20624242,-0.156098089
SL18-NC-11-MG3,male,-0.122844647,9.27E-07,,-0.083064404,0.000277982,,0.188735488,-0.207934633,-0.058217455
SL18-OI-16-MG1,male,-0.021494446,7.96E-06,,-0.083783204,5.20E-08,,-0.243261773,-0.085603238,0.095126783
SL18-LD-1-MG1,male,0.046558842,0.001910278,,-0.083843297,9.33E-08,,-0.214231666,-0.397572901,0.376469313
SL18-OD-3-MG1,male,-0.03199107,0.002331621,,-0.085002668,9.40E-07,,-0.049962778,-0.244417821,0.009487005
SL18-OI-11-MG3,male,0.086806778,0.000197046,36,-0.085105606,1.10E-08,,-0.028462301,-0.156645769,0.040466208
SL18-NL-5-MG1,male,-0.048075615,0.00200931,,-0.085179635,2.87E-07,,0.108739549,-0.470985413,-0.009592469
SL18-OD-5-MG2,male,-0.072049305,0.001174715,,-0.087267025,0.000305285,,-0.252695082,-0.264950148,-0.121178092
SL18-NL-2-MG2,male,-0.14110803,3.26E-06,,-0.08765311,0.000299574,,0.000057,-0.278305607,-0.114492391
SL18-NL-10-MG2,male,-0.064001736,0.001211057,,-0.087778368,2.89E-06,,0.132194949,-0.422116012,-0.045722466
SL18-JS-5-MG1,male,-0.113234223,0.00017047,,-0.091243613,2.11E-06,,0.12902058,-0.176229437,-0.283041914
SL18-OD-3-MG3,male,-0.053948918,0.001724016,,-0.092642476,0.001034013,,0.02152965,-0.263031202,-0.047554317
SL18-NL-3-MG1,male,-0.056154695,0.001861021,,-0.092707756,1.71E-07,,0.599566828,-0.266864645,-0.18291734
SL18-UCONN-S78-MG2,male,-0.116720276,9.22E-08,,-0.094536415,2.58E-08,,-0.032775351,-0.314247828,-0.204476731
SL18-UCONN-S78-MG3,male,-0.116720276,9.22E-08,,-0.094536415,2.58E-08,,-0.032775351,-0.314247828,-0.204476731
SL18-UCONN-S78-MG1,male,-0.116720276,9.22E-08,,-0.094536415,2.58E-08,,-0.032775351,-0.314247828,-0.204476731
SL18-OI-5-MG4,male,-0.026664731,1.83E-06,,-0.095488052,3.03E-08,,-0.70537909,-0.388406395,0.160434001
SL18-LD-5-MG1,male,-0.031164984,0.000614612,,-0.095924265,7.21E-08,,-0.129173703,-0.059537369,-0.110018504
SL18-OI-5-MG2,male,-0.029322635,0.000707623,,-0.096607582,3.83E-08,,-0.680157609,-0.387950722,0.161068877
SL18-OI-2-MG2,male,-0.007695766,0.001941374,,-0.098820241,9.91E-08,,-0.094548067,-0.197575642,0.273768503
SL18-NL-3-MG2,male,-0.083595566,0.001035757,,-0.101895104,4.73E-08,,0.638300295,-0.466419381,-0.078957326
SL18-LD-1-MG2,male,0.03599157,0.000681144,,-0.104488287,4.56E-08,,-0.167184276,-0.494317853,0.278464626
SL18-NC-11-MG2,male,-0.128617387,1.06E-06,,-0.106336852,1.52E-06,,0.09276372,-0.278513785,-0.078637173
SL18-NL-2-MG1,male,-0.225214199,9.50E-08,,-0.107075982,1.42E-07,,0.041024771,-0.323491699,-0.025061353
SL18-JS-11-MG3,male,-0.004132695,0.009731477,,-0.108144996,0.002141302,,-0.147226344,-0.36519425,-0.296141145
SL18-NL-7-MG1,male,-0.069173804,0.002531215,,-0.110342582,0.000474074,,0.097165167,-0.554738976,0.056923632
SL18-JS-16-MG2,male,-0.153525602,7.72E-07,,-0.115669903,8.55E-06,,0.152797031,-0.30659752,-0.051150782
SL18-NC-1-MG1,male,-0.07716332,0.002102045,,-0.116152668,1.96E-07,,0.111502914,-0.326745969,-0.123283274
SL18-OI-4-MG3,male,0.095341089,0.001210818,30,-0.120186295,1.06E-08,,0.030155657,-0.311697844,0.251758938
SL18-LL-9-MG1,male,-0.003422674,6.29E-07,,-0.121680562,1.88E-08,,-0.032127621,-0.549251766,0.128218306
SL18-NC-8-MG1,male,-0.164092899,2.02E-07,,-0.126777969,1.47E-07,,-0.285448631,-0.371632696,0.024966644
SL18-OI-5-MG3,male,-0.035459276,7.58E-07,,-0.131692034,1.86E-08,,-0.863982633,-0.513379576,0.168823993
SL18-JS-5-MG2,male,-0.191862733,1.33E-07,,-0.132851275,1.22E-07,,0.427211711,-0.157007992,-0.532207171
SL18-NL-9-MG1,male,-0.089967913,0.003505955,,-0.134027098,6.37E-08,,0.001984774,-0.564709129,-0.526969765
SL18-NC-10-MG3,male,-0.064775095,0.004381935,,-0.140689373,0.000944395,,0.210806651,-0.269369989,-0.628559239
SL18-NC-10-MG1,male,-0.09157226,0.001792437,,-0.141161219,7.92E-06,,-0.037226283,-0.337682456,-0.387670281
SL18-NC-12-MG3,male,-0.127314103,1.69E-07,,-0.143043847,3.64E-08,,-0.218987309,-0.366843668,-0.082004328
SL18-OI-16-MG3,male,-0.151348064,6.58E-08,,-0.155983372,1.75E-08,,0.316658201,-0.52200198,0.166160201
SL18-JS-9-MG4,male,-0.199950131,1.52E-07,,-0.181755722,4.11E-08,,0.014125508,-0.534929925,-0.139774045
SL18-NC-10-MG2,male,-0.089796715,9.92E-05,,-0.194716081,4.22E-08,,0.054806822,-0.383921118,-0.486038127
SL18-NC-5-MG1,male,-0.03409931,0.000913419,,-0.200190177,1.95E-08,,0.008041498,-0.823698939,-0.2094438
SL18-JS-19-MG2,male,-0.034162653,0.001404425,,-0.200326473,1.76E-08,,0.19752968,-0.452138494,-0.082280305
SL18-JS-9-MG1,male,-0.186407043,2.03E-07,,-0.203480704,3.15E-08,,0.037698966,-0.676540741,-0.11836644
SL18-JS-11-MG2,male,-0.162667038,1.09E-07,,-0.212819642,2.27E-08,,-0.514853062,-0.704106257,-0.249342658
SL18-NC-8-MG2,male,-0.293846001,4.58E-08,,-0.216600385,1.82E-08,,-0.58556931,-0.690589446,0.041600534
SL18-JS-9-MG3,male,-0.272680253,6.27E-08,,-0.219877321,2.20E-08,,0.164494418,-0.672441733,-0.130464923
SL18-JS-9-MG2,male,-0.219429141,2.02E-07,,-0.231827738,2.55E-08,,0.080462684,-0.608574157,-0.130015097
SL18-NC-5-MG3,male,-0.034099271,0.000913411,,-0.233838565,1.40E-08,,0.008041157,-0.862182803,-0.257203245