"","DWpM","WWpM","PDW","BD"
"SL18-OI-4",0.0185554261356828,0.0381078204347954,0.302365006334394,46.2896735418228
"SL18-OI-5",-0.0649896878309193,-0.245227699243602,0.507966083884729,-14.4845921532073
"SL18-OI-6",0.190309555463529,0.422010936984624,2.28069755605121,27.4216611503065
"SL18-OI-11",0.0246792006476142,0.106626598423591,-0.0494954389224561,0.157034857604924
"SL18-OI-15",0.0452823822608354,0.139853129275412,0.334098554763447,3.99920989618661
"SL18-OI-16",-0.0879079200562225,-0.247974314509123,0.436934254116755,-18.5338899874511
"SL18-OI-17",0.0378229136521035,0.122442875991159,-0.173817387558941,2.40677875049273
"SL18-OI-18",-0.0392101800753375,-0.104934993159793,0.365481068407748,-4.79010656836478
"SL18-LD-1",0.0105884350362354,0.0420741981471867,0.104783075465279,9.46315890470004
"SL18-LD-3",0.0138408243776341,0.0521766955177285,-0.209308503886329,17.8834299168125
"SL18-LD-4",0.0198220455890447,0.0576705840601029,-0.221467026468679,19.5573399497739
"SL18-LD-5",0.0111287709748664,0.0512803466638758,-0.140790339615456,18.5618691942195
"SL18-LD-9",0.00900388277632432,0.0883534706755441,-0.543100016104506,29.9807885935684
"SL18-LD-10",0.0206090164906728,0.0679113115663172,-0.281974768069573,17.3091475878557
"SL18-LD-13",-0.0605195839765611,-0.1838295345363,-0.211565397130482,5.29983864084725
"SL18-FW-2",0.0378406079764731,0.0871216184464316,0.170245093799994,7.40887491390233
"SL18-FI-1",0.0348289191662071,0.066909615486989,0.172472497197745,6.3507709973839
"SL18-FI-2",0.032178926753096,0.0643820928929162,0.141201221339179,7.96187784357096
"SL18-CC-1",-0.00109753701214285,0.0348387194942919,0.126572704558803,10.9789332807754
"SL18-CC-2",0.0715861719213463,0.245509638642606,-0.755819038679257,3.35125528290103
"SL18-CC-3",0.0748318171425333,0.19737296900118,0.166709373422797,3.55547140131662
"SL18-CC-4",-0.00546340213303072,-0.00426436852155242,-0.238284224071457,-15.999976372312
"SL18-CC-5",0.0659329427085013,0.270661831175311,-0.719806540464876,-3.55280037935101
"SL18-CC-6",-0.0356226121616931,-0.0202335435157109,-0.541939892483308,-24.6091652258831
"SL18-CC-7",0.0639289029960857,0.242899325414246,-0.494602900368332,12.5263037824535
"SL18-CC-8",-0.0462621802992379,-0.122474071895562,-0.486000412601225,-6.8239123030884
"SL18-CC-9",-0.00177887649570782,0.00827222159314067,-0.288770311001816,-2.4765299297101
"SL18-CC-12",0.125655837097609,0.411210026740659,-0.10564566811887,48.4994532685736
"SL18-FW-14",0.0357050008242986,0.074498725981369,0.253509829533533,4.83949382505201
"SL18-NC-2",0.0744630388840365,0.270235250525546,-0.12534365655158,10.8369299908161
"SL18-NC-1",-0.0708581947435828,-0.204494524524725,-0.195313997525399,-13.1716598178824
"SL18-NC-5",-0.13062398896584,-0.489560241777745,-0.608728069416708,-22.0190789036462
"SL18-JS-6",0.114095197344424,0.233681182672768,2.67777672775644,-19.9045450716664
"SL18-JS-5",-0.0792536139780218,-0.186612783663543,-0.931471742297584,-32.719556057241
"SL18-JS-9",-0.137120072314754,-0.391918161564623,-0.245976395942303,-28.9052672010973
"SL18-NC-8",-0.0940198266162481,-0.295877172421004,0.398300825427706,-32.5459448609733
"SL18-NC-10",-0.130781872166345,-0.337216321828249,-1.69686488280435,-8.77513069616986
"SL18-NC-9",-0.0425494664240506,-0.0784606530449776,0.742659918019601,-13.9690668406735
"SL18-NC-12",-0.0761036040955339,-0.149374255212129,-0.0255915466735764,-12.9817547146701
"SL18-NL-2",-0.0947479701851566,-0.283848586056543,0.0529883930063185,-27.7614917651075
"SL18-NL-3",-0.0623365899319444,-0.106229047883217,-0.792229456214041,-14.6739072297398
"SL18-NL-5",-0.0234371072077293,-0.106262619958923,0.165680745308086,-5.12509278812782
"SL18-NL-7",-0.063780466346711,-0.228503185783479,0.436556367947919,-11.0437405761442
"SL18-NL-6",-0.0243853466860094,-0.0835213780866996,0.0125858914578309,-7.94262226679957
"SL18-NL-9",-0.0515355912936106,-0.141247627393844,-0.133474698673023,-13.1266327305167
"SL18-NL-10",-0.0469370474143689,-0.154315417153797,0.093485842706777,-13.1979923964396
"SL18-JS-19",-0.0939227867549728,-0.231147718302932,0.163126601842101,-52.828302537831
"SL18-JS-16",-0.0851126042230097,-0.225647787392835,0.0985144799578074,-33.3143551664241
"SL18-JS-11",-0.0858695270924204,-0.292765305387547,-0.465471045767128,-4.63117148084978
"SL18-BL-10",0.0228874954306414,0.0448963060118434,0.105217078554681,5.38907901124141
"SL18-BL-11",0.0369543625743185,0.0771481047464126,0.168368109321017,5.99443418174438
"SL18-BL-12",0.0415750547712013,0.0956636578575958,0.290331540628392,7.21229296513144
"SL18-BL-13",0.033938453476686,0.0821010019268714,0.140519596204208,2.47539812264343
"SL18-BL-14",0.0335744151585126,0.0734769935844915,0.11308751961265,6.98058089217377
"SL18-BL-15",0.033854015104076,0.0695928209909697,0.178780885041902,8.51254422763479
"SL18-BL-16",0.0483178243513504,0.101631285545621,0.448149198741132,5.77209711646238
"SL18-CC-10",0.0535225276031425,0.170547570815191,0.027370216551437,0.519567137916662
"SL18-CC-11",0.139086743972033,0.497159272782981,-0.944546525546675,72.3431830914789
"SL18-SF-13",0.054102818801106,0.20995220275712,-0.23577999402536,16.9587045318861
"SL18-OI-2",-0.00648126188945669,0.0244574439573583,0.0151169565443768,10.8162606307932
"SL18-OI-14",0.0227240961118261,-0.00280530888357611,0.43475066239484,-36.2747327571818
"SL18-PI-1",0.00832327685334715,0.0149167519676525,0.0770128214627635,5.32829856489861
"SA18-CB-1",0.00880644071190875,-0.0373615189254916,0.325427956818941,-10.0785388671723
"SA18-CB-3",0.057608582414097,0.0642798166898583,-0.465435879936311,36.9972026941476
"SA18-CB-4",0.0424009518514283,0.0489514598611597,-0.378986911336419,-20.6802592815737
"SA18-CB-7",0.113063239633178,0.20791443075646,0.549884781826584,16.6749336709247
"SA18-CB-10",0.112157869357419,0.154971640474366,0.0245641656883832,-3.06006239633012
"SL18-NC-11",-0.0656871317850626,-0.129151179285332,-0.239926284407988,-7.03837711363766
"SL18-TI-1",0.0152954102801414,0.0346007325872576,0.144994439974063,4.62206437107033
"SL18-TI-2",0.0117161993014035,0.0248471607309659,0.126750295975381,3.21526851905981
"SL18-TI-3",0.0128907970480532,0.01636609662171,0.175119605918156,4.11857897945998
"SL18-TI-4",0.014833757765932,0.0232983807025157,0.147229135539536,4.19191408598622
"SL18-BL-17",0.0182340455750205,0.0408521551161791,0.217400308600468,5.01343875046433
"SL18-OD-3",-0.0503680137712683,-0.144639444195106,0.266737694202629,-13.9609904803528
"SL18-OD-5",-0.0661706377682121,-0.207075671735453,-0.144371074853757,-5.42364606701337
"SL18-OD-6",0.0314428510261144,0.12297440008292,0.428016088995437,-8.08656915026419
"SL18-OD-10",0.0198842194235437,0.0731719660117854,0.00426923320738273,1.2398357947252
"SA18-CB-2",0.0681590561041601,0.18812281692245,0.0695219204086601,-4.71531145277755
"SL18-NC-15",-0.0196871251063121,-0.0221869716105015,-0.22276989250263,67.1871819436725
"SL18-BL-18",0.010731914837813,0.033854808093156,0.0158201604533215,2.48492149827596
"SL18-FW-21",0.01882439836051,0.0457977818210953,0.139267894861001,4.17314847468614
"SL18-SF-17",0.0567352885608408,0.222539571002202,-0.137811285232502,16.4677837566031
"SL18-LL-9",-0.0239987675171848,-0.0655842537234976,-0.455268573220188,40.3187908494583
"SL18-LD-2",0.00324690454800942,0.0194224801557432,-0.061217921068395,12.7477884057028
"SL18-FW-12",0.00414340952361602,0.00262458750408692,-0.0174060031719554,0.902897867957787
"SL18-SF-19",-0.0282848903039076,-0.0764378909591165,-0.191904677373535,6.42018302385193
"SA18-CB-5",0.0116155964769606,-0.00197855837162151,0.0986411164953481,-26.5805837490955
"SL18-SF-15",0.0211489214610172,0.0945240853589397,0.0434189314547745,10.0567505662461
"SL18-SF-18",-0.0224877811956457,-0.0560354434171111,-0.130395929479985,6.35839786673143
"SA18-CB-9",0.0678018097253272,0.15952208615366,0.33261104338737,-0.119495872942567
"SL18-OI-7",0.0622185089782205,0.193942628915163,-0.229727701804758,-0.882805159320773
"SL18-OI-9",-0.0146555107793351,-0.100127950722549,0.701817208958765,-3.45737449598912
"SL18-TI-5",0.0173696756988042,0.0374851388550088,0.0615148898559347,2.04994720257861
"SL18-CB-2",0.0000000000000000404770315544754,0.000000000000000261159050018556,-0.000000000000000680600069926599,0.0000000000000211983946350336
"SL18-CB-3",0.0000000000000000559646085597503,0.0000000000000000333114944849283,0.000000000000000795962097658153,0.0000000000000150174915447981
"SL18-CB-4",-0.00000000000000018827003246167,-0.000000000000000538752525349293,-0.00000000000000110430897762555,-0.0000000000000269539241242434
"SL18-CB-7",0.000000000000000152597970178756,0.000000000000000638741047120565,-0.00000000000000166790832106735,-0.0000000000000143422225758406
"SL18-TI-6",-0.0000000000000000426317929725559,-0.000000000000000245595994239113,0.00000000000000101060777874929,-0.0000000000000480993259948551
"SL18-OD-1",-0.0000000000000000645357229707593,-0.000000000000000185961156394247,-0.000000000000000333834420838153,0.0000000000000188063198698094
"SL18-OD-4",0.000000000000000140694929655146,0.000000000000000248443185385165,0.00000000000000126154404591609,-0.0000000000000174550766761809
"SL19-LR-5",-0.000000000000000206792761058004,-0.000000000000000639794311212279,-0.00000000000000030303554498291,0.000000000000028673362831906
"SL19-LR-2",0.00000000000000010078863163134,0.000000000000000430034650782593,0.00000000000000000432567759478538,0.0000000000000863562283992291
"SL18-DB-6",0.0000000000000000716040957278457,0.000000000000000195852927248616,0.000000000000000529751955982681,0.00000000000000258261280380456
"SL18-CB-10",0.0000000000000000222932602702161,0.000000000000000105576780408835,-0.000000000000000159920461139378,0.0000000000000160858072087157
"SA18-CB-10-FG1",0.0537813190904933,0.0697214634570885,-0.0295388519242755,-1.8301105352519
"SL18-LD-10-FG1",0.0127442063951667,0.0240241522640755,-0.0468374757065608,4.36133339011966
"SL18-NL-6-FG1",0.00887483498095541,0.00517380983597588,0.0109473830815196,0.762110786925764
"SL18-LD-10-FG2",-0.00159734780191455,0.00926856424882693,-0.192276829245,7.12583859955678
"SL18-NL-9-FG2",-0.0181077458354315,-0.055974567137343,-0.126724349507419,-3.66651075560799
"SL18-OI-15-FG1",-0.00568289082873322,-0.021343881067884,-0.0583651753669294,-1.17127352359945
"SL18-OI-16-FG3",-0.0394260255405559,-0.111973344118052,0.0908450341390471,-8.20845306414321
"SL18-LD-13-FG2",-0.0735448807941486,-0.225497690424218,-0.00187146908088059,-5.90700072323079
"SL18-OI-17-FG1",-0.007209348642826,-0.0298184218257896,-0.167173099320593,-5.28028508186
"SL18-OI-18-FG1",-0.00816338653182311,-0.0266505965515099,0.087439106702735,-1.92202734437714
"SL18-OI-18-FG2",-0.0250155336752914,-0.0653691631207696,0.120305761006844,-2.4244544236023
"SL18-OI-2-FG2",0.0133336807647792,0.0581228651876848,0.0192001663243159,2.77501118168989
"SL18-LD-1-FG1",0.000325996336337506,0.00583161943633359,-0.00950454586119924,3.6850696083903
"SL18-OI-2-FG3",0.00748577575289166,0.0306928458403505,-0.0312608024868831,2.66368576464205
"SL18-OI-6-FG1",0.0885000986709099,0.192395452422459,1.01312474785258,14.0807262589649
"SL18-OI-9-FG1",-0.00755465096845163,-0.0483407843298576,0.289758128774863,-0.967397741387613
"SL18-SF-13-FG1",-0.0254205846718245,-0.052712850373163,-0.220535173074596,1.77542769188001
"SL18-LD-1-FG2",0.00852464366908601,0.010225668646869,0.0225987086212562,1.05570808209376
"SA18-CB-4-FG3",0.0234857750010704,0.0284990068521004,-0.245105899209499,-11.4938959602717
"SL18-LD-2-FG2",-0.0257324141517307,-0.0949682101272735,-0.260674492410639,5.7706295581864
"SL18-LD-3-FG1",-0.00066151060747653,0.0234053182043845,-0.270543777640271,9.60975771422182
"SL18-LD-3-FG2",0.0129253445982412,0.0187286587365744,0.00161988947184516,3.11603139660907
"SL18-LD-4-FG3",0.012564677487124,0.0219029451869398,-0.0308326057403564,5.33708155735539
"SA18-CB-7-FG1",0.0424136713260049,0.0736621527803761,0.268500067235894,2.8866474192124
"SL18-LD-9-FG2",-0.000328215047258799,0.0367206700617247,-0.352376379596884,15.8176839121018
"SL18-LD-9-FG3",0.0101553934170364,0.040372439525838,-0.176588019726871,10.5729746838465
"SL18-LL-9-FG3",-0.0122923982154874,-0.0212420147712658,-0.384529918720237,27.9302743868736
"SL18-NL-10-FG1",-0.0302422872895796,-0.0924437550750251,-0.0310472993248863,-7.04798135100894
"SL18-NL-2-FG1",-0.0274272605602793,-0.0854607504640403,-0.0682461280874414,-6.71508794852625
"SL18-NL-2-FG3",-0.0655000635069102,-0.209983077260608,-0.0668341760363418,-16.9690712099023
"SL18-NL-3-FG1",-0.0759826946322417,-0.169313438274137,-0.778192943394224,-8.59256735720023
"SL18-NL-3-FG3",0.0043172304498464,0.0761483278504431,-0.342472061841613,-9.66903325236834
"SL18-OI-11-FG3",0.0845698255618865,0.260702679176693,-0.393713692157637,3.16012362254125
"SL18-JS-16-FG3",-0.0770125877449938,-0.183126940143448,-0.237373032252923,-24.3660731985816
"SL18-CC-1-FG2",-0.0280040825086474,-0.0496654758704214,0.00618200692532782,1.85675627087615
"SL18-CC-5-FG2",0.0638906866051348,0.209317345489478,-0.0937025432713747,7.91168356934615
"SL18-CC-5-FG3",0.0408479733723979,0.213702698094699,-0.823878014122926,-8.56689110186829
"SL18-JS-16-FG1",-0.0522683129315362,-0.177187503184464,0.164953195529152,-13.5746653229405
"SL18-NC-12-FG2",-0.056851415735658,-0.0733122312743816,-0.1659906828132,-0.0675497682144763
"SL18-OD-5-FG1",-0.0596688295489082,-0.188527762475024,-0.107081897451223,-0.848307268555884
"SA18-CB-9-FG1",0.0678018062775926,0.159522005958762,0.33261121917507,-0.119491499622402
"SL18-CC-5-FG1",0.0218609411983377,0.104726288273237,-0.591957967677053,-9.01054698856408
"SL18-CC-12-FG3",0.0515484273222059,0.173358188585973,0.0466406912384757,32.0064471779029
"SL18-SF-17-FG2",0.0497745623014543,0.196323906583199,-0.160313143046935,8.25748575738391
"SL18-JS-5-FG1",-0.0956733482102673,-0.252503467403602,-0.901047455914031,-33.902519684501
"SA18-CB-2-FG3",0.0502916145587974,0.159764733829978,0.0113912332656321,-4.18964982866916
"SL18-CC-3-FG1",0.0435078470537502,0.120603074473552,0.127136180814039,8.14394173054767
"SL18-NC-10-FG1",-0.0840199694736994,-0.278567502993559,-0.603096599251015,-9.07617776610582
"SL18-OI-17-FG4",0.0667799950593568,0.211439059485266,-0.354298778910372,8.23605715585851
"SL18-CC-3-FG2",0.0762418597913926,0.195783180461671,0.162508418056309,13.6336374087401
"SL18-CC-1-FG1",0.000332282750888359,0.0501389192673864,0.161785534394582,34.7649725123916
"SL18-OI-6-FG2",0.183145953551009,0.41440509365067,1.15406426182473,21.4563325025402
"SL18-CC-12-FG2",0.13049674991793,0.424384818271331,-0.179869748609228,42.9246732243867
"SL18-NC-10-FG3",-0.10068022977682,-0.253802375383378,-1.91735975930971,-5.43384475701391
"SL18-CC-8-FG1",-0.0934513774967493,-0.252110758822412,-0.350489001321014,-19.455449776151
"SL18-NC-5-FG2",-0.0939135206533429,-0.346012881953569,-0.469622870311267,-16.1809852604896
"SL18-CC-6-FG3",-0.0623463052454692,-0.124461293173947,-0.249829464773507,-26.8759525280289
"SL18-NL-7-FG4",-0.0448138555559779,-0.173322918762035,0.124828969884059,-3.23990291516797
"SL18-CC-3-FG3",0.0500767731667802,0.145963247266849,0.0630864075205278,-3.6903445847991
"SL18-JS-19-FG3",-0.0760348563462914,-0.213477219203663,-0.0784149395374587,-34.6681399934542
"SL18-NC-15-FG3",-0.0415483376236852,-0.110617338537564,-0.279150438966395,17.6308020093076
"SL18-LL-9-FG2",-0.0421126437749687,-0.157408950678293,-0.266309560896741,-0.249166975021613
"SA18-CB-4-FG6",0.0536629668065054,0.118511140352977,-0.282154825858035,-13.1408702305138
"SL18-JS-9-FG3",-0.0929378463699756,-0.252733032932384,-0.387960777007973,-12.6986328507083
"SL18-SF-13-FG2",0.0992632478914665,0.339184527161698,-0.32570316609603,19.4680200578035
"SL18-JS-19-FG2",-0.0773579633026874,-0.182847825204724,0.0678276955834782,-38.4310680071844
"SL18-NL-5-FG1",-0.0134448013624612,-0.0646460519504362,0.110029899593493,-3.27975853646228
"SL18-NC-8-FG1",-0.0458835206210402,-0.148448392407623,0.505221567351893,-20.9230245152984
"SL18-SF-19-MG2",0.0132805745414392,0.05840999088842,-0.113285531895903,4.80222289583886
"SL18-OI-4-MG1",-0.0243051322191686,-0.062652187585302,0.117384841572576,19.3890023631816
"SL18-OI-11-MG2",-0.00894550652784664,-0.0161493258399164,0.0179807424736684,-4.23483889998685
"SL18-OI-14-MG2",0.00699718538376499,-0.0163698924532885,0.446967888273812,-27.8104150380852
"SL18-OI-15-MG1",0.0272321321323234,0.0822890867749941,0.207611149836112,1.15895466505309
"SL18-OI-16-MG1",-0.0753547611175827,-0.168363193706204,0.15142290359985,-11.1256173083152
"SL18-SF-17-MG1",0.0282228432031615,0.105059400817902,-0.103672064940787,9.84826669250631
"SA18-CB-7-MG2",0.0853980712335104,0.155114055020028,0.258992307821346,33.2815565127637
"SL18-NL-3-MG2",-0.0377168402634293,-0.053147241528173,-0.415773775611451,-9.83336246705998
"SA18-CB-7-MG1",0.0467193626861678,0.0783342594039003,0.441708362453433,-6.68189637294904
"SL18-SF-19-MG1",-0.0557075465275292,-0.173066108597377,-0.174568456006882,4.82808848678374
"SL18-SF-15-MG2",0.0164998696521789,0.0740837089432533,0.0296358509531347,7.84023339777693
"SA18-CB-2-MG3",0.0519602430742833,0.138888164746038,0.0799889706656224,-5.34639962191663
"SL18-NL-5-MG1",-0.0141096886702126,-0.0575400374813332,0.112261613665393,-5.22488536430004
"SL18-SF-15-MG1",0.0152240399717424,0.0677035110444672,0.0354964694030614,7.24496434953712
"SA18-CB-4-MG3",-0.000988100006826107,-0.00736372747412899,-0.409960769744725,-17.8332787349911
"SA18-CB-5-MG3",-0.0165517779489414,-0.0915738842848065,-0.0245127280780173,-22.463042608097
"SL18-LD-13-MG2",-0.0491613567729312,-0.159297881047998,-0.209713434564244,7.62841660499098
"SL18-LD-3-MG2",0.00683287327877768,0.0399241497112874,-0.0775107953370551,10.154021289778
"SL18-NL-6-MG1",-0.0158111259930897,-0.0325343763580605,-0.0811655380734329,-4.22866337458199
"SL18-SF-17-MG2",0.0341205641559262,0.132690671997898,-0.0368163774059201,12.1706198080174
"SL18-OI-9-MG3",-0.00313078618775976,-0.0403915255049196,0.451384054076857,-3.20145479400026
"SL18-LD-9-MG1",0.00556842653666531,0.0722275055421688,-0.263471044683759,19.0241268051575
"SL18-NL-2-MG2",-0.0465968388624428,-0.130985618333953,0.039970612580211,-14.1544004335802
"SL18-LD-2-MG3",0.00869468585163442,0.043220733459668,-0.0278092449308798,10.8755156437647
"SL18-OI-7-MG1",0.0226945341545331,0.0785265028595993,-0.249603203037129,-7.23390351959473
"SL18-LD-2-MG1",0.00436210304812671,0.0267467855005272,-0.0310259834126879,8.66108462075549
"SA18-CB-1-MG2",0.00641589420931882,-0.012323314330795,0.109284851289958,-3.15511394888037
"SL18-NL-9-MG1",-0.0313122967933554,-0.0815855818078108,-0.0831043240427082,-10.0104738784144
"SA18-CB-2-MG1",0.0337094294765986,0.0855588820605687,0.0462133261549319,-0.654777757596888
"SA18-CB-4-MG1",-0.00632459834708723,-0.0676195049965124,-0.148441115481379,-14.8749399169941
"SL18-OI-18-MG1",-0.0321220773056569,-0.0796269648687301,0.196287716743915,-3.54065668192606
"SL18-LL-9-MG3",-0.00423788551254223,0.0141558171142726,-0.179564980924358,20.3909931265968
"SA18-CB-10-MG1",0.0874882741710329,0.128179367569096,-0.0453572357500473,-7.14156851309602
"SA18-CB-3-MG3",0.070360567604582,0.132698408524211,-0.131359580025102,50.8642689964453
"SL18-NL-10-MG2",-0.030981749714538,-0.0918201957371723,0.0781717654079113,-7.69732436310841
"SL18-NL-2-MG3",-0.0450898762720734,-0.130748680400136,0.0580970135445577,-14.1856457607033
"SL18-SF-13-MG3",-0.0218845220082567,-0.0396056246936777,-0.0666915824637207,7.75193263538126
"SL18-OI-6-MG2",0.0975333754419249,0.254284880781979,1.0468249863703,20.6864453780747
"SL18-OI-15-MG2",0.0793206939443275,0.233160600941179,0.248629167287922,0.917081304838602
"SL18-SF-17-MG3",0.0297202554396508,0.122274992316493,-0.043725658279545,10.8931221569536
"SL18-NL-7-MG1",-0.0381015615382423,-0.127712148496983,0.21409416839514,-6.37966679589423
"SL18-SF-13-MG1",0.0550215195646956,0.190932657409851,-0.0473306020543522,10.9325153458059
"SA18-CB-2-MG2",0.034436533301663,0.0860954885682093,0.0362140986183778,-1.59734784506589
"SL18-NL-2-MG1",-0.0738120894352269,-0.197224950967439,0.119266239616886,-18.8454534928692
"SL18-CC-1-MG3",0.0411378318889826,0.157230244724415,0.0713839030334763,-4.76803148312538
"SL18-NC-10-MG3",-0.0625046132250404,-0.128124000707656,-1.15800089233641,-4.59085594864663
"SA18-CB-7-MG3",0.100619886732053,0.201425822896323,0.440238547891156,12.6114648024174
"SL18-OI-14-MG1",0.0270894457853649,0.0121627976144923,0.20516276663573,-26.6016813693379
"SL18-CC-3-MG1",0.0147149669986703,0.0286358166625635,0.0412819135548584,-9.45422198675424
"SL18-CC-4-MG11",-0.0260543996190505,-0.0618394292806564,-0.205314315923336,-19.9071550993013
"SL18-JS-5-MG3",-0.0138539286406856,-0.0194985812249037,-0.29102454678151,-15.3585968339813
"SL18-JS-9-MG1",-0.0784374986680681,-0.246085649501359,-0.0519097450270339,-19.9813053092699
"SL18-NC-1-MG1",-0.051086196250749,-0.129067988614599,-0.178717270931196,-9.51374850156428
"SA18-CB-1-MG12",-0.0189400755164671,-0.105744532610529,0.100909379694365,-10.2688772363634
"SL18-JS-5-MG2",-0.0549680867328244,-0.0789039932413208,-1.00692802916764,-12.6326966073621
"SA18-CB-10-MG3",0.0830478905864143,0.112045920105379,0.124033381681185,2.85175401580626
"SL18-JS-6-MG3",0.114839199422814,0.293190189745647,1.28835051976918,-6.98888674141186
"SL18-LD-2-MG2",0.0255218417702265,0.0774853584637684,0.294502575165075,13.231788644813
"SL18-JS-6-MG2",0.100359846492525,0.255449239133406,1.24799652885868,-6.14298617937706
"SL18-OI-2-MG2",-0.0337809515920089,-0.0398986822479131,0.0423003334662819,16.1939440219168
"SL18-JS-19-MG2",-0.0714389885156097,-0.157694518292481,0.0294009862151463,-31.4433893700522
"SL18-OD-6-MG2",0.00382324265431516,0.021871916064647,0.372046902984265,-3.34041995229758
"SL18-NC-15-MG1",-0.00974752913350562,0.0056442879402434,-0.152389991557134,35.8973326663299
"SA18-CB-4-MG2",0.0573676672780434,0.0748290226809424,-0.0512905559754491,-4.69763008136858
"SL18-OD-6-MG1",0.0288530370340671,0.107984296144584,0.203870259386174,-2.80825613558045
"SA18-CB-1-MG13",0.0301384066228414,0.0433477166794786,0.440671270339138,-6.7329182539378
"SL18-OI-4-MG3",-0.0398702085126648,-0.0975343242238583,-0.0991072484702509,24.368161108804
"SL18-NL-5-MG2",-0.0113193929805796,-0.0519989976513018,0.00693068676415365,3.1940381876619
"SL18-NC-9-MG2",-0.0222686740939146,-0.0120680122648232,0.360197384364763,-6.04259690874032
"SL18-OI-11-MG4",-0.0151695669640215,-0.0164844921081638,0.0805499020629847,-4.23181189953027
"SL18-NC-2-MG1",0.0589536465295903,0.208335898195737,-0.0758308308817202,10.5127129080937
"SL18-JS-11-MG3",-0.0478776676984652,-0.165194489662466,-0.433696072942703,-0.0468790787926079
"SL18-JS-9-MG2",-0.0905052731403947,-0.220096699005594,-0.0962804026689652,-19.9675273234922
"SL18-JS-19-MG1",-0.00472000030821874,0.0173670562420385,0.316186844217227,-26.112922893735
"SL18-OD-3-MG1",-0.0407571835672752,-0.131147554735118,0.293609827589279,-11.8897440588322
"SA18-CB-3-MG1",0.0439260967079324,0.0655719153423691,0.127232989617257,11.3518976842432
"SL18-OD-6-MG3",0.0302109427602095,0.11609582013487,0.280125114871287,-10.0243299517562
"SA18-CB-3-MG2",0.000932112318576098,-0.0697074067594977,-0.926732423437878,11.7783562099689
"SL18-NC-12-MG1",-0.0319270420589164,-0.0487907158681803,0.111616687257722,-9.89146176697411
"SL18-JS-11-MG2",-0.0797497404478841,-0.269006708527626,-0.350425396130814,-1.96155312709062
"SL18-CC-6-MG2",-0.00404111126575604,0.0568109320779319,-0.118843907945615,-19.4501206797528
"SL18-OI-17-MG1",0.0085223145415001,0.0556646070192402,-0.00157399447120617,-0.341492094961417
"SL18-CC-7-MG1",0.0481868430780924,0.194785334319566,-0.398659441036233,10.4326360850926
"SL18-JS-6-MG1",0.0505979181477466,0.0297418895444064,3.10013833873683,-22.0048385523636
"SL18-LD-13-MG3",-0.0262937239102611,-0.0498343849222757,-0.21959474150453,-0.240663301079232
"SL18-OI-16-MG2",-0.0465162486435175,-0.12949971873225,0.454307643961324,-6.36664651800847
"SL18-LL-9-MG4",0.0431377507844593,0.155531311522449,-0.282371661572934,55.4843944634568
"SL18-NL-7-MG2",-0.0326532454573557,-0.113345815672952,0.58048543889687,-10.0732669057607
"SL18-NC-11-MG2",-0.0400004254743932,-0.0708602478445972,-0.193629759220966,0.664126215923268
"SL18-LD-1-MG1",0.0000588703324091652,0.0258415096662961,0.20060439091543,1.31607685510532
"SL18-OI-11-FG1",0.0123386061135766,0.0533111969743764,-0.0247537241802001,0.0783858541145332
"SL18-OI-17-FG2",0.0189105472494806,0.0612197689722602,-0.0869149458811718,1.20327549353967
"SL18-OI-18-FG3",-0.0196055041744273,-0.0524680990910419,0.182737057172374,-2.39509359498251
"SL18-OI-18-FG5",-0.0196057989389686,-0.0524686902752963,0.182735003963302,-2.39513731521997
"SL18-OI-18-FG6",-0.0196055174008291,-0.0524681456796423,0.182736969700757,-2.39510875779332
"SL18-OI-7-FG3",0.0311090329431341,0.0969708451035462,-0.114865173810585,-0.441420837977707
"SL18-SF-17-FG1",0.0283676588221883,0.111269744923489,-0.0689053579384192,8.23388445474253
"SL18-SF-17-FG3",0.0283670673553517,0.111268504757558,-0.0689089751265991,8.23380747962449
"SA18-CB-10-FG2",0.0560787674585508,0.0774855117005827,0.012281184415609,-1.5300438188625
"SL18-LD-1-FG3",0.00529265643170397,0.0210340136125263,0.052382942769195,4.73132927346223
"SL18-LD-4-FG1",0.00991012616157661,0.0288335065012298,-0.110737464916098,9.77848180928854
"SL18-LD-4-FG2",0.00991013540994217,0.0288334875569594,-0.110737152081294,9.77848206364052
"SL18-LD-5-FG1",0.00556346016571733,0.0256383952905437,-0.0703995990829663,9.28081194556153
"SL18-NL-10-FG3",-0.0234692782826354,-0.077158903945753,0.0467377907887475,-6.59904279362889
"SL18-NL-3-FG2",-0.0311691928297421,-0.0531160757281969,-0.396120101620676,-7.33704522735206
"SL18-OI-5-FG5",-0.060587959484712,-0.220645646010685,0.473727665033503,-10.8488659091537
"SL18-NC-11-FG1",-0.0540145274256878,-0.11134212247729,-0.147671095221587,-9.36118647912156
"SL18-CC-11-FG3",0.115936602505862,0.400238198524526,-0.561282552514068,68.7372482206201
"SL18-CC-1-FG3",-0.0214768341185053,-0.0663820404387451,0.117622099339746,4.02956512264022
"SL18-OD-5-FG3",-0.0386764628727766,-0.124701313015831,-0.0567668216832839,-2.91908817478488
"SL18-LL-9-FG6",-0.0521889813524014,-0.167621827554101,-0.351129045907168,24.4892892894877
"SL18-OI-15-FG2",0.0324919352115954,0.11903847386632,0.28718304432828,4.29579864399989
"SA18-CB-5-FG4",0.00946749911175311,0.0175569141341161,0.179000038390939,-18.3326326231481
"SL18-OI-4-FG2",0.0793171798834941,0.200219058722516,0.396573552035045,55.888330100106
"SL18-CC-8-FG2",0.00932932440206833,0.021389877097752,-0.35384170820236,1.68339102285644
"SL18-OI-6-FG3",0.117451699235886,0.240012780107681,2.4145116062217,15.0048535934518
"SL18-CC-9-FG3",-0.0156453748142633,-0.0471168388431593,-0.110663901880077,-3.79845999001851
"SL18-NC-9-FG2",-0.0314703542184735,-0.0726675904800787,0.526733913946595,-5.78861021544573
"SL18-LD-9-FG4",0.00204324155986189,0.0569814065427811,-0.42741677156831,21.974625031717
"SL18-OI-9-FG4",0.00230253175605158,-0.0277221953104608,0.608159633514585,-1.28597521995605
"SL18-CC-6-FG2",-0.00854637925051775,0.0553824330628742,-0.614934358482178,-7.00523358188729
"SL18-NC-1-FG1",-0.0523676150109058,-0.157239926117479,-0.187125172292934,-8.10879361083543
"SA18-CB-5-FG6",0.0164411519349309,0.0460737925841901,0.140672498203897,-21.9710988225614
"SL18-CC-6-FG1",-0.0392420389304182,-0.118046475951594,-0.278869353757997,-13.0352446809727
"SL18-JS-5-FG2",-0.0535120336036846,-0.14383496360339,-0.43276157797609,-22.4542547162337
"SL18-CC-10-FG4",0.0472175345830529,0.143446942322967,0.178412224614759,-2.60949280548323
"SL18-NC-5-FG3",-0.0652567408618962,-0.230691317851788,-0.369362154217566,-4.62284391154029
"SL18-OI-16-FG2",-0.0525886156503088,-0.157259276890096,0.158889571275761,-9.07444772153169
"SL18-SF-13-MG2",0.0270509436862849,0.104975272928089,-0.117892371996871,8.47928883165211
"SL18-LD-10-MG1",0.0103035596353777,0.0339537434273423,-0.140990525176096,8.65437782426696
"SL18-LL-9-MG1",-0.0119995586273029,-0.0327924858795183,-0.227634999106074,20.1593412454168
"SL18-LD-1-MG2",0.0052928913031858,0.0210345142035076,0.052385258916067,4.73137938155777
"SL18-LD-5-MG1",0.0055636724450803,0.0256387987519549,-0.0703983219764018,9.28081274512986
"SL18-LL-9-MG2",-0.0120000232726627,-0.0327933310900586,-0.227637347502521,20.1592984469481
"SL18-NL-9-MG2",-0.0257684512138065,-0.0706246869907863,-0.0667416225768549,-6.56333841566115
"SL18-JS-16-MG1",-0.0268997429928342,-0.0490899420997228,0.132814379224739,-21.5389389699378
"SL18-CC-8-MG2",-0.036615078066118,-0.110633225052074,-0.266009115325898,-1.72689576380861
"SL18-OI-9-MG2",-0.0282551699593582,-0.133864086453087,0.405247294064024,-3.18852079096568
"SL18-LD-2-MG4",0.00569367084486333,0.0348632232696671,-0.0846588624976831,0.536380132244639
"SL18-NC-9-MG1",-0.020134627724324,-0.0274293341765914,0.601665918687951,-10.0364111671687
"SL18-NC-5-MG1",-0.0816786628198645,-0.323420666114863,-0.331869672599276,-14.1571381634589
"SL18-OI-16-MG3",-0.0717815012175764,-0.220783073727978,0.290327853224324,-24.1815894553807
"SL18-OI-15-MG3",0.0067923093775851,0.0275551154265091,0.188504080738271,4.6540260820024
"SL18-NC-2-MG3",0.0538704079118928,0.220547326260979,-0.277382288999645,14.0814170695941
"SL18-CC-11-MG5",0.0916693144820266,0.340094461012895,-0.775440593247315,45.7805225855456
"SL18-JS-9-MG3",-0.0833157101818973,-0.247211163843241,-0.089267349509163,-17.0127582415215
"SL18-NC-10-MG2",-0.0735380935844427,-0.155128362029919,-0.757040802891888,2.88089745159124
"SL18-OI-11-MG3",-0.0291930130304384,-0.0565675573215211,-0.0125544729074293,-0.830238921883622
"SL18-OI-18-MG3",-0.0347171212375987,-0.0719935722005129,0.352205486699651,-5.54210986574554
"SL18-NC-15-MG3",0.0119433098046692,0.0603432822883256,-0.043885060841474,80.6019215603532
"SL18-NC-5-MG3",-0.0875375443251054,-0.324983740653564,-0.487520940378381,-15.3940644188163
"SL18-NC-12-MG3",-0.0549898078297978,-0.129678794261989,-0.10226114497917,-8.01376084653919
"SL18-CC-1-MG2",-0.0228140511312191,-0.0575091001007893,-0.00507570492767502,-6.15980756541246
"SL18-CC-2-MG5",0.0608758205248956,0.204605650047723,-0.715371642902315,-0.188628857214974
"SL18-OI-7-MG3",0.0737618707839135,0.231703689644072,-0.105889895096772,4.22675994254717
"SL18-NC-8-MG2",-0.0799922208704712,-0.255535463627498,0.230177236415374,-23.2382980526788
"SL18-OI-5-MG3",-0.0463798739956049,-0.173142213536479,0.286960296542496,-13.3368242114787
"SL18-NC-2-MG2",0.0576883659405661,0.193292175553182,0.102056914430868,2.54928493279323
"SL18-FW-2-MG2",0.0217041225106664,0.0524523474262048,0.133337192182871,4.84444685217346
"SL18-PI-1-MG1",-0.00450847394796097,-0.00513520469151204,-0.0075747441346084,3.64384902761849
"SL18-PI-1-MG2",0.00380097636881133,0.0095439834663105,-0.00952628538708188,4.02587697960954
"SL18-PI-1-MG4",0.0179390117877158,0.0414736003401088,0.118261465538661,3.03434154851265
"SL18-CC-6-MG11",-0.021162850233673,-0.00780323829756489,-0.334689717109002,-13.8995563816828
"SL18-NL-3-MG1",-0.0457795648345393,-0.0961387155821409,-0.410326916417148,-7.00726173920375
"SL18-TI-1-MG2",0.0152976367529331,0.0346051371510705,0.145008144580436,4.62236218906093
"SL18-TI-2-MG3",0.011718577364498,0.0248518356756425,0.126764924920746,3.21557514254167
"SL18-TI-3-MG11",0.0121732604900052,0.0200067508969738,0.122375189256973,3.65369670222854
"SL18-TI-4-MG1",0.0194365367502603,0.0456744139651858,0.208717498407551,5.20960456070035
"SL18-TI-4-MG3",0.00820896961798792,0.0130172669303037,0.159307406377789,2.50886651340052
"SL18-BL-10-MG2",0.0154606952455289,0.036748614471616,0.136032911017498,4.36667236420067
"SL18-BL-11-MG4",0.0188742508737853,0.0465682048231711,0.0847424513937297,3.71523700778388
"SL18-BL-12-MG1",0.0257332761279353,0.0677506836613896,0.161659978967975,4.89388417038053
"SL18-BL-12-MG3",0.0282785209340842,0.0768560184952713,0.175571391696196,5.71656263430578
"SL18-BL-17-MG3",0.011444427356433,0.025987532629019,0.124739097290374,3.43759151989639
"SL18-OD-3-MG3",-0.0377905770433893,-0.10727584943755,0.0784519268685467,-6.94518382972208
"SL18-OD-5-MG2",-0.0324020514870134,-0.105106799798507,-0.12121934864494,-4.84974401451262
"SL18-OD-10-MG3",-0.0172805032412871,-0.0546359033398552,0.201988689168128,-8.28555763290499
"SL18-FW-14-FG2",0.0172198332019938,0.0347224404557001,0.14224638129321,0.1654171068163
"SL18-FW-14-FG11",0.0196200352903853,0.0462735449491719,0.107534828303788,2.45643212982004
"SL18-FW-14-FG12",0.0177950999444617,0.0426696775481433,0.14137139173956,2.63058083066191
"SL18-FI-1-FG3",0.00953006176766226,0.0112015758916868,-0.0143719767668998,2.1492556064185
"SL18-FI-1-FG13",0.0123958646153613,0.0205581518452162,0.0188847676986666,2.94778538827063
"SL18-PI-1-FG1",0.00416122703894988,0.00745757445777395,0.0385039772574123,2.66409980565505
"SL18-PI-1-FG3",0.00290981579410911,-0.00884153222431332,0.0168381706473353,1.311697217248
"SL18-JS-6-FG3",0.0366895842936774,0.0653065623539255,1.16819767543999,-10.3960024749928
"SL18-JS-9-FG2",-0.0685579270376618,-0.188754164569027,-0.176789563680606,-14.9545406069523
"SL18-NL-2-FG2",-0.0599317114537324,-0.169685711989815,-0.100522456394869,-15.4509535793677
"SL18-NL-6-FG2",-0.0264613167970422,-0.0722609348213315,-0.0679600370683339,-6.17375807487657
"SL18-NL-7-FG3",-0.0416538767038229,-0.13796044919857,0.246298307458963,-7.25196084524897
"SL18-TI-4-FG3",0.00115774567003906,-0.00417108023175874,-0.00602651082274441,0.363958177152978
"SL18-BL-18-FG10",0.00268898842940324,0.0102190755873792,-0.0652020826878602,1.53034763427783
"SL18-FW-21-MG1",0.00725781831546399,0.017554073772282,0.0747432913653179,1.48293244141463
"SL18-FI-2-FG11",0.0106355374372844,0.0208304165284587,-0.0697779208875934,3.48400859520777
"SL18-FI-2-FG12",0.00909091539681949,0.0229622878995131,0.0361048065129773,4.98092798068423
"SL18-LD-3-FG3",-0.00421662260167174,-0.00763814331512127,-0.131678327662967,6.49636614544955
"SL18-CC-7-MG2",0.0364100271904572,0.143125766178856,-0.216432091617484,4.82918545817065
"SL18-FI-1-MG2",0.0206136560365622,0.0485179463216203,0.0936238129165642,4.02570241791528
"SL18-JS-11-FG4",-0.04799296189608,-0.148756140249081,-0.277320962589684,-3.54220912295593
"SL18-FW-12-MG10",0.000334229742250666,-0.0048370773700094,-0.0398198257922963,-1.3790641098695
"SL18-BL-14-MG1",0.0129362752504789,0.0343068004484207,-0.00748214024362229,2.62017272194253
"SL18-FI-1-MG10",0.0205261027426655,0.0376180145727656,0.103982993694996,2.77919489664218
"SL18-LD-5-FG2",-0.0027387012904936,0.0175151101612075,-0.146869806732712,10.2273755695756
"SL18-FW-21-MG2",0.0209813430670216,0.0511477283104661,0.134173971101069,4.77712282131798
"SL18-LD-9-MG2",-0.00753502816389833,0.0227868712387326,-0.281435924739599,17.7240575617185
"SL18-BL-16-MG2",0.0256821380415024,0.0591081895702234,0.345767805628417,3.59003525487959
"SL18-FI-2-MG1",0.0167929957336463,0.0299376638651096,0.128221438220215,2.62633440345414
"SL18-FW-12-MG2",0.0209246716924642,0.050951099713173,0.134455076446532,4.73834948370235
"SL18-BL-17-MG2",0.0200485517268527,0.0544680184435529,0.218032128098032,3.63157530056601
"SL18-BL-18-MG3",0.0134110520069712,0.040567572784971,0.088944624417094,2.19731713954095
"SL18-OD-3-MG2",-0.0221864317631861,-0.0508517020233611,0.161425836915585,-9.08684413544715
"SA18-CB-5-FG1",0.0111817344937028,0.0115742994419185,0.0672141803283509,-7.28354896668157
"SA18-CB-7-FG3",0.0640410830260389,0.115211897909726,0.240227337210362,7.92730660081262
"SL18-JS-16-MG2",-0.0476383422567173,-0.114003286694027,0.0759817740589224,-17.722080027356
"SL18-CC-8-MG3",-0.0221556648295429,-0.0420989919456239,-0.205645062865624,-2.61351799997066
"SA18-CB-5-FG5",0.011838453449305,0.0128771412810091,0.0612959538174469,-7.3633202368589
"SL18-LD-10-FG3",0.00489080072198896,0.0115108931368556,-0.101900831914752,4.40768062904967
"SL18-NL-10-FG2",-0.0281265395507797,-0.0834651589833287,0.11346958714603,-6.85696859964976
"SL18-NC-11-MG3",-0.0315285971375354,-0.0487785268670346,-0.0521088891794588,-4.08437878633071
"SL18-CC-9-MG4",-0.0102329867003981,-0.00583979407481676,-0.141137253589706,-5.33375178610739
"SL18-BL-10-FG2",0.00458466729089934,0.0123749930116759,-0.0705162493283769,1.13545892548302
"SL18-BL-10-MG1",0.00158594373124212,-0.00442713327698372,0.0114531757928728,2.58198724750651
"SL18-BL-15-FG1",0.011137950953261,0.0294093715700226,0.0302139225419141,4.31703822491019
"SL18-BL-12-MG2",0.0263077573976961,0.0696133687791089,0.165448584311104,4.93923833110873
"SL18-NC-15-MG4",-0.00986374526465709,-0.0108346372556262,-0.0814905104760211,33.838290996108
"SL18-BL-16-FG3",0.0209120599525024,0.0446823783090386,0.187061392609759,1.4948190499721
"SL18-LD-1-MG3",0.00234222365195978,0.0269149336901201,0.11439541227439,5.39303081587609
"SL18-FW-12-MG11",-0.0130210459103083,-0.0379690064409006,-0.100300757499456,-3.16144286752847
"SL18-CC-2-FG1",0.0269876265615019,0.100087542311148,-0.388432740067824,1.8852921822808
"SL18-SF-18-FG1",-0.0224868314485554,-0.05603368222697,-0.130390304292535,6.35860664944971
"SL18-BL-11-FG1",0.0149260777750599,0.0371834646924295,0.0123276171562822,3.4908151673742
"SL18-BL-13-MG1",0.010999880354891,0.0367943334949125,0.0153613289098432,-1.37928518267219
"SL18-BL-14-FG3",0.0116567214100815,0.0220623966769571,0.0468416264038294,2.25393871354015
"SL18-BL-17-FG3",0.00497841953156982,0.00125536519932405,0.0920499888672071,2.95814962065624
"SL18-CC-9-FG1",0.00762953378192069,0.0354916159518692,-0.233932888096875,1.2118050687377
"SL18-FI-1-FG10",0.0214923170554918,0.0574435450772832,0.0905715694125609,4.07753534490844
"SL18-FI-1-FG11",0.0203532059909719,0.04119143532405,0.118412861531074,2.45958253969978
"SL18-FI-1-FG12",0.013987496657997,0.0212189384713251,0.080777169580967,2.22716724656935
"SL18-FI-2-FG10",0.0061058047320875,0.00681065315891042,0.0060161591999362,2.34193050088169
"SL18-FW-12-FG10",0.00212393790255042,-0.00157712956739576,-0.0378306384226264,2.05981156071689
"SL18-FW-14-FG13",0.00844849694275632,0.0132557489697792,0.0788245061192156,2.11564370725404
"SL18-FW-2-MG1",0.0161654199949265,0.0409837539902106,0.0805940163329861,2.97321694988081
"SL18-JS-5-MG1",-0.0206849417650073,-0.0464940043729561,-0.334197474892744,-11.1649621106058
"SL18-LD-13-FG1",-0.0243168763703652,-0.0775711984496912,-0.0659208896142015,1.94234901464505
"SL18-LD-2-FG3",-0.00717432006531745,-0.0193663956802732,-0.104587143745744,5.54193091891961
"SL18-LD-9-FG1",0.0033793923081981,0.0376037863533263,-0.295947682364842,3.76183334330965
"SL18-TI-3-MG2",0.00686146169955026,0.00887466763952216,0.119806987142556,3.00811421146634
"SL18-LL-9-FG1",-0.0162998141517638,-0.0529560703580372,-0.129523220377586,13.0702287089637
"SL18-NC-1-FG3",-0.0452532243917473,-0.124517925497952,-0.168277814193409,-6.92513057023755
"SL18-NC-8-FG2",-0.0506672519110272,-0.151789479166643,0.0631105007184597,-15.0995468510469
"SL18-NC-10-MG1",-0.0560822137439417,-0.137774092476306,-0.701551045401884,-2.59440460797072
"SL18-NC-11-FG3",-0.0386733525639372,-0.0918952092461143,-0.206400165616598,-4.81441408490115
"SL18-NL-6-FG3",-0.0110472116648901,-0.0289367714449146,0.0424145096541849,-3.18568556021405
"SL18-NL-9-MG3",-0.0314263279564161,-0.0656643169519858,0.0299944755973737,-4.1564343426333
"SL18-NL-6-MG2",-0.00422195026946757,-0.0192602572270174,0.0496763600606066,-1.60809603127299
"SL18-OD-5-MG1",-0.0346778029027521,-0.0993505356688307,-0.0758506343637585,-4.94181345283833
"SL18-OI-16-FG1",-0.0418678237019982,-0.123436906071697,0.0892326805714462,-10.9889641963768
"SL18-OI-4-FG3",0.0204547450041733,0.0461527996996754,0.0995994124725958,15.9319200078834
"SL18-OI-5-MG2",-0.0338386772965677,-0.113037801339424,0.216162920824723,-7.35546547923514
"SL18-OI-7-FG1",0.0279815203526635,0.0776570024686068,-0.103957460174194,1.2416794965799
"SL18-PI-1-FG10",0.00748934877725984,0.0146640442395456,0.0405271332337507,4.3413623325123
"SL18-PI-1-MG11",-0.00592743578284494,-0.0204427323922642,0.0496624859081213,1.05024635752059
"SL18-PI-1-MG3",0.0115949241110256,0.0284149127920508,0.0998931407552965,3.90649864246432
"SL18-SF-13-MG11",0.0553308088519622,0.192061915957148,-0.0470669239363014,10.9484564846849
"SA18-CB-5-FG3",0.00827815214899996,-0.00343184339502851,-0.0784230136192743,-15.6181598365607
"SL18-OD-10-FG2",0.0471098541231434,0.164400161414901,-0.195568143174986,10.1456724455121
"SL18-TI-4-FG1",0.00637894993439984,0.00262490399037854,0.0356723227586782,1.82193282975983
"SL18-TI-3-MG1",0.00675195667825576,0.00386069142680183,0.108088045608374,1.57599586067273
"SL18-TI-4-FG2",0.00932406144490766,0.0127594859777254,0.0440466972658634,2.67202610566234
"SL18-TI-5-MG3",0.0173718972726515,0.0374895266840756,0.0615276054532738,2.05021673750725
"SL18-BL-11-MG1",0.0184764588012619,0.0385727907206425,0.0841795882404501,2.99714561546005
"SL18-BL-11-MG2",0.0184764588012615,0.0385727907206416,0.0841795882404445,2.99714561545993
"SL18-BL-17-MG1",0.00911673454892297,0.0204255181233205,0.108698448040726,2.50668496604871
"SL18-FI-2-MG3",0.0160885725143676,0.0321893644104665,0.0705951468823996,3.98083256896738
"SL18-OI-11-MG1",0.0123384122665384,0.0533108448749088,-0.0247551002065219,0.0783713149042654
"SL18-NC-9-MG3",-0.0212751349600953,-0.039230902693137,0.37132721357148,-6.98454715433464
"SL18-NC-15-MG2",-0.00984367626699191,-0.0110937092747853,-0.111385617791451,33.5935770674149
"SL18-CB-2-MG1",0.0000000000000000325645337678071,0.0000000000000001939139442967,0.000000000000000036156859484875,0.0000000000000244180687651042
"SL18-CB-3-MG1",0.000000000000000279881804823717,0.000000000000000917569961373712,-0.000000000000000567084866360452,0.000000000000110368200603969
"SL18-CB-3-MG2",-0.0000000000000000789521848463979,-0.00000000000000047303423705535,0.00000000000000222771339840311,-0.0000000000000616881621761971
"SL18-CB-4-MG2",-0.000000000000000180245134937311,-0.000000000000000750913164531643,-0.000000000000000849308136791371,-0.00000000000000627138691766979
"SL18-CB-4-MG3",-0.0000000000000000382352554326032,0.0000000000000000684346319357769,0.000000000000000347856249394172,-0.0000000000000103494729854231
"SL18-CB-7-MG1",0.0000000000000000443416078637855,0.000000000000000388128938925556,-0.00000000000000106305207099385,0.0000000000000093076526989707
"SL18-NC-8-MG1",-0.0470104933356553,-0.147939547294208,0.199146592657255,-16.2730078989829
"SL18-TI-1-MG1",0.00764755161775247,0.0173000698411017,0.0724963103178422,2.31101403897725
"SL18-TI-1-MG3",0.00764755161775236,0.0173000698411013,0.0724963103178414,2.31101403897719
"SL18-TI-1-MG4",0.00764755161775233,0.0173000698411012,0.0724963103178441,2.31101403897724
"SL18-TI-1-MG11",0.00764755161775249,0.0173000698411015,0.0724963103178448,2.31101403897711
"SL18-TI-2-MG1",0.00585791842781417,0.0124232305851119,0.0633740740898351,1.60761285804604
"SL18-TI-2-MG2",0.00585791842781401,0.0124232305851117,0.0633740740898326,1.60761285804606
"SL18-TI-3-MG3",0.0064450628338646,0.00818239755894462,0.0875578153529576,2.05924950890135
"SL18-TI-3-MG14",0.00644506283386485,0.00818239755894539,0.08755781535296,2.05924950890138
"SL18-TI-4-MG2",0.007416434521579,0.0116483271994369,0.0736119377311466,2.09590391256482
"SL18-TI-5-MG1",0.00868465920470445,0.0187422246881357,0.0307563862705294,1.0249525119998
"SL18-TI-5-MG2",0.00868465920470487,0.0187422246881371,0.0307563862705303,1.02495251199989
"SL18-NL-6-MG3",-0.0121935298067465,-0.0417618688381186,0.00628649577838574,-3.97136002636148
"SL18-SF-13-MG13",0.0270512994495052,0.104975886745546,-0.117890647166486,8.47933899345977
"SL18-TI-6-MG1",0.00000000000000024499779042046,0.000000000000000832260445826752,-0.00000000000000134162759001597,-0.0000000000000193314806249988
"SL18-TI-6-MG2",-0.000000000000000327140984359947,-0.00000000000000108946299130061,0.00000000000000242764162880767,-0.0000000000000870511915845914
"SL18-TI-6-MG3",0.0000000000000000808414726432703,0.000000000000000092271834312045,0.00000000000000146855269599969,-0.0000000000000288677703378782
"SL18-CC-1-MG11",-0.000549474695386438,0.0174180030809731,0.0632827896099481,5.4893946563557
"SL18-CC-2-MG6",0.0357915371285929,0.122751832609102,-0.377917250631147,1.67545183129657
"SL18-CC-9-MG3",-0.000890253585083032,0.00413460488327116,-0.14438914838114,-1.23835596709338
"SL18-CC-11-MG6",0.0695426587271075,0.248578342544258,-0.472277116455841,36.1715498460872
"SL18-NL-5-MG3",-0.0117190087971006,-0.0531319929837589,0.0828368805672553,-2.56257051417447
"SL18-OI-17-MG3",0.0189105209029061,0.0612198042846716,-0.086914812147474,1.20328838137134
"SL18-OI-18-MG4",-0.0196055819785739,-0.0524680664360219,0.182736552441515,-2.39511148767403
"SL18-FW-14-FG1",0.0178514805434106,0.0372474896154325,0.126748776289419,2.41962889132215
"SL18-FI-1-FG2",0.0174133585843878,0.033452809244568,0.0862292934536783,3.17525325885191
"SA18-CB-1-FG2",0.00440272143868248,-0.0186818009651401,0.162710400545467,-5.03931748519688
"SL18-NC-15-FG2",-0.00984374209447873,-0.0110938419523881,-0.111386389055683,33.5935612873963
"SL18-OD-3-FG2",-0.0251841622247302,-0.0723200255055865,0.133367928663259,-6.9805140123104
"SL18-OI-9-FG2",-0.00732781661294858,-0.0500640948838956,0.350908242464514,-1.72869463961212
"SL18-OI-15-FG3",0.0226408329626337,0.069926016694694,0.167046337794685,1.99955883419247
"SL18-BL-18-FG11",0.00536576907104484,0.0169270379355275,0.0079089656004928,1.24243819891769
"SL18-FI-2-FG1",0.0160885725143674,0.0321893644104665,0.0705951468823953,3.98083256896726
"SL18-JS-6-FG2",0.0570467576863858,0.116839215638985,1.33888188991724,-9.9523334759831
"SL18-JS-19-FG5",-0.0469621121896593,-0.115574968711713,0.081557721122645,-26.4142163220862
"SL18-NC-15-FG1",-0.00984372076547165,-0.0110937810937349,-0.111385947932209,33.5935659281435
"SL18-FW-21-FG2",0.009412037904439,0.0228985784264032,0.0696329924328696,2.08655504803703
"SL18-FW-21-FG1",0.00941203790443899,0.0228985784264033,0.0696329924328698,2.08655504803697
"SL18-OD-1-MG4",-0.0000000000000000511576917647213,-0.000000000000000172386034497833,0.000000000000000206219025431642,-0.00000000000000590591069844548
"SL18-OD-3-FG4",-0.0251841622247302,-0.0723200255055863,0.133367928663261,-6.98051401231038
"SL18-OD-4-FG4",0.000000000000000100281408246919,0.000000000000000196306381661118,0.00000000000000118036656480802,0.00000000000000468734973200542
"SL19-LR-5-FG1",-0.0000000000000000535817704154824,-0.000000000000000197048014455234,0.000000000000000532590994926188,-0.0000000000000104832394052709
"SL18-FW-21-FG4",0.00941203790443902,0.0228985784264033,0.0696329924328715,2.08655504803698
"SL18-TI-3-FG4",0.00644506283386473,0.0081823975589449,0.0875578153529585,2.05924950890138
"SL18-TI-3-FG5",0.00644506283386457,0.00818239755894463,0.0875578153529597,2.05924950890136
"SL18-TI-3-FG6",0.00644506283386478,0.00818239755894519,0.0875578153529573,2.05924950890137
"SL19-LR-5-FG2",-0.000000000000000221587497813475,-0.000000000000000537159253315829,-0.00000000000000191614613342788,0.0000000000000292477935042202
"SL19-LR-2-MG2",-0.0000000000000000199412756042356,0.0000000000000000253408961371245,-0.000000000000000840437027231003,0.0000000000000344406742879132
"SL18-OD-6-FG2",0.0157213157331915,0.0614869857271906,0.214007395365038,-4.04329782878955
"SL19-LR-2-FG1",0.000000000000000162340326080758,0.000000000000000609222323755076,0.000000000000000585735535671982,0.0000000000000475997689690462
"SL18-DB-6-FG1",-0.00000000000000000638046084017586,0.0000000000000000401271321921412,0.0000000000000000847390976946035,-0.00000000000000593277028803598
"SL18-FI-2-FG5",0.0160885725143675,0.0321893644104663,0.070595146882397,3.98083256896733
"SL18-FW-12-MG5",0.00207145469474526,0.00131180791131571,-0.00870448160008339,0.451419022971343
"SL18-FI-1-FG4",0.0174133585843872,0.0334528092445664,0.0862292934536763,3.17525325885179
"SL18-FW-12-MG6",0.002071454694745,0.00131180791131509,-0.00870448160008479,0.451419022971337
"SL18-FI-2-FG7",0.0160885725143676,0.0321893644104667,0.0705951468823953,3.9808325689673
"SL18-FW-21-MG5",0.00941203790443885,0.0228985784264031,0.0696329924328683,2.08655504803708
"SL18-FW-12-FG4",0.00207145469474511,0.00131180791131533,-0.00870448160008176,0.451419022971287
"SL18-FW-21-MG4",0.00941203790443932,0.0228985784264043,0.0696329924328696,2.08655504803704
"SL18-FI-1-FG6",0.0174133585843875,0.0334528092445673,0.0862292934536762,3.1752532588518
"SL18-OI-6-FG6",0.0951544198337789,0.211004987181713,1.14034592083058,13.7108052682637
"SL18-CC-4-MG4",-0.00273264660209113,-0.00213398670727327,-0.119147004873674,-8.00009391393
"SL18-FI-2-FG4",0.0160885725143672,0.0321893644104656,0.0705951468823973,3.98083256896731
"SL18-FW-2-MG4",0.0189192604111863,0.0435588860093119,0.0851166604084963,3.7043202053618
"SL18-JS-19-FG6",-0.0469617938134226,-0.115574396540569,0.081560361817462,-26.4141850352655
"SL18-JS-9-MG4",-0.0685605809802994,-0.195959924665716,-0.122991723414741,-14.4526764632236
"SL18-PI-1-MG5",0.00416122703894943,0.00745757445777292,0.038503977257412,2.66409980565503
"SL18-NL-5-MG5",-0.0117190087971005,-0.0531319929837586,0.082836880567254,-2.56257051417437
"SA18-CB-10-FG6",0.0560785023104741,0.0774850639670627,0.0122776148206751,-1.53005286443639
"SL18-TI-2-MG5",0.00585791842781401,0.0124232305851114,0.0633740740898316,1.60761285804615
"SL18-LD-2-FG5",0.00162332706110622,0.00971099530254696,-0.0306097007305045,6.37387904635951
"SL18-CC-9-FG6",-0.000890253585082567,0.00413460488327251,-0.14438914838114,-1.23835596709327
"SL18-LD-3-MG6",0.00691973225854775,0.0260870322111058,-0.104657521121514,8.94157996457563
"SL18-OI-15-FG4",0.0226408329626338,0.0699260166946943,0.167046337794685,1.99955883419247
"SL18-OI-5-MG4",-0.0324955049939604,-0.122615007698184,0.253979194717634,-7.24236926263823
"SL18-BL-13-MG3",0.0169684657187868,0.0410491226117404,0.0702552868904449,1.23761486115805
"SL18-BL-16-MG3",0.0241580400605863,0.0508140599012867,0.224069446874544,2.88595417417732
"SL18-CB-7-MG3",0.0000000000000000891859521784529,0.000000000000000377890923135014,-0.000000000000000857508775280763,-0.0000000000000247421586218031
"SL18-CB-10-MG3",0.0000000000000000663178017754667,0.000000000000000211231898669829,-0.00000000000000024789786337899,0.00000000000000196921661099468
"SL18-OI-4-MG2",0.00927700563105346,0.0190526903358595,0.151177373221099,23.1447692121784
"SL18-OI-7-MG2",0.0311093554292072,0.0969715918432626,-0.114863207404265,-0.441386346627644
"SL18-OD-10-MG1",0.00994182326266688,0.0365857314649727,0.00213220200192786,0.619882992869808
"SL18-OD-10-MG2",0.00994182043927802,0.0365854105934837,0.00213295357729808,0.61988546030409
"SL18-BL-11-FG2",0.0184764588012618,0.0385727907206426,0.0841795882404463,2.99714561546003
"SL18-BL-12-FG1",0.020786736746698,0.0478305388086588,0.14516072457286,3.60607162626271
"SL18-NL-5-FG3",-0.0117190087971007,-0.0531319929837591,0.0828368805672533,-2.56257051417446
"SL18-BL-11-FG3",0.0184764588012621,0.0385727907206428,0.0841795882404494,2.99714561545998
"SL18-NC-12-FG1",-0.0380525853322612,-0.0746883679168652,-0.0128015687819384,-6.49091383221086
"SA18-CB-10-FG1xSL18-SF-19-MG2",0.0670618998440486,0.128131485059788,-0.142824437396627,2.9721171268485
"SL18-LD-10-FG1xSL18-OI-4-MG1",-0.0115609303311416,-0.038628081386329,0.0705470966398775,23.7503552043173
"SL18-NL-6-FG1xSL18-OI-11-MG2",-0.0000707010462812786,-0.0109756852355644,0.0289279700192499,-3.47274524594194
"SL18-NL-6-FG1xSL18-OI-14-MG2",0.0158720016930225,-0.01119625416476,0.457915161938391,-27.0483226545792
"SL18-NL-6-FG1xSL18-OI-15-MG1",0.036106945180244,0.0874627366020965,0.218558452480267,1.92105180283522
"SL18-NL-6-FG1xSL18-OI-16-MG1",-0.0664799687120738,-0.163189596723921,0.16237017444963,-10.3635232703468
"SL18-NL-6-FG1xSL18-SF-17-MG1",0.0370976757935899,0.11023312063989,-0.0927248668582682,10.6103716621179
"SL18-NL-6-FG1xSL18-SF-19-MG2",0.0221553709161672,0.0635835871290277,-0.102338402218546,5.56432310932708
"SL18-LD-10-FG2xSA18-CB-7-MG2",0.08380081727611,0.164382747264486,0.066715446030956,40.4074281030412
"SL18-LD-10-FG2xSL18-NL-3-MG2",-0.0393142183560322,-0.0438787166514686,-0.608051043571606,-2.70751992022539
"SL18-NL-9-FG2xSA18-CB-7-MG1",0.0286116007490153,0.0223595647159985,0.314984084970281,-10.3484327114741
"SL18-NL-9-FG2xSL18-SF-19-MG1",-0.0738153790342887,-0.229040919490847,-0.301293087520443,1.16156547052507
"SL18-OI-11-FG1xSL18-SF-15-MG2",0.0288384865989905,0.127394995867744,0.00488217533376441,7.91862936192906
"SL18-OI-15-FG1xSA18-CB-2-MG3",0.0462773513895114,0.117544223536872,0.0216236656733156,-6.51768365849902
"SL18-OI-15-FG1xSL18-NL-5-MG1",-0.0197926099452167,-0.0788840340669537,0.0538964123938339,-6.39617191442722
"SL18-OI-15-FG1xSL18-SF-15-MG1",0.00954115434432795,0.0463596570006088,-0.0228687459602429,6.0736958650859
"SL18-OI-16-FG3xSA18-CB-4-MG3",-0.0404141509637971,-0.119337156499681,-0.319115792259456,-26.0417462805925
"SL18-OI-16-FG3xSA18-CB-5-MG3",-0.0559778401255234,-0.203547356611558,0.0663322827428533,-30.6715088026916
"SL18-LD-13-FG2xSL18-LD-13-MG2",-0.122706306631436,-0.384795715966285,-0.211585605238224,1.72145279153538
"SL18-OI-16-FG3xSL18-LD-3-MG2",-0.0325931756491808,-0.0720492206874188,0.0133340362946996,1.9455799956561
"SL18-OI-16-FG3xSL18-NL-6-MG1",-0.0552371993621074,-0.144507858663872,0.00967952683086696,-12.4371280381787
"SL18-OI-16-FG3xSL18-SF-17-MG2",-0.00530546895105218,0.0207173375074624,0.0540286519624232,3.96217097556194
"SL18-OI-17-FG1xSL18-SF-13-MG2",0.0198415900316582,0.0751568656547725,-0.28506562870603,3.19900924597179
"SL18-OI-17-FG2xSL18-SF-17-MG2",0.0530311334695807,0.193910549881159,-0.123731331547337,13.3739067882461
"SL18-OI-18-FG1xSL18-OI-9-MG3",-0.0112941968433791,-0.0670422008414059,0.538823426225166,-5.12348376747966
"SL18-OI-18-FG2xSA18-CB-7-MG1",0.0217038318744589,0.0129650376420333,0.562014412151633,-9.10636426768781
"SL18-OI-18-FG2xSL18-LD-10-MG1",-0.0147119976528255,-0.0314154754000232,-0.0206849079788599,6.22993053999033
"SL18-OI-18-FG2xSL18-LD-9-MG1",-0.0194471231821185,0.00685833360932107,-0.143165416196186,16.5996847776958
"SL18-OI-18-FG2xSL18-NL-2-MG2",-0.0716124382992336,-0.196354979319223,0.160276445769944,-16.5788706682644
"SL18-OI-18-FG2xSL18-LD-2-MG3",-0.0163208862313838,-0.0221485271966479,0.0924964949155742,8.45106244505353
"SL18-OI-18-FG3xSL18-LL-9-MG1",-0.0316050813678883,-0.085260611316125,-0.0448980927682786,17.7642676388099
"SL18-OI-18-FG3xSL18-OI-7-MG1",0.00308902380349287,0.0260584024731363,-0.066866113462075,-9.62900027325922
"SL18-OI-18-FG5xSA18-CB-4-MG3",-0.0205939197829465,-0.0598325018816251,-0.227225733771389,-20.2284302549475
"SL18-OI-18-FG5xSL18-LD-2-MG1",-0.0152437189284965,-0.0257219282272389,0.151709014440641,6.26596138548864
"SL18-OI-18-FG5xSL18-SF-15-MG2",-0.00310594116569435,0.0216150117850965,0.212370985309935,5.4451012186307
"SL18-OI-18-FG6xSA18-CB-1-MG2",-0.0131896273378646,-0.0647915644027194,0.292021937152357,-5.55023105439582
"SL18-OI-18-FG6xSL18-NL-6-MG1",-0.0354166839275113,-0.0850026449738819,0.10157154800867,-6.62378225147181
"SL18-OI-2-FG2xSL18-LD-1-MG2",0.0186265688351139,0.0791574074846671,0.071585308677233,7.50641002197002
"SL18-LD-1-FG1xSL18-NL-2-MG2",-0.0462708756818887,-0.125154090915151,0.030466008795554,-10.4693333580489
"SL18-OI-2-FG3xSL18-NL-9-MG1",-0.0238265935763013,-0.0508929102490216,-0.114365378147905,-7.34680723877047
"SL18-OI-2-FG3xSL18-SF-17-MG1",0.0357086392524724,0.135752359838582,-0.134932966357768,12.5119676413098
"SL18-OI-6-FG1xSA18-CB-2-MG1",0.122209583210142,0.277954407888727,1.05933849985259,13.4259488247342
"SL18-OI-6-FG1xSA18-CB-4-MG1",0.0821755366917959,0.124775967218955,0.864683981536817,-0.794219374553481
"SL18-OI-6-FG1xSL18-LD-13-MG2",0.0393387665072165,0.0330976463516245,0.803411591855389,21.709162316216
"SL18-OI-6-FG1xSL18-LD-2-MG1",0.0928622319234834,0.219142345235165,0.982099078355408,22.7418308689384
"SL18-OI-6-FG1xSL18-LD-5-MG1",0.0940638138852833,0.218034361181255,0.942726792041626,23.3615563786222
"SL18-LD-1-FG1xSL18-OI-18-MG1",-0.0317961013738643,-0.0737953848712639,0.186783302901803,0.144424044336055
"SL18-OI-6-FG1xSL18-NL-9-MG1",0.0571877836639824,0.110809807797117,0.93002073099106,4.07024092182503
"SL18-OI-6-FG1xSL18-SF-15-MG1",0.103724183250903,0.260099103537793,1.04862165906268,21.3257043434963
"SL18-OI-6-FG1xSL18-SF-19-MG1",0.0327925493193602,0.0193293263062313,0.838556661939333,18.9088227845535
"SL18-OI-7-FG3xSA18-CB-2-MG3",0.0830693203409979,0.235859095859288,-0.0348760945024688,-5.78782727060601
"SL18-OI-9-FG1xSL18-LL-9-MG2",-0.0195546826326485,-0.0811341169638253,0.0621206520206634,19.1919204898559
"SL18-SF-13-FG1xSL18-LL-9-MG3",-0.029658489327264,-0.0385570329446707,-0.400100455163252,22.1664411175465
"SL18-LD-1-FG2xSA18-CB-4-MG3",0.007536549770131,0.00286189847222983,-0.387362310239008,-16.7775736708979
"SL18-SF-17-FG1xSL18-LL-9-MG1",0.0163681092001163,0.0784773372196872,-0.296540651787247,28.393255360783
"SL18-SF-17-FG3xSA18-CB-10-MG1",0.115855401148157,0.239448022682064,-0.114266206045351,1.09224602840191
"SL18-SF-17-FG3xSA18-CB-3-MG3",0.0987277091615556,0.243967058301799,-0.200268666069012,59.0981149370123
"SL18-SF-17-FG3xSL18-LD-2-MG1",0.0327291987729213,0.138015455192964,-0.0999351128021508,16.8949212946098
"SL18-SF-17-FG3xSL18-NL-10-MG2",-0.00261466739042127,0.0194483910713843,0.00926275578269751,0.536492596570663
"SL18-SF-17-FG3xSL18-NL-2-MG3",-0.0167228017541198,-0.019480118981363,-0.0108120093994442,-5.95183074651009
"SL18-SF-17-FG3xSL18-NL-9-MG1",-0.00294525038271321,0.0296829097064186,-0.152013436410222,-1.77666973998011
"SL18-SF-17-FG3xSL18-OI-7-MG1",0.0510616389856806,0.189795170625941,-0.318512296090467,0.999917241066001
"SL18-SF-17-FG3xSL18-OI-9-MG3",0.0252363085334619,0.0708771014183776,0.382475179756692,5.03236881577408
"SA18-CB-10-FG2xSL18-LL-9-MG1",0.0440792155858878,0.0446930598334125,-0.215354066716292,18.6293187776523
"SL18-LD-1-FG2xSL18-SF-13-MG3",-0.0133598476344194,-0.0293798994981847,-0.0440931063654017,8.80765238964814
"SL18-LD-1-FG2xSL18-SF-15-MG1",0.0237487005286533,0.0779292094719625,0.058094990011974,8.30068651489202
"SL18-LD-1-FG3xSL18-NL-5-MG1",-0.00881704175242516,-0.0365060227432481,0.164644404324345,-0.493543221006151
"SL18-LD-1-FG3xSL18-OI-11-MG2",-0.00365285131596509,0.00488472963344039,0.0703636230446256,0.4965038859234
"SL18-LD-1-FG3xSL18-OI-15-MG1",0.0325248040436889,0.103323179067306,0.259994129633991,5.8903031763381
"SL18-LD-1-FG3xSL18-OI-16-MG1",-0.070062116901014,-0.147329160871048,0.203805840018757,-6.39427046939881
"SL18-LD-1-FG3xSL18-OI-6-MG2",0.102826065647162,0.275319021068317,1.09920797946354,25.4178053320438
"SL18-LD-1-FG3xSL18-OI-7-MG1",0.0279872101190498,0.0995606197876111,-0.197220496303812,-2.50255379144797
"SL18-LD-1-FG3xSL18-OI-9-MG3",0.00216187930863577,-0.0193574501398466,0.503766960456403,1.52989826276008
"SA18-CB-4-FG3xSA18-CB-4-MG3",0.0224976714259793,0.0211352247251696,-0.655066831956499,-29.3271982267845
"SL18-LD-1-FG3xSL18-NL-9-MG2",-0.0204758160785711,-0.0495907030386235,-0.0143589151523543,-1.83199804566604
"SL18-LD-1-FG3xSL18-OI-15-MG2",0.0846133841776661,0.254194747206928,0.301012183412599,5.64843128916086
"SL18-LD-2-FG2xSA18-CB-3-MG3",0.0446281885975698,0.0377302130511339,-0.392034437062555,56.634937829968
"SL18-LD-2-FG2xSL18-LL-9-MG2",-0.0377324585640238,-0.127761548530986,-0.488312435230807,25.9299630101382
"SL18-LD-2-FG2xSL18-NL-9-MG1",-0.0570447817402491,-0.176553960487152,-0.343779238310191,-4.23984983683154
"SL18-LD-2-FG2xSL18-SF-19-MG1",-0.0814400513291128,-0.26803455905807,-0.435243594090844,10.5987344771123
"SL18-LD-3-FG1xSL18-NL-9-MG1",-0.0319738691983242,-0.0581803991466534,-0.353648389801052,-0.400726046176988
"SL18-LD-3-FG1xSL18-SF-19-MG2",0.0126190617463426,0.0818153750710572,-0.383829581112356,14.4120027339023
"SL18-LD-3-FG2xSA18-CB-2-MG3",0.0648856173705511,0.157616830775446,0.0816086308934028,-2.23036419248779
"SL18-LD-3-FG2xSL18-LL-9-MG2",0.000925325606628494,-0.0140646852173781,-0.22601796791895,23.2753560791242
"SL18-LD-3-FG2xSL18-SF-17-MG3",0.0426456177216742,0.141003643660971,-0.0421061261896605,14.0091648369519
"SL18-LD-4-FG1xSA18-CB-2-MG1",0.0436195869016459,0.114392417317569,-0.064524343476282,9.12371097341003
"SL18-LD-4-FG1xSL18-NL-3-MG2",-0.0278067470795672,-0.0243137958117217,-0.526511623682303,-0.0548772428673119
"SL18-LD-4-FG2xSL18-LL-9-MG1",-0.00208941816331988,-0.00395893984857958,-0.338372627824009,29.9378598848002
"SL18-LD-4-FG2xSL18-SF-15-MG2",0.0264100241046283,0.10291730101612,-0.0811015316537338,17.6187384343485
"SL18-LD-4-FG3xSL18-SF-17-MG1",0.0407875578270424,0.126962479300358,-0.134504866701507,15.1853722662258
"SL18-LD-5-FG1xSA18-CB-10-MG1",0.0930517761082699,0.153817823041021,-0.115756885278255,2.13924268799315
"SA18-CB-7-FG1xSL18-LL-9-MG3",0.038175804600381,0.0878179733648065,0.0889350159923097,23.2776513795637
"SL18-LD-9-FG2xSL18-SF-13-MG3",-0.0222127338492514,-0.00288488937059822,-0.41906808818847,23.5696314370748
"SL18-LD-9-FG3xSL18-NL-7-MG1",-0.0279461865484616,-0.0873397590249698,0.0375057653479405,4.19331902550105
"SL18-LD-9-FG3xSL18-SF-17-MG1",0.0383782660035374,0.145431971835922,-0.280260428189526,20.4212699283903
"SL18-LL-9-FG3xSL18-NL-9-MG1",-0.043604769550821,-0.10282777857698,-0.46763443548042,17.9197789081049
"SL18-NL-10-FG1xSA18-CB-4-MG3",-0.0312304453178293,-0.0998076745361689,-0.441008286314129,-24.881288054272
"SL18-NL-10-FG1xSL18-LD-2-MG1",-0.025880247156822,-0.0656971146435294,-0.062073548850255,1.61310049473755
"SL18-LD-10-FG1xSA18-CB-1-MG2",0.0191601210033544,0.011700780601001,0.0624470283555436,1.20622420412454
"SL18-NL-10-FG1xSL18-OI-15-MG1",-0.00301020712451397,-0.0101548218141308,0.176563918472615,-5.88904416168682
"SL18-NL-10-FG1xSL18-OI-7-MG1",-0.00754780368348728,-0.0139173899311453,-0.280650721232108,-14.2819028773478
"SL18-NL-10-FG1xSL18-SF-13-MG1",0.0247791530408247,0.098488676034129,-0.0783781655362472,3.88451568883245
"SL18-NL-10-FG3xSL18-NL-3-MG2",-0.0611861896689146,-0.130306324337722,-0.369036180829591,-16.4324251023102
"SL18-NL-2-FG1xSA18-CB-1-MG2",-0.021011400574983,-0.0977842725931507,0.041038699843943,-9.870222995274
"SL18-NL-2-FG1xSL18-LD-13-MG2",-0.0765886731204012,-0.24475879116199,-0.277959807227663,0.913327220565297
"SL18-NL-2-FG1xSL18-SF-17-MG1",0.000795566998623264,0.0195986099731279,-0.171918222834516,3.13317602767554
"SL18-NL-2-FG3xSA18-CB-2-MG3",-0.0135398518877205,-0.0710950572245789,0.013154796941266,-22.3154927952317
"SL18-NL-2-FG3xSA18-CB-4-MG1",-0.0718247512039529,-0.277602943208798,-0.215275497699052,-31.844049191979
"SL18-NL-2-FG3xSL18-LD-3-MG2",-0.0586672484568428,-0.170059084027189,-0.144345279705317,-6.81505250379992
"SL18-NL-2-FG3xSL18-OI-16-MG1",-0.140854907458452,-0.378346507537328,0.0845887932819332,-28.0947089018706
"SL18-NL-3-FG1xSA18-CB-7-MG2",0.00941534509485402,-0.0141996030817224,-0.519201404773754,24.6889991081399
"SL18-NL-3-FG1xSL18-OI-11-MG2",-0.0849282863512994,-0.185462970326417,-0.760212664024245,-12.8274280032441
"SL18-NL-3-FG1xSL18-SF-13-MG2",-0.0489318245573486,-0.0643383261349061,-0.896086015675832,-0.113288122660521
"SL18-NL-3-FG2xSL18-SF-17-MG2",0.00295137320148289,0.0795746507845224,-0.432936606213529,4.83357942374978
"SL18-NL-3-FG3xSA18-CB-2-MG2",0.038753742644477,0.16224375637579,-0.306258204523319,-11.266394817093
"SL18-LD-10-FG1xSL18-OI-18-MG1",-0.0193778813342757,-0.0556028758492295,0.149450033819525,0.820688116626866
"SL18-NL-6-FG1xSA18-CB-3-MG3",0.0792354246540109,0.137872080042641,-0.120412496764556,51.6263913339808
"SL18-NL-6-FG1xSA18-CB-7-MG2",0.0942729553420691,0.160287768859463,0.269939624846821,34.0436734020742
"SL18-NL-6-FG1xSL18-LD-1-MG2",0.0141677115391613,0.026208175519012,0.0633323360656117,5.49348629640072
"SL18-NL-6-FG1xSL18-LD-2-MG1",0.0132369124775705,0.0319204423361713,-0.020078898946281,9.42319101201709
"SL18-NL-6-FG1xSL18-LD-3-MG2",0.0157076879850072,0.0450978097290181,-0.066563802548928,10.9161288414094
"SL18-NL-6-FG1xSL18-NL-2-MG1",-0.0649373107384719,-0.192051419445951,0.130213353603687,-18.0833689592958
"SL18-OI-11-FG3xSL18-CC-1-MG3",0.125707718822001,0.417933143885158,-0.322330171646986,-1.60791170553901
"SL18-JS-16-FG3xSL18-NC-10-MG3",-0.139517301931224,-0.311251190732408,-1.39537452711072,-28.9569667942814
"SL18-OI-5-FG5xSA18-CB-7-MG3",0.0400319142042828,-0.0192199271810094,0.913966725417665,1.76259433293393
"SL18-CC-1-FG2xSL18-OI-16-MG1",-0.103358889118809,-0.218028727211615,0.157605007098037,-9.26886148950766
"SL18-NC-11-FG1xSL18-NL-2-MG1",-0.127826729856641,-0.308567360748666,-0.02840491332602,-28.2066731667328
"SL18-CC-5-FG2xSA18-CB-10-MG1",0.151379065574507,0.337496939332831,-0.139060062568677,0.770103200507401
"SL18-CC-5-FG3xSL18-OI-14-MG1",0.0679374859862615,0.225865777416623,-0.618715916734638,-35.1685968390195
"SL18-CC-11-FG3xSL18-CC-3-MG1",0.130651584199577,0.428874103224679,-0.520001098465966,59.2830416867117
"SL18-CC-11-FG3xSA18-CB-3-MG3",0.186297313769846,0.532936927551664,-0.692642506315248,119.601616737267
"SL18-JS-16-FG1xSL18-CC-4-MG11",-0.0783228103663537,-0.239027290019412,-0.0403613026986077,-33.4818486613965
"SL18-CC-11-FG3xSL18-JS-16-MG1",0.0890369140116781,0.351148492978797,-0.428468506832888,47.1983240453283
"SL18-NC-12-FG2xSA18-CB-4-MG3",-0.0578395737396894,-0.0806760692895003,-0.57595180859131,-17.9008475780226
"SL18-OD-5-FG1xSL18-CC-8-MG2",-0.0962839350705963,-0.299161073104412,-0.373091223632192,-2.57520392552166
"SL18-CC-1-FG3xSL18-OI-9-MG2",-0.0497320384832434,-0.200246252470434,0.522869500227959,0.841042659719996
"SA18-CB-9-FG1xSL18-JS-5-MG3",0.0539478973605359,0.140023382738586,0.0415868519356052,-15.4781116393632
"SL18-CC-5-FG1xSL18-JS-9-MG1",-0.0565766058270814,-0.141359509873199,-0.643868320537569,-28.9918736679576
"SL18-CC-12-FG3xSL18-OI-15-MG2",0.130869176995431,0.40651898474948,0.295270034919689,32.9235430382648
"SL18-SF-17-FG2xSL18-NC-1-MG1",-0.00131162292409815,0.0672559707407143,-0.339030786036485,-1.25625735449536
"SL18-JS-5-FG1xSL18-LD-2-MG4",-0.0899797759416608,-0.217640469359961,-0.985707199518804,-33.3661720040574
"SL18-OD-5-FG3xSA18-CB-1-MG12",-0.0576165728227512,-0.230446012351034,0.0441425826282282,-13.1879803936963
"SL18-CC-5-FG3xSL18-JS-5-MG2",-0.014120145375179,0.134798818742601,-1.83080767163977,-21.1995937689242
"SL18-SF-13-FG1xSA18-CB-7-MG1",0.0212987924922065,0.0256214044577937,0.221173326269326,-4.90648658937061
"SL18-LL-9-FG6xSA18-CB-10-MG3",0.0308588850126241,-0.0555760580141632,-0.227095845900749,27.3410565373901
"SL18-OI-15-FG2xSA18-CB-2-MG3",0.0844522306470131,0.257926778022936,0.367172397307584,-1.05060402774106
"SA18-CB-2-FG3xSL18-NC-9-MG1",0.0301570183383524,0.132335436148185,0.613057424563955,-14.2260800125751
"SA18-CB-5-FG4xSL18-CC-1-MG3",0.0506053441748417,0.174787217396997,0.250384029214856,-23.100676324989
"SL18-CC-3-FG1xSL18-JS-6-MG3",0.15834707553176,0.413793379083206,1.41548691085519,1.15504940430016
"SL18-JS-16-FG1xSL18-LD-2-MG2",-0.026746549432837,-0.0997024046132978,0.459455849586567,-0.342893110325509
"SL18-NC-10-FG1xSL18-NC-5-MG1",-0.165698747744889,-0.601988574318724,-0.934966872094782,-23.2333391064766
"SL18-OI-17-FG4xSL18-JS-6-MG2",0.167139899208694,0.466888461541079,0.893697915407766,2.0930647558795
"SL18-CC-1-FG2xSL18-OI-16-MG3",-0.0997856355179381,-0.270448659748825,0.2965097237927,-22.3248411719119
"SA18-CB-2-FG3xSL18-OI-2-MG2",0.0165107079356727,0.119866158101229,0.0536916151946376,12.0042878311801
"SL18-CC-5-FG3xSL18-JS-19-MG2",-0.0305910615242609,0.0560081449003939,-0.794477770215654,-40.0103102814221
"SL18-CC-3-FG2xSA18-CB-10-MG3",0.159289909842279,0.307829481083077,0.28654182556606,16.4854047412217
"SL18-CC-1-FG1xSL18-OI-16-MG3",-0.0714492577547243,-0.170644238512303,0.452113537104933,10.5833728167791
"SL18-JS-16-FG3xSL18-OD-6-MG2",-0.0731894452147601,-0.161255304184769,0.134674036118701,-27.706521567018
"SL18-OI-4-FG2xSL18-NC-15-MG1",0.0695696575521978,0.205863397138615,0.24418367393952,91.7857006122227
"SL18-NC-12-FG2xSL18-OI-16-MG1",-0.13220629054216,-0.241675654230752,-0.014568051551937,-11.1931847911527
"SL18-CC-8-FG2xSL18-JS-5-MG3",-0.00452457285479464,0.00189140400157802,-0.644866571834856,-13.6752061985515
"SL18-OI-4-FG2xSL18-JS-19-MG2",0.00787813547845304,0.0425244195359809,0.425974799101162,24.4449417191966
"SL18-OI-6-FG2xSA18-CB-4-MG2",0.24051373968427,0.489234324575832,1.10277406125049,16.7587020812213
"SL18-CC-3-FG1xSL18-JS-5-MG2",-0.0114602481414998,0.0416991581814963,-0.87979248630764,-4.48876848086568
"SL18-CC-3-FG2xSL18-OD-6-MG1",0.105094948843024,0.303767673289777,0.366378450549061,10.8253820494893
"SL18-LD-13-FG2xSA18-CB-7-MG1",-0.0268255155241854,-0.147163458018697,0.439837169377736,-12.5889115360421
"SL18-OI-6-FG2xSL18-LD-2-MG2",0.208667895498155,0.491890736547484,1.44856723975269,34.6881498310087
"SL18-CC-12-FG3xSL18-OI-15-MG3",0.0583407345743807,0.200913338910382,0.235144611380942,36.6604911858379
"SL18-CC-11-FG3xSL18-NC-2-MG3",0.169807059856042,0.620785787914022,-0.83866559249507,82.8186933704765
"SL18-CC-12-FG2xSL18-OI-15-MG2",0.209817544318186,0.657545756857259,0.0687593135687402,43.8417639376876
"SL18-SF-17-FG2xSA18-CB-1-MG13",0.0799129973659339,0.239671704778529,0.280358275751969,1.52456240607413
"SL18-SF-17-FG2xSL18-OI-4-MG3",0.00990431817672779,0.0987895159652045,-0.259420840196244,32.6256624995274
"SL18-NC-10-FG3xSL18-NL-5-MG2",-0.111999701716149,-0.3058016082341,-1.91042968672203,-2.23982331510843
"SL18-CC-8-FG2xSL18-LD-9-MG1",0.0148977900389652,0.0936175703534093,-0.61731321694907,20.7075376853414
"SL18-NL-3-FG3xSL18-NC-9-MG2",-0.0179514745245671,0.06408030299888,0.0177251429589437,-15.7116511161313
"SL18-OI-6-FG3xSL18-CC-11-MG5",0.20912109141574,0.580107493510774,1.639071245516,60.7854002766001
"SL18-CC-8-FG1xSL18-OI-7-MG1",-0.0707568999841681,-0.173584367770033,-0.60009295820906,-26.6893692194036
"SL18-JS-5-FG1xSL18-OI-14-MG1",-0.0685840136913933,-0.240341018720333,-0.695885228322725,-60.5042452845857
"SL18-NC-10-FG1xSL18-OI-11-MG4",-0.0991896039316232,-0.295052200773887,-0.522546946165917,-13.3080039054309
"SL18-SF-17-FG2xSA18-CB-7-MG2",0.135172747555528,0.35143818556202,0.0986791340349335,41.5390730551782
"SL18-CC-9-FG3xSL18-JS-9-MG3",-0.0989611583579283,-0.294328210624077,-0.199931387587414,-20.8112377398935
"SL18-CC-5-FG2xSL18-NC-10-MG2",-0.00964743510664776,0.054188999894063,-0.850743824978518,10.7925859746393
"SL18-OI-11-FG3xSL18-NC-2-MG1",0.143523510098486,0.469038732665018,-0.46954472234582,13.6728373717062
"SL18-NC-9-FG2xSL18-JS-11-MG3",-0.0793481211056985,-0.237862373008857,0.093037940561444,-5.83550817919422
"SL18-LD-9-FG4xSL18-OI-6-MG2",0.0995766384352375,0.311266399375476,0.619408125984317,42.6610985365872
"SL18-CC-3-FG2xSL18-OI-11-MG3",0.0470488017754491,0.139215550655239,0.149953853583118,12.8034023748929
"SL18-OI-9-FG4xSA18-CB-1-MG12",-0.016637539367237,-0.133466789678614,0.709069587529369,-11.5548630869003
"SL18-CC-3-FG2xSA18-CB-4-MG2",0.133609543876839,0.270612216200101,0.111217637131702,8.93600788932419
"SL18-NC-5-FG2xSL18-JS-11-MG3",-0.141791308131922,-0.511207780992223,-0.903319429313449,-16.2278933264343
"SL18-CC-8-FG1xSL18-OI-18-MG3",-0.12816857890374,-0.324104504669963,0.0017164750308364,-24.9975741096962
"SL18-CC-6-FG3xSL18-JS-9-MG2",-0.152851700286161,-0.344558236939183,-0.346110460721875,-46.843518012816
"SL18-NL-7-FG4xSA18-CB-1-MG12",-0.0637539751926225,-0.279067684700891,0.225738468507897,-13.5087949052522
"SL18-CC-1-FG1xSL18-NC-15-MG3",0.0122756053271605,0.110482298625179,0.11790036760508,115.366974664111
"SL18-CC-1-FG1xSL18-CC-4-MG11",-0.0257221326004088,-0.0117004614285421,-0.0435290528818301,14.8578076664951
"SL18-CC-5-FG2xSL18-NC-9-MG2",0.0416219794918594,0.197249286111352,0.266494726397902,1.86908192268226
"SA18-CB-9-FG1xSL18-JS-19-MG1",0.0630818802749093,0.176889204169946,0.648798438294641,-26.2324377539146
"SL18-NL-3-FG1xSL18-OD-3-MG1",-0.116740010105562,-0.300461351589298,-0.484583580257451,-20.4823455291826
"SL18-CC-5-FG3xSA18-CB-1-MG12",0.0219079055467285,0.107958220641144,-0.72296936622853,-18.8357848031885
"SL18-CC-8-FG2xSL18-NC-5-MG3",-0.0782082674111246,-0.30359401394401,-0.841363294159401,-13.7106845701921
"SL18-CC-6-FG3xSL18-OI-14-MG2",-0.0553491591055019,-0.140831248452611,0.197138411266287,-54.68640043081
"SL18-NC-12-FG2xSA18-CB-3-MG1",-0.0129253601883458,-0.00774041734176043,-0.0387576258645695,11.2843487097942
"SL18-CC-3-FG3xSL18-OD-6-MG3",0.0802877499893575,0.262059234964899,0.343211217574356,-13.714685511628
"SL18-CC-6-FG2xSL18-OI-14-MG1",0.0185430690643336,0.0675453026236238,-0.409772021103288,-33.606922417026
"SL18-JS-19-FG3xSA18-CB-3-MG2",-0.0751028298000926,-0.283184998119841,-1.00514796336165,-22.8898120838885
"SL18-NC-12-FG2xSL18-NL-5-MG2",-0.0681708955255739,-0.125311438401885,-0.159060181615296,3.12647624306717
"SL18-JS-5-FG1xSA18-CB-1-MG12",-0.11461352853668,-0.358248316874639,-0.800138748019724,-44.1714350918978
"SL18-JS-16-FG3xSA18-CB-4-MG3",-0.0780007732166911,-0.190490910016812,-0.64733423177771,-42.1993908902397
"SL18-OI-4-FG2xSA18-CB-7-MG2",0.164715430722416,0.355333407911256,0.655566678041066,89.16996194602
"SL18-NC-1-FG1xSL18-NC-12-MG3",-0.107357506468039,-0.2869189589733,-0.289386545294467,-16.1225722808788
"SL18-NC-15-FG3xSL18-CC-1-MG2",-0.0643624307704645,-0.168126560447644,-0.284226306381644,11.4709818644576
"SL18-SF-17-FG2xSL18-NC-12-MG1",0.0178475472918003,0.147533312684591,-0.0486966890568425,-1.63397010427841
"SL18-LL-9-FG2xSA18-CB-5-MG3",-0.058664475555982,-0.248983043012379,-0.290822620836145,-22.7122204170201
"SL18-SF-17-FG2xSA18-CB-7-MG3",0.15039459372773,0.39775012472176,0.279925139166396,20.8689728366507
"SA18-CB-4-FG6xSL18-JS-6-MG3",0.168502235792848,0.411701466267525,1.00619587106819,-20.1297870254241
"SL18-CC-3-FG1xSL18-JS-11-MG2",-0.0362419501970392,-0.148403793563218,-0.223289762331923,6.18238419593761
"SA18-CB-5-FG6xSL18-CC-6-MG2",0.0124000537127164,0.102884778194022,0.0218285811027784,-41.421239116611
"SL18-JS-19-FG3xSL18-OI-17-MG1",-0.067512638970683,-0.157812884942172,-0.0799892514713092,-35.0096608244232
"SL18-OI-17-FG4xSL18-CC-7-MG1",0.114966899058905,0.406224659614052,-0.752958875773587,18.6687057687781
"SL18-OI-17-FG1xSL18-OI-4-MG1",-0.0315145356195786,-0.0924707669759476,-0.0497882306693114,14.1087194345991
"SL18-CC-6-FG2xSL18-OI-11-MG4",-0.0237159262314811,0.038898124278927,-0.534385125495092,-11.2370455549041
"SL18-JS-9-FG3xSA18-CB-10-MG1",-0.00544963669298039,-0.124553894400092,-0.433318364221183,-19.8402249879824
"SL18-OI-6-FG3xSL18-JS-6-MG1",0.168049636391498,0.269754597940927,5.51465363694793,-7.00000736872879
"SL18-SF-13-FG2xSL18-JS-11-MG3",0.0513856272162145,0.173990243051393,-0.759399944222859,19.4211580984596
"SL18-JS-19-FG3xSL18-LD-13-MG3",-0.102328663748786,-0.263311811032927,-0.298010070894497,-34.9088336090373
"SA18-CB-2-FG3xSL18-CC-2-MG5",0.111167522107895,0.364370593172087,-0.703981102133096,-4.37829021183395
"SA18-CB-9-FG1xSL18-OI-7-MG3",0.141563810980887,0.391225952778497,0.226721684253609,4.1072692644527
"SL18-CC-3-FG1xSL18-OI-16-MG2",-0.00300840530067225,-0.00889661720097432,0.581443891180526,1.77730471035099
"SL18-CC-8-FG1xSL18-NC-8-MG2",-0.173443713704299,-0.507646547606434,-0.120312190762999,-42.6937746288019
"SL18-SF-13-FG2xSA18-CB-2-MG3",0.151223584881449,0.478072968746758,-0.245714407347262,14.1216293857014
"SL18-SF-13-FG2xSL18-JS-9-MG2",0.00875800499996845,0.119087998506359,-0.421983951560336,-0.499493937369479
"SL18-JS-19-FG2xSA18-CB-10-MG3",0.005689924743294,-0.0708019726990655,0.191861279865479,-35.579338560282
"SL18-CC-6-FG1xSL18-JS-5-MG2",-0.094210213907909,-0.196950711290355,-1.28579799461156,-25.6679573969888
"SL18-CC-12-FG2xSL18-LL-9-MG4",0.173634593985877,0.579916482996526,-0.462241888640456,98.4091137337596
"SL18-NL-3-FG1xSL18-OI-7-MG3",-0.00222086793503647,0.0623901922786214,-0.884083646817463,-4.36582340562694
"SL18-NL-5-FG1xSL18-OI-14-MG1",0.0136446332667583,-0.0524833140163515,0.315193012314792,-29.8814618390183
"SL18-NC-8-FG1xSL18-NL-7-MG2",-0.0785368088216261,-0.261794340391221,1.08570760756113,-30.996314173051
"SL18-JS-5-FG2xSL18-OI-5-MG3",-0.0998920055169997,-0.316977463015516,-0.145801477685521,-35.7911116671961
"SL18-CC-10-FG4xSL18-NC-2-MG2",0.104905928444185,0.336739211018095,0.280469323503236,-0.0602156180027532
"SL18-NC-5-FG3xSL18-OI-2-MG2",-0.0990377346755583,-0.270590077425193,-0.327061957979494,11.5711062253719
"SL18-OI-16-FG2xSL18-OI-18-MG1",-0.0847107464094378,-0.236886391714193,0.355177550306468,-12.6151055456388
"SL18-CC-1-FG2xSL18-NC-11-MG2",-0.0680045434760039,-0.120525736942246,-0.18744811270779,2.52088493552266
"SL18-CC-12-FG3xSL18-NC-11-MG2",0.0115479792541469,0.102497933532887,-0.146989373269926,32.6705837964268
"SA18-CB-7-FG1xSL18-LD-1-MG1",0.0424725569263162,0.0995036744852771,0.469104582439915,4.20271974284061
"SL18-NC-10-FG3xSA18-CB-3-MG2",-0.0997481808881478,-0.323510015687072,-2.84409429133975,6.34450562585786
"SA18-CB-5-FG1xSA18-CB-10-MG1",0.0986700470321682,0.139753651778203,0.0218569198105122,-14.4251371409557
"SL18-UCONN-S142-MG5",-0.00265286271501088,0.0103584157760121,0.0270137415291546,1.9810656099024
"SL18-UCONN-S142-MG3",-0.00265286271501114,0.0103584157760114,0.0270137415291538,1.98106560990231
"SL18-UCONN-S142-FG4",-0.00265286271501094,0.0103584157760123,0.0270137415291545,1.98106560990237
"SL18-UCONN-S142-FG3",-0.00265305176698584,0.010357983648281,0.0270126012508236,1.98103609567172
"SL18-UCONN-S142-MG1",-0.00265286271501092,0.0103584157760121,0.0270137415291533,1.98106560990239
"SL18-UCONN-S142-MG4",-0.00265286271501079,0.0103584157760125,0.027013741529154,1.98106560990246
"SL18-UCONN-S142-FG1",-0.0026530935913618,0.010357893776378,0.0270123541195371,1.98102810368814
"SL18-UCONN-S142-FG2",-0.00265305176698563,0.0103579836482817,0.0270126012508242,1.98103609567179
"SL18-UCONN-S142-MG2",-0.00265286271501139,0.0103584157760109,0.0270137415291528,1.98106560990241
"SL18-UCONN-S143-FG1",0.00992066744029798,0.0375782362379828,-0.142533678719276,1.59949923157887
"SL18-UCONN-S143-FG2",0.00992066744029817,0.0375782362379832,-0.142533678719272,1.59949923157887
"SL18-UCONN-S143-FG3",0.00992066744029825,0.0375782362379834,-0.142533678719274,1.599499231579
"SL18-UCONN-S143-MG1",0.00992066744029806,0.0375782362379827,-0.142533678719275,1.5994992315789
"SL18-UCONN-S143-MG2",0.009920667440298,0.0375782362379826,-0.142533678719274,1.59949923157891
"SL18-UCONN-S143-MG3",0.00992066744029811,0.0375782362379829,-0.142533678719275,1.59949923157888
"SL18-UCONN-S157-FG1",-0.00155307728398058,0.010807283535243,0.106185036612685,2.72253536524807
"SL18-UCONN-S157-FG2",-0.0015531911638339,0.0108070305893874,0.106184178298804,2.72251605450232
"SL18-UCONN-S157-FG3",-0.00155327536581529,0.0108068228388961,0.106182979995418,2.72249642373032
"SL18-UCONN-S157-MG1",-0.00155320596398649,0.010807027609585,0.106184438610811,2.72251961638445
"SL18-UCONN-S157-MG2",-0.00155320596398667,0.0108070276095845,0.10618443861081,2.72251961638437
"SL18-UCONN-S157-MG3",-0.00155307728398077,0.0108072835352425,0.106185036612684,2.72253536524803
"SL18-UCONN-S158-FG1",-0.00659474317536842,-0.0323956522359496,0.146011411716085,-2.77511270674847
"SL18-UCONN-S158-FG2",-0.00659474317536863,-0.0323956522359499,0.146011411716082,-2.77511270674843
"SL18-UCONN-S158-FG3",-0.0065947431753685,-0.0323956522359497,0.146011411716084,-2.7751127067484
"SL18-UCONN-S158-MG1",-0.00659474317536842,-0.0323956522359494,0.146011411716085,-2.77511270674842
"SL18-UCONN-S158-MG2",-0.0065947431753683,-0.032395652235949,0.146011411716085,-2.7751127067484
"SL18-UCONN-S158-MG3",-0.00659474317536823,-0.0323956522359489,0.146011411716084,-2.77511270674837
"SL18-UCONN-S2-FG1",0.0220396058962235,0.0223464873439689,-0.10767717966547,9.31465537491802
"SL18-UCONN-S2-FG2",0.0220396000791741,0.0223465079989939,-0.107677141055431,9.31466137977325
"SL18-UCONN-S2-FG3",0.0220396058962234,0.0223464873439683,-0.10767717966547,9.31465537491803
"SL18-UCONN-S2-MG1",0.0220396000791743,0.0223465079989943,-0.10767714105543,9.31466137977329
"SL18-UCONN-S2-MG2",0.0220396000791744,0.0223465079989947,-0.10767714105543,9.31466137977333
"SL18-UCONN-S2-MG3",0.022039433591166,0.0223460775770933,-0.107676892248484,9.31463168684955
"SL18-UCONN-S32-FG1",0.022313920554246,0.0188647904732593,-0.196018115628255,28.3174233253433
"SL18-UCONN-S32-FG2",0.0223139205542456,0.0188647904732582,-0.196018115628254,28.3174233253433
"SL18-UCONN-S32-FG3",0.0223139205542456,0.0188647904732581,-0.196018115628257,28.3174233253432
"SL18-UCONN-S32-MG1",0.0223139205542455,0.0188647904732579,-0.196018115628258,28.3174233253433
"SL18-UCONN-S32-MG2",0.0223139205542457,0.0188647904732584,-0.196018115628254,28.3174233253433
"SL18-UCONN-S32-MG3",0.0223139205542455,0.0188647904732579,-0.196018115628256,28.3174233253433
"SL18-UCONN-S4-FG1",0.049334942899144,0.0698766228798844,0.0109282065715523,-7.21259611769448
"SL18-UCONN-S4-FG2",0.0493349428991441,0.0698766228798846,0.0109282065715527,-7.21259611769447
"SL18-UCONN-S4-FG3",0.0493349428991441,0.0698766228798844,0.0109282065715529,-7.21259611769451
"SL18-UCONN-S4-MG1",0.0493349428991445,0.0698766228798858,0.0109282065715514,-7.21259611769454
"SL18-UCONN-S4-MG2",0.049334942899144,0.0698766228798844,0.0109282065715518,-7.21259611769454
"SL18-UCONN-S4-MG3",0.0493349428991437,0.0698766228798838,0.0109282065715522,-7.21259611769451
"SL18-UCONN-S57-FG1",-0.015615196421782,-0.0499037247060943,-0.22050410913757,-12.4406371608216
"SL18-UCONN-S57-FG2",-0.0156151601924595,-0.0499035676376563,-0.220504536717782,-12.4406333541243
"SL18-UCONN-S57-FG3",-0.0156151573898627,-0.0499035585733717,-0.220504837054213,-12.4406401141771
"SL18-UCONN-S57-MG1",-0.0156152434639054,-0.0499038844575169,-0.220504390533196,-12.4406538482106
"SL18-UCONN-S57-MG2",-0.0156152434639053,-0.0499038844575169,-0.220504390533193,-12.4406538482106
"SL18-UCONN-S57-MG3",-0.0156152434639056,-0.0499038844575174,-0.220504390533195,-12.4406538482106
"SL18-UCONN-S5-FG1",0.0190877858937829,0.043908658401354,0.0444668363565592,11.6388274067263
"SL18-UCONN-S5-FG2",0.019087785893783,0.0439086584013546,0.0444668363565592,11.6388274067264
"SL18-UCONN-S5-FG3",0.0190877858937827,0.0439086584013536,0.0444668363565601,11.6388274067263
"SL18-UCONN-S5-MG1",0.0190875984571279,0.0439081622271416,0.0444669946002726,11.6387897872123
"SL18-UCONN-S5-MG2",0.0190877858937829,0.0439086584013546,0.044466836356559,11.6388274067264
"SL18-UCONN-S5-MG3",0.0190877858937831,0.0439086584013547,0.0444668363565602,11.6388274067264
"SL18-UCONN-S73-FG1",-0.0105059248856141,-0.0488926749961047,0.0205185474361624,-4.93515088854071
"SL18-UCONN-S73-FG2",-0.0105059248856141,-0.0488926749961049,0.0205185474361651,-4.93515088854072
"SL18-UCONN-S73-FG3",-0.0105059248856139,-0.0488926749961043,0.0205185474361645,-4.93515088854076
"SL18-UCONN-S73-MG1",-0.0105059248856143,-0.0488926749961053,0.0205185474361617,-4.9351508885407
"SL18-UCONN-S73-MG2",-0.0105059248856136,-0.0488926749961035,0.0205185474361644,-4.93515088854063
"SL18-UCONN-S73-MG3",-0.0105059248856139,-0.0488926749961043,0.0205185474361627,-4.93515088854067
"SL18-UCONN-S78-FG1",-0.0359125169090864,-0.138801535583699,-0.107639586240492,-15.9220313394562
"SL18-UCONN-S78-FG2",-0.0359124377904692,-0.138801447529026,-0.107638731910546,-15.9220324540921
"SL18-UCONN-S78-FG3",-0.0359124377904694,-0.138801447529026,-0.107638731910547,-15.9220324540921
"SL18-UCONN-S78-MG1",-0.0359124377904693,-0.138801447529026,-0.107638731910546,-15.922032454092
"SL18-UCONN-S78-MG2",-0.035912437790469,-0.138801447529025,-0.107638731910544,-15.922032454092
"SL18-UCONN-S78-MG3",-0.035912437790469,-0.138801447529025,-0.107638731910545,-15.922032454092
"SL18-UCONN-S94-FG1",0.0396175188408416,0.0689355918840085,-0.0602073142313246,25.8131378619204
"SL18-UCONN-S94-FG2",0.0396172629133275,0.068935150304023,-0.0602087734932544,25.8131053112411
"SL18-UCONN-S94-FG3",0.0396172629133277,0.0689351503040233,-0.0602087734932545,25.813105311241
"SL18-UCONN-S94-MG1",0.0396175188408413,0.0689355918840083,-0.0602073142313275,25.8131378619203
"SL18-UCONN-S94-MG2",0.0396175188408415,0.0689355918840085,-0.0602073142313258,25.8131378619203
"SL18-UCONN-S94-MG3",0.0396175188408414,0.0689355918840084,-0.0602073142313256,25.8131378619204
"SL18-UCONN-S11-FG1",0.0419002195158985,0.0821910259633229,0.033356388962252,20.2036800208676
"SL18-UCONN-S11-FG2",0.041900219515899,0.0821910259633243,0.0333563889622504,20.2036800208676
"SL18-UCONN-S11-FG3",0.0419002195158987,0.0821910259633234,0.0333563889622499,20.2036800208676
"SL18-JS-19-FG5xSL18-OI-4-MG1",-0.0712673026280027,-0.178227305153822,0.198942719500518,-7.02521335485402
"SL18-UCONN-S157-FG2xSL18-OI-17-MG3",0.0173573197687592,0.0720268280045314,0.0192694032451156,3.92580541762014
"SL18-CC-3-FG1xSL18-OI-7-MG2",0.0746172254915612,0.217574765667583,0.0122726938037167,7.70255730257517
"SL18-JS-5-FG1xSL18-CC-7-MG1",-0.0474865623698471,-0.0577182222750972,-1.29970775357134,-23.4699042472959
"SL18-UCONN-S142-FG3xSL18-OI-15-MG1",0.0245790910274753,0.0926471262651766,0.234623986354087,3.13999394258398
"SL18-CC-6-FG3xSL18-OI-11-MG2",-0.0712918561572335,-0.140610680877203,-0.231848980025856,-31.1108112872283
"SL18-UCONN-S157-FG3xSL18-LD-2-MG2",0.0239685727794488,0.0882922616925617,0.400685552667445,15.9543047868252
"SA18-CB-10-FG6xSL18-NC-2-MG1",0.115032161329543,0.285820978930592,-0.0635532110918638,8.98264889852061
"SL18-UCONN-S57-FG2xSL18-OI-11-MG3",-0.0448082146018259,-0.106471228207953,-0.233059001518503,-13.2708820053411
"SL18-CC-12-FG2xSA18-CB-7-MG1",0.177216173398603,0.502719219398911,0.261838594173033,36.242777586631
"SL18-CC-12-FG3xSL18-JS-6-MG1",0.10214635217545,0.203100109023345,3.14677968575868,10.0016067736565
"SL18-JS-5-FG2xSL18-CC-2-MG6",-0.0177205363225712,-0.0210832036571944,-0.810679370340761,-20.7788200687225
"SL18-UCONN-S94-FG3xSL18-OI-15-MG1",0.0668494121086865,0.151224240820332,0.147402548661322,26.9720618257908
"SL18-UCONN-S142-FG2xSL18-OI-15-MG1",0.0245790910274755,0.0926471262651771,0.234623986354088,3.13999394258406
"SA18-CB-10-FG6xSL18-OI-15-MG2",0.135399242642212,0.310645754552449,0.26090708604199,-0.612977371781679
"SL18-JS-6-FG2xSL18-NC-2-MG3",0.110917143532439,0.337386505652619,1.06149982470587,4.12906588976135
"SL18-JS-5-FG1xSL18-CC-7-MG2",-0.0592633933130079,-0.109377846885118,-1.11748037194045,-29.0733584158946
"SA18-CB-4-FG6xSL18-NC-2-MG3",0.107533382513794,0.339058471935577,-0.559537408481206,0.940529930533086
"SL18-UCONN-S94-FG3xSL18-OI-17-MG3",0.0585277897748672,0.13015492391647,-0.147123623387388,27.0163954348102
"SL18-UCONN-S2-FG3xSL18-NC-2-MG3",0.0759100032801621,0.242893816173515,-0.385059690651424,23.3960686625895
"SA18-CB-4-FG6xSL18-NC-2-MG1",0.112616625930796,0.326847053855145,-0.357985859714268,-2.62817419982011
"SL18-UCONN-S142-FG1xSL18-OI-17-MG3",0.0162574272252157,0.0715777271741337,-0.0599024837670317,3.18432175394739
"SL18-CC-9-FG1xSL18-OI-18-MG1",-0.0244925761231125,-0.0441354197208342,-0.0376452301467348,-2.32885455260629
"SL18-SF-13-FG2xSL18-NC-2-MG3",0.153133692258473,0.559732030147526,-0.603085884736299,33.5494467964486
"SL18-CC-1-FG2xSL18-OI-11-MG2",-0.0369496131655805,-0.0658148141334676,0.0241626473253797,-2.37808588619756
"SL18-JS-16-FG1xSL18-CC-7-MG1",-0.00408151537108738,0.0175977002562198,-0.233706563072165,-3.14204664636383
"SL18-JS-9-FG3xSL18-NL-2-MG1",-0.166750059566852,-0.449958328346787,-0.268694787668596,-31.5441200941809
"SL18-NC-15-FG2xSL18-OI-11-MG2",-0.0187892968274686,-0.0272432754751934,-0.093405629392557,29.3587167373215
"SL18-CC-1-FG2xSL18-CC-2-MG6",0.00778745927749879,0.0730864522762307,-0.371735795388916,3.53221289270249
"SL18-NC-15-FG2xSL18-CC-2-MG6",0.0259477869999519,0.111658019723418,-0.489304083255979,35.2690178454697
"SA18-CB-2-FG3xSL18-JS-19-MG1",0.0455716277180683,0.17713178050773,0.327578037756568,-30.3025986123399
"SL18-CC-5-FG3xSL18-NC-2-MG1",0.0998016256414158,0.422038719750852,-0.899709624667176,1.9458105495897
"SL18-JS-5-FG1xSL18-OI-18-MG4",-0.115279034511619,-0.304971824572318,-0.718311427229562,-36.2976604114655
"SL18-UCONN-S57-FG1xSL18-OI-11-MG1",-0.00327679943943246,0.00340709287777429,-0.245259164816619,-12.3622708061155
"SL18-JS-5-FG2xSL18-CC-7-MG2",-0.0171020533392179,-0.000709279689112588,-0.649194145090126,-17.6250871631631
"SL18-CC-6-FG1xSL18-OD-10-MG1",-0.0293002298251005,-0.0814607570006479,-0.276737401425343,-12.4153662740667
"SL18-UCONN-S2-FG1xSL18-NC-2-MG3",0.075910003280162,0.242893816173515,-0.385059690651424,23.3960686625895
"SL18-JS-19-FG3xSL18-OI-7-MG2",-0.0449255552326161,-0.116505785914878,-0.193278327376341,-35.1095523512101
"SL18-NC-12-FG2xSL18-OD-6-MG2",-0.0530282539865549,-0.0514404885806451,0.20605613848042,-3.40798532025496
"SL18-UCONN-S142-FG1xSL18-OI-15-MG1",0.0245790506109971,0.0926470453484669,0.234623700661808,3.13998808739173
"SL18-CC-6-FG3xSL18-CC-7-MG1",-0.0141594738754565,0.0703241261594474,-0.648489620876666,-16.4433267846224
"SL18-LD-13-FG2xSL18-OD-3-MG1",-0.114302128147178,-0.356645388305081,0.291738140555297,-17.7967454393791
"SL18-SF-13-FG2xSL18-UCONN-S5-MG1",0.118350925607438,0.383092978572819,-0.281236653302441,31.1068374441156
"SL18-UCONN-S57-FG3xSL18-OI-11-MG3",-0.0448082047226153,-0.106471192222675,-0.233059254396287,-13.2708844228737
"SL18-JS-16-FG1xSL18-OI-18-MG4",-0.0718739793525295,-0.229655877922605,0.347689777205454,-15.9698014588368
"SA18-CB-10-FG6xSL18-NC-2-MG3",0.109948917968097,0.298032397003886,-0.265104765008448,12.5513532209378
"SL18-SF-13-FG2xSL18-NC-2-MG1",0.158216937073995,0.547520618082302,-0.401534345541394,29.9807429250288
"SL18-JS-16-FG3xSL18-JS-9-MG3",-0.160328410121517,-0.430338422785839,-0.326640640396442,-41.3788673542343
"SL18-NC-12-FG1xSL18-NL-9-MG2",-0.0638211064115953,-0.145313250910497,-0.0795433019131558,-13.0542746847795
"SA18-CB-10-FG6xSL18-JS-6-MG1",0.106676435492118,0.10722692161508,3.11241689695306,-23.5349109145968
"SA18-CB-4-FG6xSL18-OI-15-MG2",0.132983705100467,0.351671824418546,-0.033525591988733,-12.2238009822644
"SL18-JS-5-FG2xSL18-OI-11-MG2",-0.0624576119072828,-0.15998447039264,-0.414780986268168,-26.6891191478553
"SL18-CC-3-FG3xSL18-UCONN-S157-MG1",0.0485235862826457,0.1567703821301,0.169270572337531,-0.967823438482153
"SL18-CC-3-FG3xSL18-OI-15-MG1",0.0773089237606713,0.22825242418279,0.27069753438729,-2.53139183531131
"SL18-NL-10-FG2xSL18-OI-11-MG1",-0.0157881492474096,-0.0301543586570753,0.0887145692472389,-6.77860276224659
"SL18-CC-5-FG1xSL18-OI-15-MG2",0.101181653168523,0.337886963888419,-0.343328850339795,-8.09347034389572
"SL18-UCONN-S157-FG3xSL18-OI-17-MG3",0.0173572363219963,0.0720266286636,0.0192682206089274,3.92578738908477
"SL18-JS-16-FG1xSL18-CC-2-MG6",-0.0164768274253041,-0.0544358369524369,-0.212964399951492,-11.8992336379247
"SA18-CB-5-FG3xSL18-NL-5-MG1",-0.00583157286336332,-0.0609719949486772,0.0338386947199828,-20.8430625682773
"SL18-UCONN-S94-FG2xSL18-OI-17-MG3",0.0585277897748673,0.13015492391647,-0.147123623387387,27.0163954348103
"SL18-JS-9-FG3xSL18-JS-5-MG2",-0.147906046978474,-0.331637298529121,-1.39488942343694,-25.3313567866913
"SL18-CC-6-FG3xSL18-OI-18-MG1",-0.0944684384106199,-0.204088366003952,-0.0535419591540678,-30.4166237075916
"SA18-CB-1-FG2xSL18-LD-1-MG1",0.00446159832377248,0.0071597329339682,0.363314742829937,-3.72323394248107
"SL18-SF-13-FG2xSL18-UCONN-S2-MG3",0.12130275976768,0.361530878335344,-0.433380524295856,28.7826763585404
"SL18-JS-5-FG1xSL18-JS-11-MG3",-0.143551151027862,-0.417698335506949,-1.33474426902894,-33.9494364225931
"SL18-CC-5-FG1xSL18-NC-2-MG1",0.0808145710131623,0.313062183166322,-0.667789134807199,1.50215530789661
"SL18-CC-6-FG2xSL18-OI-18-MG1",-0.0406684867071226,-0.0242445563037009,-0.41864682541591,-10.5458918746465
"SL18-NC-1-FG1xSL18-NL-6-MG3",-0.0645612007181097,-0.199001954375633,-0.180838794354409,-12.0801695599061
"SL18-OI-17-FG1xSL18-NC-2-MG3",0.0466610385301466,0.190728876143691,-0.44455559724048,8.80112356152475
"SL18-JS-16-FG1xSL18-OI-18-MG3",-0.0869855231909646,-0.249181390654301,0.517158756207008,-19.1168009367089
"SL18-CC-5-FG3xSL18-NC-2-MG3",0.0947183825678282,0.434250135862,-1.10126113997634,5.51451507571292
"SL18-NC-15-FG1xSL18-OD-10-MG2",0.0000980880693427955,0.025491606822097,-0.109253056631588,34.2134519288473
"SL18-CC-1-FG2xSL18-CC-7-MG2",0.00840594569840235,0.0934603912511352,-0.210250566939634,6.68594754384086
"SL18-CC-6-FG3xSL18-CC-2-MG6",-0.026554786388277,-0.00170942394135673,-0.627747422687629,-25.2005138159974
"SL18-UCONN-S57-FG2xSL18-OI-11-MG1",-0.00327677242850282,0.00340721696897188,-0.245259641902432,-12.3622716796187
"SL18-JS-19-FG3xSL18-LD-1-MG3",-0.0736927060081934,-0.18656249020535,0.0359801704014002,-29.2751312915744
"SL18-CC-3-FG3xSL18-JS-19-MG1",0.0453567580818055,0.163330307357473,0.379273071169241,-29.8032871250178
"SL18-UCONN-S78-FG1xSL18-OI-11-MG2",-0.0448580640922433,-0.154950980065212,-0.0896587854857061,-20.1568858793146
"SL18-JS-6-FG2xSL18-NC-2-MG1",0.116000385309714,0.325175085623952,1.26305140756643,0.560360954143145
"SL18-CC-3-FG3xSL18-UCONN-S157-MG2",0.0485235862826456,0.156770382130099,0.169270572337534,-0.967823438482253
"SL18-CC-5-FG2xSL18-JS-6-MG2",0.164250545167586,0.464766653696761,1.15429399505993,1.76868796809583
"SL18-CC-9-FG1xSL18-OI-11-MG2",-0.00131600175518365,0.0193422437038375,-0.215952293132305,-3.02304504505268
"SL18-UCONN-S94-FG2xSL18-OI-15-MG1",0.0668494121086861,0.151224240820331,0.147402548661322,26.9720618257907
"SL18-JS-5-FG2xSL18-CC-7-MG1",-0.00532522488717017,0.0509503394253036,-0.831421559022222,-12.0216335358141
