"","BLUE_DwPM_2Yrs","CrossName","BLUE_DwPM_2019","BLUE_DwPM_2020","BLUE_DwPM_2019_2","BLUE_DwPM_2020_2","BV_DWpM"
"SA18-CB-10-FG2xSL18-LL-9-MG1",-0.168129123911242,"SA18-CB-10-FG2xSL18-LL-9-MG1",-0.113933933933933,NA,-0.113933933933929,NA,0.00837783327063071
"SA18-CB-2-FG3xSL18-CC-2-MG5",1.22136395662682,"SA18-CB-2-FG3xSL18-CC-2-MG5",NA,NA,NA,NA,0.14727505497607
"SA18-CB-2-FG3xSL18-NC-9-MG1",0.13695739091747,"SA18-CB-2-FG3xSL18-NC-9-MG1",NA,-0.776100272249998,NA,-0.77610027225,0.0275606190928376
"SA18-CB-2-FG3xSL18-OI-2-MG2",0.231916064684984,"SA18-CB-2-FG3xSL18-OI-2-MG2",NA,-0.879332349999997,NA,-0.879332350000004,0.00321521849464272
"SA18-CB-4-FG3xSA18-CB-4-MG3",-0.168127888117815,"SA18-CB-4-FG3xSA18-CB-4-MG3",-0.0718318318318311,NA,-0.0718318318318262,NA,0.0246816010145499
"SA18-CB-4-FG6xSL18-JS-6-MG3",0.924804632358453,"SA18-CB-4-FG6xSL18-JS-6-MG3",NA,0.346583576000004,NA,0.346583576,0.209596833056979
"SA18-CB-5-FG4xSL18-CC-1-MG3",0.0514581330360505,"SA18-CB-5-FG4xSL18-CC-1-MG3",NA,-0.856284585499997,NA,-0.856284585499999,0.0538407316540174
"SA18-CB-5-FG6xSL18-CC-6-MG2",0.338573749675651,"SA18-CB-5-FG6xSL18-CC-6-MG2",NA,-0.800602205999999,NA,-0.800602205999999,0.0180406852292283
"SA18-CB-7-FG1xSL18-LD-1-MG1",0.196290532696597,"SA18-CB-7-FG1xSL18-LD-1-MG1",NA,-1.1264591395,NA,-1.1264591395,0.0329018912017165
"SA18-CB-7-FG1xSL18-LL-9-MG3",-0.0400000000000033,"SA18-CB-7-FG1xSL18-LL-9-MG3",-0.0399999999999994,NA,-0.039999999999995,NA,0.0629208496829502
"SA18-CB-9-FG1xSL18-JS-19-MG1",0.632607996784839,"SA18-CB-9-FG1xSL18-JS-19-MG1",NA,-0.426143038749996,NA,-0.426143038750004,0.0930642676651153
"SA18-CB-9-FG1xSL18-JS-5-MG3",0.0726522989500146,"SA18-CB-9-FG1xSL18-JS-5-MG3",NA,-0.986586094000001,NA,-0.986586094000003,0.0774883625235308
"SA18-CB-9-FG1xSL18-OI-7-MG3",0.904291217068682,"SA18-CB-9-FG1xSL18-OI-7-MG3",NA,-0.277182407000001,NA,-0.277182406999998,0.187645437535272
"SL18-CC-1-FG1xSL18-CC-4-MG11",0.143774240066132,"SL18-CC-1-FG1xSL18-CC-4-MG11",NA,-1.083361213,NA,-1.083361213,-0.0258852972689119
"SL18-CC-1-FG1xSL18-NC-15-MG3",0.539755977066131,"SL18-CC-1-FG1xSL18-NC-15-MG3",NA,-0.687379475999999,NA,-0.687379476000003,0.0275396735982507
"SL18-CC-1-FG1xSL18-OI-16-MG3",-0.0465869053973125,"SL18-CC-1-FG1xSL18-OI-16-MG3",NA,-0.495573153999999,NA,-0.495573154,-0.0760406944645997
"SL18-CC-1-FG2xSL18-NC-11-MG2",-0.0711039789523363,"SL18-CC-1-FG2xSL18-NC-11-MG2",NA,-1.190347955,NA,-1.190347955,-0.0917410789564689
"SL18-CC-1-FG2xSL18-OI-16-MG1",0.378749851489636,"SL18-CC-1-FG2xSL18-OI-16-MG1",NA,-0.88258288649999,NA,-0.882582886499989,-0.0804644122951423
"SL18-CC-1-FG2xSL18-OI-16-MG3",-0.0608364533150164,"SL18-CC-1-FG2xSL18-OI-16-MG3",NA,-1.172084868,NA,-1.172084868,-0.116564497640285
"SL18-CC-1-FG3xSL18-OI-9-MG2",-0.144670430970926,"SL18-CC-1-FG3xSL18-OI-9-MG2",NA,-1.07418665875,NA,-1.07418665875,-0.063586060206119
"SL18-CC-10-FG4xSL18-NC-2-MG2",0.510035598929084,"SL18-CC-10-FG4xSL18-NC-2-MG2",NA,-0.61452332175,NA,-0.614523321750002,0.135206605008249
"SL18-CC-11-FG3xSA18-CB-3-MG3",1.65850658075006,"SL18-CC-11-FG3xSA18-CB-3-MG3",NA,0.657945972000002,NA,0.657945971999999,0.225654871550173
"SL18-CC-11-FG3xSL18-CC-3-MG1",-0.039407464822131,"SL18-CC-11-FG3xSL18-CC-3-MG1",NA,-1.14045616875,NA,-1.14045616875,0.151846205278887
"SL18-CC-11-FG3xSL18-JS-16-MG1",0.416287608029074,"SL18-CC-11-FG3xSL18-JS-16-MG1",NA,-0.513228619749998,NA,-0.513228619750003,0.112419083951666
"SL18-CC-11-FG3xSL18-NC-2-MG3",0.633560181598714,"SL18-CC-11-FG3xSL18-NC-2-MG3",NA,-0.365368541749996,NA,-0.36536854175,0.214544544699883
"SL18-CC-12-FG2xSL18-LL-9-MG4",0.941452459961629,"SL18-CC-12-FG2xSL18-LL-9-MG4",NA,-0.329287190500003,NA,-0.329287190500002,0.198014093530799
"SL18-CC-12-FG2xSL18-OI-15-MG2",0.906267046598715,"SL18-CC-12-FG2xSL18-OI-15-MG2",NA,-0.0926616767499983,NA,-0.0926616767500002,0.275025782208823
"SL18-CC-12-FG3xSL18-NC-11-MG2",-0.0973712539523358,"SL18-CC-12-FG3xSL18-NC-11-MG2",NA,-1.21661523,NA,-1.21661523,0.0123587142622032
"SL18-CC-12-FG3xSL18-OI-15-MG2",0.4808139022919,"SL18-CC-12-FG3xSL18-OI-15-MG2",NA,-0.509195265999998,NA,-0.509195265999997,0.168338440927629
"SL18-CC-12-FG3xSL18-OI-15-MG3",0.0903995025987136,"SL18-CC-12-FG3xSL18-OI-15-MG3",NA,-0.908529220749997,NA,-0.90852922075,0.0806997215920977
"SL18-CC-3-FG1xSL18-JS-11-MG2",-0.182443294641549,"SL18-CC-3-FG1xSL18-JS-11-MG2",NA,-0.760664350999997,NA,-0.760664351000001,-0.0557160269525714
"SL18-CC-3-FG1xSL18-JS-5-MG2",0.840692242319702,"SL18-CC-3-FG1xSL18-JS-5-MG2",NA,-0.229280861999997,NA,-0.229280862000002,-0.0157316437372082
"SL18-CC-3-FG1xSL18-JS-6-MG3",0.34374451803605,"SL18-CC-3-FG1xSL18-JS-6-MG3",NA,-0.563998200499999,NA,-0.563998200499999,0.196774729719013
"SL18-CC-3-FG1xSL18-OI-16-MG2",0.133503713068682,"SL18-CC-3-FG1xSL18-OI-16-MG2",NA,-1.047969911,NA,-1.047969911,0.0142605258379028
"SL18-CC-3-FG2xSA18-CB-10-MG3",1.95023404168499,"SL18-CC-3-FG2xSA18-CB-10-MG3",NA,0.838985627000004,NA,0.838985626999997,0.198292541851357
"SL18-CC-3-FG2xSA18-CB-4-MG2",0.105245827440696,"SL18-CC-3-FG2xSA18-CB-4-MG2",NA,-1.056295817,NA,-1.056295817,0.15350738936135
"SL18-CC-3-FG2xSL18-OD-6-MG1",0.764268028880007,"SL18-CC-3-FG2xSL18-OD-6-MG1",NA,-0.403045111999999,NA,-0.403045112000001,0.14062877352635
"SL18-CC-3-FG2xSL18-OI-11-MG3",0.236301593047662,"SL18-CC-3-FG2xSL18-OI-11-MG3",NA,-0.882942383,NA,-0.882942383,0.0442361899624113
"SL18-CC-3-FG3xSL18-OD-6-MG3",0.442661217047664,"SL18-CC-3-FG3xSL18-OD-6-MG3",NA,-0.676582759000001,NA,-0.676582758999999,0.110270368282697
"SL18-CC-5-FG1xSL18-JS-9-MG1",-0.0049008210499855,"SL18-CC-5-FG1xSL18-JS-9-MG1",NA,-1.064139214,NA,-1.064139214,-0.0606674147343663
"SL18-CC-5-FG2xSA18-CB-10-MG1",1.88964145048964,"SL18-CC-5-FG2xSA18-CB-10-MG1",NA,0.628308712499994,NA,0.628308712499994,0.186764311931612
"SL18-CC-5-FG2xSL18-NC-10-MG2",0.183477920347684,"SL18-CC-5-FG2xSL18-NC-10-MG2",NA,-1.027094146,NA,-1.027094146,-0.00933154295236984
"SL18-CC-5-FG2xSL18-NC-9-MG2",-0.0189189272151628,"SL18-CC-5-FG2xSL18-NC-9-MG2",NA,-1.07766996275,NA,-1.07766996275,0.0559115935768536
"SL18-CC-5-FG3xSA18-CB-1-MG12",0.143213095440696,"SL18-CC-5-FG3xSA18-CB-1-MG12",NA,-1.018328549,NA,-1.018328549,0.0443640193774404
"SL18-CC-5-FG3xSL18-JS-19-MG2",0.0372781926849833,"SL18-CC-5-FG3xSL18-JS-19-MG2",NA,-1.073970222,NA,-1.073970222,-0.0448408937648934
"SL18-CC-5-FG3xSL18-JS-5-MG2",0.0718900482919012,"SL18-CC-5-FG3xSL18-JS-5-MG2",NA,-0.918119120000002,NA,-0.918119119999999,-0.0111032626901133
"SL18-CC-5-FG3xSL18-OI-14-MG1",1.24238629175006,"SL18-CC-5-FG3xSL18-OI-14-MG1",NA,0.241825683000003,NA,0.241825683000001,0.100861300728473
"SL18-CC-6-FG1xSL18-JS-5-MG2",-0.0466192186780184,"SL18-CC-6-FG1xSL18-JS-5-MG2",NA,-1.3560211215,NA,-1.3560211215,-0.116437048576402
"SL18-CC-6-FG2xSL18-OI-11-MG4",0.258002903833778,"SL18-CC-6-FG2xSL18-OI-11-MG4",NA,-1.024777987,NA,-1.024777987,-0.0200538320028824
"SL18-CC-6-FG2xSL18-OI-14-MG1",0.135763131440696,"SL18-CC-6-FG2xSL18-OI-14-MG1",NA,-1.025778513,NA,-1.025778513,0.0381016788842543
"SL18-CC-6-FG3xSL18-JS-9-MG2",-0.105662681494175,"SL18-CC-6-FG3xSL18-JS-9-MG2",NA,-1.235458098,NA,-1.235458098,-0.198563966391288
"SL18-CC-6-FG3xSL18-OI-14-MG2",0.0398134917057782,"SL18-CC-6-FG3xSL18-OI-14-MG2",NA,-1.148659709,NA,-1.14865970900001,-0.045412125830123
"SL18-CC-8-FG1xSL18-NC-8-MG2",-0.110325581238326,"SL18-CC-8-FG1xSL18-NC-8-MG2",NA,-1.3223874475,NA,-1.3223874475,-0.231369221263856
"SL18-CC-8-FG1xSL18-OI-18-MG3",0.0806246675058248,"SL18-CC-8-FG1xSL18-OI-18-MG3",NA,-1.049170749,NA,-1.049170749,-0.156257715536147
"SL18-CC-8-FG1xSL18-OI-7-MG1",-0.14326996551289,"SL18-CC-8-FG1xSL18-OI-7-MG1",NA,-1.12574012425,NA,-1.12574012425,-0.0946443278423198
"SL18-CC-8-FG2xSL18-JS-5-MG3",1.29337900747802,"SL18-CC-8-FG2xSL18-JS-5-MG3",NA,0.243547527000001,NA,0.243547526999999,0.0142376382401201
"SL18-CC-8-FG2xSL18-LD-9-MG1",0.36933785186154,"SL18-CC-8-FG2xSL18-LD-9-MG1",NA,-0.690083812000001,NA,-0.690083811999997,0.0245377306662172
"SL18-CC-8-FG2xSL18-NC-5-MG3",-0.196100125215163,"SL18-CC-8-FG2xSL18-NC-5-MG3",NA,-1.25485116075,NA,-1.25485116075,-0.0860269812783024
"SL18-CC-9-FG3xSL18-JS-9-MG3",0.0112005592546228,"SL18-CC-9-FG3xSL18-JS-9-MG3",NA,-1.169460351,NA,-1.169460351,-0.126140809575337
"SL18-JS-16-FG1xSL18-CC-4-MG11",-0.151354840970926,"SL18-JS-16-FG1xSL18-CC-4-MG11",NA,-1.08087106875,NA,-1.08087106875,-0.115499967116345
"SL18-JS-16-FG1xSL18-LD-2-MG2",-0.215034661963951,"SL18-JS-16-FG1xSL18-LD-2-MG2",NA,-1.1227773805,NA,-1.1227773805,-0.0635899524844815
"SL18-JS-16-FG3xSA18-CB-4-MG3",-0.220389804326765,"SL18-JS-16-FG3xSA18-CB-4-MG3",NA,-1.26268227525,NA,-1.26268227525,-0.108582105940205
"SL18-JS-16-FG3xSL18-NC-10-MG3",0.0812286946965967,"SL18-JS-16-FG3xSL18-NC-10-MG3",NA,-1.2415209775,NA,-1.2415209775,-0.179784585933593
"SL18-JS-16-FG3xSL18-OD-6-MG2",-0.0324405623973124,"SL18-JS-16-FG3xSL18-OD-6-MG2",NA,-0.481426810999996,NA,-0.481426811,-0.0934377692795608
"SL18-JS-19-FG2xSA18-CB-10-MG3",0.0963865233219814,"SL18-JS-19-FG2xSA18-CB-10-MG3",NA,-1.2130153795,NA,-1.2130153795,0.00695656282840931
"SL18-JS-19-FG3xSA18-CB-3-MG2",-0.0885071939523353,"SL18-JS-19-FG3xSA18-CB-3-MG2",NA,-1.20775117,NA,-1.20775117,-0.097187666455602
"SL18-JS-19-FG3xSL18-LD-13-MG3",0.0351535507514826,"SL18-JS-19-FG3xSL18-LD-13-MG3",NA,-0.585365173999999,NA,-0.585365174,-0.105032286495402
"SL18-JS-19-FG3xSL18-OI-17-MG1",-0.129762875933734,"SL18-JS-19-FG3xSL18-OI-17-MG1",NA,-1.21435301525,NA,-1.21435301525,-0.0879406674924314
"SL18-JS-5-FG1xSA18-CB-1-MG12",-0.246608951326765,"SL18-JS-5-FG1xSA18-CB-1-MG12",NA,-1.28890142225,NA,-1.28890142225,-0.13573500389314
"SL18-JS-5-FG1xSL18-LD-2-MG4",0.076056025291901,"SL18-JS-5-FG1xSL18-LD-2-MG4",NA,-0.913953143000001,NA,-0.913953142999999,-0.12001920916898
"SL18-JS-5-FG1xSL18-OI-14-MG1",-0.19882989451289,"SL18-JS-5-FG1xSL18-OI-14-MG1",NA,-1.18130005325,NA,-1.18130005325,-0.0792379199034657
"SL18-JS-5-FG2xSL18-OI-5-MG3",-0.143305077070915,"SL18-JS-5-FG2xSL18-OI-5-MG3",NA,-1.26786399775,NA,-1.26786399775,-0.135504955830302
"SL18-JS-9-FG3xSA18-CB-10-MG1",-0.0580589571662221,"SL18-JS-9-FG3xSA18-CB-10-MG1",NA,-1.340839848,NA,-1.340839848,-0.0373766863883238
"SL18-LD-1-FG1xSL18-NL-2-MG2",-0.408129123911241,"SL18-LD-1-FG1xSL18-NL-2-MG2",-0.353933933933933,NA,-0.353933933933929,NA,-0.0908698198191243
"SL18-LD-1-FG1xSL18-OI-18-MG1",-0.398129123911243,"SL18-LD-1-FG1xSL18-OI-18-MG1",-0.343933933933933,NA,-0.343933933933929,NA,-0.0817077138195546
"SL18-LD-1-FG2xSA18-CB-4-MG3",0.00439737088284459,"SL18-LD-1-FG2xSA18-CB-4-MG3",0.19472972972973,NA,0.194729729729735,NA,-0.0121580440883439
"SL18-LD-1-FG2xSL18-SF-13-MG3",-0.15871710014981,"SL18-LD-1-FG2xSL18-SF-13-MG3",-0.0255555555555544,NA,-0.0255555555555498,NA,-0.0356765887062734
"SL18-LD-1-FG2xSL18-SF-15-MG1",-0.0650065485615968,"SL18-LD-1-FG2xSL18-SF-15-MG1",-0.0453753753753744,NA,-0.04537537537537,NA,0.0379070063103822
"SL18-LD-1-FG3xSL18-NL-5-MG1",-0.35312257534965,"SL18-LD-1-FG3xSL18-NL-5-MG1",-0.318558558558557,NA,-0.318558558558553,NA,-0.0921822463641627
"SL18-LD-1-FG3xSL18-NL-9-MG2",-0.372691400220808,"SL18-LD-1-FG3xSL18-NL-9-MG2",-0.334894894894894,NA,-0.334894894894889,NA,-0.0857190089687529
"SL18-LD-1-FG3xSL18-OI-11-MG2",-0.111892077528942,"SL18-LD-1-FG3xSL18-OI-11-MG2",-0.0350900900900892,NA,-0.0350900900900847,NA,-0.056091224208629
"SL18-LD-1-FG3xSL18-OI-15-MG1",-0.107551773209009,"SL18-LD-1-FG3xSL18-OI-15-MG1",-0.00885885885885776,NA,-0.00885885885885333,NA,0.0148431234096918
"SL18-LD-1-FG3xSL18-OI-15-MG2",-0.206963796970441,"SL18-LD-1-FG3xSL18-OI-15-MG2",-0.187237237237237,NA,-0.187237237237232,NA,0.0532187898234138
"SL18-LD-1-FG3xSL18-OI-16-MG1",-0.398705238820051,"SL18-LD-1-FG3xSL18-OI-16-MG1",-0.346906906906906,NA,-0.346906906906901,NA,-0.0914841278089002
"SL18-LD-1-FG3xSL18-OI-6-MG2",-0.0875517732090085,"SL18-LD-1-FG3xSL18-OI-6-MG2",0.0111411411411424,NA,0.0111411411411467,NA,0.027592097774624
"SL18-LD-1-FG3xSL18-OI-7-MG1",-0.230000000000004,"SL18-LD-1-FG3xSL18-OI-7-MG1",-0.229999999999999,NA,-0.229999999999995,NA,-0.0211677448549497
"SL18-LD-1-FG3xSL18-OI-9-MG3",-0.132545224647415,"SL18-LD-1-FG3xSL18-OI-9-MG3",-0.053483483483483,NA,-0.0534834834834781,NA,-0.0258636151715607
"SL18-LD-10-FG1xSA18-CB-1-MG2",-0.233279376459375,"SL18-LD-10-FG1xSA18-CB-1-MG2",-0.116516516516516,NA,-0.116516516516511,NA,0.0174035375561764
"SL18-LD-10-FG1xSL18-OI-18-MG1",-0.374418572323029,"SL18-LD-10-FG1xSL18-OI-18-MG1",-0.433753753753753,NA,-0.433753753753748,NA,-0.0484303059161281
"SL18-LD-10-FG1xSL18-OI-4-MG1",-0.289293215058616,"SL18-LD-10-FG1xSL18-OI-4-MG1",-0.158528528528527,NA,-0.158528528528522,NA,-0.0472206189010444
"SL18-LD-10-FG2xSA18-CB-7-MG2",0.0449934514384039,"SL18-LD-10-FG2xSA18-CB-7-MG2",0.0646246246246245,NA,0.0646246246246289,NA,0.103668066907405
"SL18-LD-10-FG2xSL18-NL-3-MG2",-0.424418572323028,"SL18-LD-10-FG2xSL18-NL-3-MG2",-0.483753753753753,NA,-0.483753753753748,NA,-0.0700937898217455
"SL18-LD-13-FG2xSA18-CB-7-MG1",0.205266906880008,"SL18-LD-13-FG2xSA18-CB-7-MG1",NA,-0.962046234000001,NA,-0.962046234,0.0075641002230745
"SL18-LD-13-FG2xSL18-LD-13-MG2",-0.0377318694405124,"SL18-LD-13-FG2xSL18-LD-13-MG2",0.0489789789789796,-1.2791062545,0.0489789789789846,-1.2791062545,-0.0942022718587915
"SL18-LD-2-FG2xSA18-CB-3-MG3",-0.210000000000003,"SL18-LD-2-FG2xSA18-CB-3-MG3",-0.209999999999999,NA,-0.209999999999995,NA,0.043612830037208
"SL18-LD-2-FG2xSL18-LL-9-MG2",-0.29441857232303,"SL18-LD-2-FG2xSL18-LL-9-MG2",-0.353753753753753,NA,-0.353753753753748,NA,-0.0693609281216267
"SL18-LD-2-FG2xSL18-NL-9-MG1",-0.33871710014981,"SL18-LD-2-FG2xSL18-NL-9-MG1",-0.205555555555554,NA,-0.205555555555549,NA,-0.101302971065193
"SL18-LD-2-FG2xSL18-SF-19-MG1",-0.017584899148173,"SL18-LD-2-FG2xSL18-SF-19-MG1",0.161426426426427,-1.208045637,0.161426426426432,-1.208045637,-0.0717319789362281
"SL18-LD-3-FG1xSL18-NL-9-MG1",-0.369977851143756,"SL18-LD-3-FG1xSL18-NL-9-MG1",-0.278648648648647,NA,-0.278648648648643,NA,-0.0975262226081645
"SL18-LD-3-FG1xSL18-SF-19-MG2",-0.27870523882005,"SL18-LD-3-FG1xSL18-SF-19-MG2",-0.226906906906906,NA,-0.226906906906901,NA,-0.00792637963344069
"SL18-LD-3-FG2xSA18-CB-2-MG3",-0.149400500441522,"SL18-LD-3-FG2xSA18-CB-2-MG3",-0.0135735735735726,NA,-0.0135735735735679,NA,-0.00399073473750384
"SL18-LD-3-FG2xSL18-LL-9-MG2",-0.258965216753327,"SL18-LD-3-FG2xSL18-LL-9-MG2",-0.157717717717717,NA,-0.157717717717712,NA,-0.0618590207508776
"SL18-LD-3-FG2xSL18-SF-17-MG3",-0.316855275794111,"SL18-LD-3-FG2xSL18-SF-17-MG3",-0.260090090090089,NA,-0.260090090090085,NA,-0.0168194289951799
"SL18-LD-4-FG1xSA18-CB-2-MG1",-0.285582663470404,"SL18-LD-4-FG1xSA18-CB-2-MG1",-0.268348348348347,NA,-0.268348348348343,NA,-0.0258301075441809
"SL18-LD-4-FG1xSL18-NL-3-MG2",-0.353279376459376,"SL18-LD-4-FG1xSL18-NL-3-MG2",-0.236516516516516,NA,-0.236516516516511,NA,-0.0820369399933794
"SL18-LD-4-FG2xSL18-LL-9-MG1",-0.294397708892698,"SL18-LD-4-FG2xSL18-LL-9-MG1",-0.188573573573573,NA,-0.188573573573568,NA,-0.098437371126789
"SL18-LD-4-FG2xSL18-SF-15-MG2",-0.191852484245286,"SL18-LD-4-FG2xSL18-SF-15-MG2",-0.165090090090089,NA,-0.165090090090085,NA,0.0149755794287164
"SL18-LD-4-FG3xSL18-SF-17-MG1",-0.235254665165115,"SL18-LD-4-FG3xSL18-SF-17-MG1",-0.247537537537536,NA,-0.247537537537532,NA,-0.00405057732368907
"SL18-LD-5-FG1xSA18-CB-10-MG1",-0.199400500441523,"SL18-LD-5-FG1xSA18-CB-10-MG1",-0.0635735735735726,NA,-0.0635735735735678,NA,0.0493432328959006
"SL18-LD-9-FG2xSL18-SF-13-MG3",-0.295254665165113,"SL18-LD-9-FG2xSL18-SF-13-MG3",-0.307537537537537,NA,-0.307537537537532,NA,-0.0482952557543177
"SL18-LD-9-FG3xSL18-NL-7-MG1",-0.25871710014981,"SL18-LD-9-FG3xSL18-NL-7-MG1",-0.125555555555555,NA,-0.12555555555555,NA,-0.072227244437547
"SL18-LD-9-FG3xSL18-SF-17-MG1",-0.163122575349649,"SL18-LD-9-FG3xSL18-SF-17-MG1",-0.128558558558558,NA,-0.128558558558553,NA,0.00563045135690285
"SL18-LD-9-FG4xSL18-OI-6-MG2",0.350706588172327,"SL18-LD-9-FG4xSL18-OI-6-MG2",NA,-0.167692155999998,NA,-0.167692156000001,0.0685952109712664
"SL18-LL-9-FG2xSA18-CB-5-MG3",-0.142672500559253,"SL18-LL-9-FG2xSA18-CB-5-MG3",NA,-1.383155723,NA,-1.383155723,-0.126427908632227
"SL18-LL-9-FG3xSL18-NL-9-MG1",-0.324437302176354,"SL18-LL-9-FG3xSL18-NL-9-MG1",-0.168573573573573,NA,-0.168573573573568,NA,-0.129913331257194
"SL18-LL-9-FG6xSA18-CB-10-MG3",-0.260413901082528,"SL18-LL-9-FG6xSA18-CB-10-MG3",NA,-1.17347156425,NA,-1.17347156425,0.00614321621483958
"SL18-ME-1-FG1xSL18-ME-1-MG1",-0.274473040958907,"SL18-ME-1-FG1xSL18-ME-1-MG1",0.0508708708708709,NA,NA,NA,NA
"SL18-ME-1-FG1xSL18-ME-2-MG2",-0.365047920074288,"SL18-ME-1-FG1xSL18-ME-2-MG2",NA,NA,NA,NA,NA
"SL18-NC-1-FG1xSL18-NC-12-MG3",-0.366464320208186,"SL18-NC-1-FG1xSL18-NC-12-MG3",NA,-1.4034418465,NA,-1.4034418465,-0.138072335437362
"SL18-NC-10-FG1xSL18-NC-5-MG1",-0.41270957096395,"SL18-NC-10-FG1xSL18-NC-5-MG1",NA,-1.3204522895,NA,-1.3204522895,-0.216109306610893
"SL18-NC-10-FG1xSL18-OI-11-MG4",-0.248528176394311,"SL18-NC-10-FG1xSL18-OI-11-MG4",NA,-1.2256833905,NA,-1.2256833905,-0.128630985711406
"SL18-NC-10-FG3xSA18-CB-3-MG2",-0.061273585303403,"SL18-NC-10-FG3xSA18-CB-3-MG2",NA,-1.3840232575,NA,-1.3840232575,-0.121152090936337
"SL18-NC-10-FG3xSL18-NL-5-MG2",-0.000475631901190194,"SL18-NC-10-FG3xSL18-NL-5-MG2",NA,-1.231246501,NA,-1.231246501,-0.133128230771653
"SL18-NC-11-FG1xSL18-NL-2-MG1",0.176517493489637,"SL18-NC-11-FG1xSL18-NL-2-MG1",NA,-1.08481524449999,NA,-1.08481524449999,-0.131412110231448
"SL18-NC-12-FG2xSA18-CB-3-MG1",0.258400501047665,"SL18-NC-12-FG2xSA18-CB-3-MG1",NA,-0.860843474999999,NA,-0.860843475,-0.0217767602330022
"SL18-NC-12-FG2xSA18-CB-4-MG3",0.00297815602907393,"SL18-NC-12-FG2xSA18-CB-4-MG3",NA,-0.926538071749998,NA,-0.92653807175,-0.0783611069214534
"SL18-NC-12-FG2xSL18-OI-16-MG1",0.0848404664780238,"SL18-NC-12-FG2xSL18-OI-16-MG1",NA,-0.964991014000001,NA,-0.964991014,-0.121110806690607
"SL18-NC-15-FG3xSL18-CC-1-MG2",-0.365739017208187,"SL18-NC-15-FG3xSL18-CC-1-MG2",NA,-1.4027165435,NA,-1.4027165435,-0.0848282755524979
"SL18-NC-5-FG2xSL18-JS-11-MG3",-0.0903258715104736,"SL18-NC-5-FG2xSL18-JS-11-MG3",NA,-1.169679515,NA,-1.169679515,-0.175934717897717
"SL18-NC-5-FG3xSL18-OI-2-MG2",-0.161954838952336,"SL18-NC-5-FG3xSL18-OI-2-MG2",NA,-1.281198815,NA,-1.281198815,-0.127738829453144
"SL18-NC-8-FG1xSL18-NL-7-MG2",0.00424099892908451,"SL18-NC-8-FG1xSL18-NL-7-MG2",NA,-1.12031792175,NA,-1.12031792175,-0.108435753182132
"SL18-NC-9-FG2xSL18-JS-11-MG3",0.0345891981723272,"SL18-NC-9-FG2xSL18-JS-11-MG3",NA,-0.483809545999998,NA,-0.483809546,-0.0927584880218882
"SL18-NL-10-FG1xSA18-CB-4-MG3",-0.215602629117155,"SL18-NL-10-FG1xSA18-CB-4-MG3",-0.0252702702702695,NA,-0.0252702702702648,NA,-0.0253847495345799
"SL18-NL-10-FG1xSL18-LD-2-MG1",-0.379568824871162,"SL18-NL-10-FG1xSL18-LD-2-MG1",-0.376336336336336,NA,-0.376336336336331,NA,-0.0465015595076462
"SL18-NL-10-FG1xSL18-OI-15-MG1",0.0555626978236457,"SL18-NL-10-FG1xSL18-OI-15-MG1",0.211426426426427,NA,0.211426426426432,NA,0.0381929759147183
"SL18-NL-10-FG1xSL18-OI-7-MG1",-0.0768552757941103,"SL18-NL-10-FG1xSL18-OI-7-MG1",-0.0200900900900893,NA,-0.0200900900900846,NA,0.00218212982484968
"SL18-NL-10-FG1xSL18-SF-13-MG1",-0.10837724051476,"SL18-NL-10-FG1xSL18-SF-13-MG1",-0.0860960960960954,NA,-0.0860960960960907,NA,0.0624825186903302
"SL18-NL-10-FG3xSL18-NL-3-MG2",-0.292545224647415,"SL18-NL-10-FG3xSL18-NL-3-MG2",-0.213483483483483,NA,-0.213483483483478,NA,-0.0932409454044542
"SL18-NL-2-FG1xSA18-CB-1-MG2",-0.0955826634704041,"SL18-NL-2-FG1xSA18-CB-1-MG2",-0.0783483483483473,NA,-0.0783483483483431,NA,0.0340909289607367
"SL18-NL-2-FG1xSL18-LD-13-MG2",-0.153710551588217,"SL18-NL-2-FG1xSL18-LD-13-MG2",-0.0401801801801792,NA,-0.040180180180175,NA,-0.024509119803102
"SL18-NL-2-FG1xSL18-SF-17-MG1",-0.0855630358334996,"SL18-NL-2-FG1xSL18-SF-17-MG1",0.0547297297297308,NA,0.0547297297297353,NA,0.0256079336812521
"SL18-NL-2-FG3xSA18-CB-2-MG3",-0.397541147672675,"SL18-NL-2-FG3xSA18-CB-2-MG3",-0.422312312312311,NA,-0.422312312312307,NA,-0.0468492749676207
"SL18-NL-2-FG3xSA18-CB-4-MG1",-0.278974948305735,"SL18-NL-2-FG3xSA18-CB-4-MG1",-0.235090090090089,-1.15911548225,-0.235090090090085,-1.15911548225,-0.0945357982761527
"SL18-NL-2-FG3xSL18-LD-3-MG2",-0.329977851143757,"SL18-NL-2-FG3xSL18-LD-3-MG2",-0.238648648648648,NA,-0.238648648648643,NA,-0.0838014069451795
"SL18-NL-2-FG3xSL18-OI-16-MG1",-0.145014652878588,"SL18-NL-2-FG3xSL18-OI-16-MG1",-0.0336486486486479,NA,-0.0336486486486431,NA,-0.111537648467907
"SL18-NL-3-FG1xSA18-CB-7-MG2",-0.0754457648382044,"SL18-NL-3-FG1xSA18-CB-7-MG2",0.16472972972973,-1.365772123,0.164729729729735,-1.365772123,0.0341796930249936
"SL18-NL-3-FG1xSL18-OD-3-MG1",-0.128956512215162,"SL18-NL-3-FG1xSL18-OD-3-MG1",NA,-1.18770754775,NA,-1.18770754775,-0.131135795363931
"SL18-NL-3-FG1xSL18-OI-11-MG2",-0.234975059594933,"SL18-NL-3-FG1xSL18-OI-11-MG2",-0.173648648648648,NA,-0.173648648648643,NA,-0.0951332264146347
"SL18-NL-3-FG1xSL18-OI-7-MG3",0.234539667961629,"SL18-NL-3-FG1xSL18-OI-7-MG3",NA,-1.0361999825,NA,-1.0361999825,0.00486762879156747
"SL18-NL-3-FG1xSL18-SF-13-MG2",-0.238377240514761,"SL18-NL-3-FG1xSL18-SF-13-MG2",-0.216096096096095,NA,-0.216096096096091,NA,-0.0300057857137948
"SL18-NL-3-FG2xSL18-SF-17-MG2",-0.0226914002208084,"SL18-NL-3-FG2xSL18-SF-17-MG2",0.015105105105106,NA,0.0151051051051104,NA,0.0405754590199106
"SL18-NL-3-FG3xSA18-CB-2-MG2",-0.312691400220808,"SL18-NL-3-FG3xSA18-CB-2-MG2",-0.274894894894894,NA,-0.27489489489489,NA,0.0285721417701106
"SL18-NL-3-FG3xSL18-NC-9-MG2",0.42268602248711,"SL18-NL-3-FG3xSL18-NC-9-MG2",NA,-0.559784136249999,NA,-0.559784136250002,-0.019365282139712
"SL18-NL-5-FG1xSL18-OI-14-MG1",0.169256150303515,"SL18-NL-5-FG1xSL18-OI-14-MG1",NA,-1.0322542755,NA,-1.0322542755,0.00592447559147495
"SL18-NL-6-FG1xSA18-CB-3-MG3",0.0181475157547141,"SL18-NL-6-FG1xSA18-CB-3-MG3",0.0449099099099108,NA,0.0449099099099153,NA,0.128364256944509
"SL18-NL-6-FG1xSA18-CB-7-MG2",0.124993451438404,"SL18-NL-6-FG1xSA18-CB-7-MG2",0.144624624624625,NA,0.14462462462463,NA,0.173276239233647
"SL18-NL-6-FG1xSL18-LD-1-MG2",-0.194397708892698,"SL18-NL-6-FG1xSL18-LD-1-MG2",-0.0885735735735727,NA,-0.088573573573568,NA,-0.00178215424772142
"SL18-NL-6-FG1xSL18-LD-2-MG1",-0.135254665165114,"SL18-NL-6-FG1xSL18-LD-2-MG1",-0.147537537537537,NA,-0.147537537537532,NA,0.0302031607745662
"SL18-NL-6-FG1xSL18-LD-3-MG2",-0.098965216753327,"SL18-NL-6-FG1xSL18-LD-3-MG2",0.00228228228228305,NA,0.00228228228228754,NA,0.0363066758942641
"SL18-NL-6-FG1xSL18-NL-2-MG1",-0.00755177320900896,"SL18-NL-6-FG1xSL18-NL-2-MG1",0.0911411411411422,NA,0.0911411411411466,NA,-0.00307587441705886
"SL18-NL-6-FG1xSL18-OI-11-MG2",-0.372691400220809,"SL18-NL-6-FG1xSL18-OI-11-MG2",-0.334894894894896,NA,-0.334894894894892,NA,0.0439631595012037
"SL18-NL-6-FG1xSL18-OI-14-MG2",0.105602291107311,"SL18-NL-6-FG1xSL18-OI-14-MG2",0.211426426426426,NA,0.211426426426431,NA,0.0876999892980894
"SL18-NL-6-FG1xSL18-OI-15-MG1",0.0818721118821846,"SL18-NL-6-FG1xSL18-OI-15-MG1",0.178168168168169,NA,0.178168168168173,NA,0.114897633203809
"SL18-NL-6-FG1xSL18-OI-16-MG1",0.0222001101874753,"SL18-NL-6-FG1xSL18-OI-16-MG1",0.08897897897898,NA,0.088978978978985,NA,0.00857040265558559
"SL18-NL-6-FG1xSL18-SF-17-MG1",0.0922001101874731,"SL18-NL-6-FG1xSL18-SF-17-MG1",0.158978978978982,NA,0.158978978978986,NA,0.0731484923729365
"SL18-NL-6-FG1xSL18-SF-19-MG2",-0.17696379697044,"SL18-NL-6-FG1xSL18-SF-19-MG2",-0.157237237237237,NA,-0.157237237237232,NA,0.0730483091967802
"SL18-NL-7-FG3xSL18-OI-15-MG3",-0.171000995876771,"SL18-NL-7-FG3xSL18-OI-15-MG3",NA,-0.174579233,NA,NA,NA
"SL18-NL-7-FG4xSA18-CB-1-MG12",-0.0233780905593039,"SL18-NL-7-FG4xSA18-CB-1-MG12",NA,-1.184919735,NA,-1.184919735,-0.0730998915239202
"SL18-NL-9-FG2xSA18-CB-7-MG1",-0.148129123911241,"SL18-NL-9-FG2xSA18-CB-7-MG1",-0.0939339339339332,NA,-0.0939339339339285,NA,0.0357948546812997
"SL18-NL-9-FG2xSL18-SF-19-MG1",-0.180565827382321,"SL18-NL-9-FG2xSL18-SF-19-MG1",-0.0102702702702688,NA,-0.0102702702702651,NA,-0.0759833014982001
"SL18-OD-5-FG1xSL18-CC-8-MG2",-0.131400627970926,"SL18-OD-5-FG1xSL18-CC-8-MG2",NA,-1.06091685575,NA,-1.06091685575,-0.121069694730054
"SL18-OD-5-FG3xSA18-CB-1-MG12",0.0255708162919011,"SL18-OD-5-FG3xSA18-CB-1-MG12",NA,-0.964438352000001,NA,-0.964438351999998,-0.0604500758286834
"SL18-OI-11-FG1xSL18-SF-15-MG2",-0.18685527579411,"SL18-OI-11-FG1xSL18-SF-15-MG2",-0.130090090090089,NA,-0.130090090090084,NA,0.0661182348368171
"SL18-OI-11-FG3xSL18-CC-1-MG3",0.853950518459165,"SL18-OI-11-FG3xSL18-CC-1-MG3",NA,-0.415482602999976,NA,-0.415482603000004,0.171047051491356
"SL18-OI-11-FG3xSL18-NC-2-MG1",0.848318325172327,"SL18-OI-11-FG3xSL18-NC-2-MG1",NA,0.329919581000002,NA,0.329919581,0.192439170073525
"SL18-OI-15-FG1xSA18-CB-2-MG3",-0.0318469011476353,"SL18-OI-15-FG1xSA18-CB-2-MG3",-0.0650900900900892,-1.031079711,-0.0650900900900844,-1.031079711,0.0455151990756343
"SL18-OI-15-FG1xSL18-NL-5-MG1",-0.272114049518571,"SL18-OI-15-FG1xSL18-NL-5-MG1",-0.189819819819819,NA,-0.189819819819814,NA,-0.0198713379218682
"SL18-OI-15-FG1xSL18-SF-15-MG1",0.0478859504814277,"SL18-OI-15-FG1xSL18-SF-15-MG1",0.13018018018018,NA,0.130180180180186,NA,0.0736415560573025
"SL18-OI-15-FG2xSA18-CB-2-MG3",0.32390406291747,"SL18-OI-15-FG2xSA18-CB-2-MG3",NA,-0.589153600249998,NA,-0.589153600250001,0.0819263574924381
"SL18-OI-16-FG2xSL18-OI-18-MG1",-0.225585224952336,"SL18-OI-16-FG2xSL18-OI-18-MG1",NA,-1.344829201,NA,-1.344829201,-0.0854379291633927
"SL18-OI-16-FG3xSA18-CB-4-MG3",-0.0855630358334991,"SL18-OI-16-FG3xSA18-CB-4-MG3",0.0547297297297309,NA,0.0547297297297354,NA,-0.0228760415524203
"SL18-OI-16-FG3xSA18-CB-5-MG3",-0.318127888117816,"SL18-OI-16-FG3xSA18-CB-5-MG3",-0.221831831831831,NA,-0.221831831831827,NA,-0.0611857260399617
"SL18-OI-16-FG3xSL18-LD-3-MG2",-0.134437302176354,"SL18-OI-16-FG3xSL18-LD-3-MG2",0.0214264264264274,NA,0.0214264264264319,NA,-0.0378893804233439
"SL18-OI-16-FG3xSL18-NL-6-MG1",-0.283279376459376,"SL18-OI-16-FG3xSL18-NL-6-MG1",-0.166516516516515,NA,-0.166516516516511,NA,-0.0336696729508879
"SL18-OI-16-FG3xSL18-SF-17-MG2",-0.0343977088926987,"SL18-OI-16-FG3xSL18-SF-17-MG2",0.0714264264264276,NA,0.0714264264264318,NA,0.0111635373106935
"SL18-OI-17-FG1xSL18-OI-4-MG1",-0.261393102815155,"SL18-OI-17-FG1xSL18-OI-4-MG1",NA,-1.3406682975,NA,-1.3406682975,-0.0390376250463284
"SL18-OI-17-FG1xSL18-SF-13-MG2",0.0181079224710602,"SL18-OI-17-FG1xSL18-SF-13-MG2",0.0949099099099107,NA,0.0949099099099155,NA,0.0530458787913558
"SL18-OI-17-FG2xSL18-SF-17-MG2",-0.334397708892697,"SL18-OI-17-FG2xSL18-SF-17-MG2",-0.228573573573572,NA,-0.228573573573568,NA,0.00737857796787084
"SL18-OI-17-FG4xSL18-CC-7-MG1",0.296569282184846,"SL18-OI-17-FG4xSL18-CC-7-MG1",NA,-0.782705912499999,NA,-0.782705912499999,0.131463611032665
"SL18-OI-17-FG4xSL18-JS-6-MG2",0.712121070036049,"SL18-OI-17-FG4xSL18-JS-6-MG2",NA,-0.195621648499997,NA,-0.1956216485,0.203161970762721
"SL18-OI-18-FG1xSL18-OI-9-MG3",-0.126963796970442,"SL18-OI-18-FG1xSL18-OI-9-MG3",-0.107237237237237,NA,-0.107237237237232,NA,0.0219839293314083
"SL18-OI-18-FG2xSA18-CB-7-MG1",-0.00500654856159711,"SL18-OI-18-FG2xSA18-CB-7-MG1",0.0146246246246256,NA,0.0146246246246301,NA,0.0625844756746973
"SL18-OI-18-FG2xSL18-LD-10-MG1",-0.19870523882005,"SL18-OI-18-FG2xSL18-LD-10-MG1",-0.146906906906906,NA,-0.146906906906902,NA,-0.010625295576536
"SL18-OI-18-FG2xSL18-LD-2-MG3",-0.369568824871161,"SL18-OI-18-FG2xSL18-LD-2-MG3",-0.366336336336336,NA,-0.366336336336331,NA,-0.0319517905430208
"SL18-OI-18-FG2xSL18-LD-9-MG1",-0.298129123911242,"SL18-OI-18-FG2xSL18-LD-9-MG1",-0.243933933933933,NA,-0.243933933933928,NA,-0.0181059102990362
"SL18-OI-18-FG2xSL18-NL-2-MG2",-0.235014652878588,"SL18-OI-18-FG2xSL18-NL-2-MG2",-0.123648648648648,NA,-0.123648648648643,NA,-0.0555777893572611
"SL18-OI-18-FG3xSL18-LL-9-MG1",-0.272114049518573,"SL18-OI-18-FG3xSL18-LL-9-MG1",-0.189819819819819,NA,-0.189819819819815,NA,-0.0723105333879724
"SL18-OI-18-FG3xSL18-OI-7-MG1",-0.307541147672676,"SL18-OI-18-FG3xSL18-OI-7-MG1",-0.332312312312312,NA,-0.332312312312307,NA,0.0169544633027814
"SL18-OI-18-FG5xSA18-CB-4-MG3",-0.280565827382324,"SL18-OI-18-FG5xSA18-CB-4-MG3",-0.110270270270269,NA,-0.110270270270265,NA,0.00229545297168439
"SL18-OI-18-FG5xSL18-LD-2-MG1",-0.0987171001498096,"SL18-OI-18-FG5xSL18-LD-2-MG1",0.0344444444444456,NA,0.0344444444444499,NA,-0.018821302102558
"SL18-OI-18-FG5xSL18-SF-15-MG2",-0.00929321505861765,"SL18-OI-18-FG5xSL18-SF-15-MG2",0.121471471471473,NA,0.121471471471477,NA,0.0540102437038682
"SL18-OI-18-FG6xSA18-CB-1-MG2",0.0224482267909925,"SL18-OI-18-FG6xSA18-CB-1-MG2",0.121141141141142,NA,0.121141141141147,NA,0.0187869242255751
"SL18-OI-18-FG6xSL18-NL-6-MG1",-0.353279376459376,"SL18-OI-18-FG6xSL18-NL-6-MG1",-0.236516516516516,NA,-0.236516516516511,NA,-0.02231824186044
"SL18-OI-2-FG2xSL18-LD-1-MG2",-0.305254665165113,"SL18-OI-2-FG2xSL18-LD-1-MG2",-0.317537537537536,NA,-0.317537537537532,NA,-0.0668886563397203
"SL18-OI-2-FG3xSL18-NL-9-MG1",-0.369568824871162,"SL18-OI-2-FG3xSL18-NL-9-MG1",-0.366336336336336,NA,-0.366336336336331,NA,-0.09534141028604
"SL18-OI-2-FG3xSL18-SF-17-MG1",-0.324975059594932,"SL18-OI-2-FG3xSL18-SF-17-MG1",-0.263648648648648,NA,-0.263648648648643,NA,-0.00564148962092993
"SL18-OI-4-FG2xSA18-CB-7-MG2",1.69954432367323,"SL18-OI-4-FG2xSA18-CB-7-MG2",NA,0.657251852750002,NA,0.657251852749998,0.233869889666656
"SL18-OI-4-FG2xSL18-JS-19-MG2",0.077680529919887,"SL18-OI-4-FG2xSL18-JS-19-MG2",NA,-0.932260618000001,NA,-0.932260617999998,0.0108920996737704
"SL18-OI-4-FG2xSL18-NC-15-MG1",0.839200453478023,"SL18-OI-4-FG2xSL18-NC-15-MG1",NA,-0.210631027,NA,-0.210631027000002,0.0964964773029427
"SL18-OI-5-FG5xSA18-CB-7-MG3",-0.0267042073856983,"SL18-OI-5-FG5xSA18-CB-7-MG3",NA,-0.687191713499996,NA,-0.687191713499999,0.0341717715141149
"SL18-OI-6-FG1xSA18-CB-2-MG1",-0.259400500441521,"SL18-OI-6-FG1xSA18-CB-2-MG1",-0.123573573573572,NA,-0.123573573573568,NA,0.00777534115087493
"SL18-OI-6-FG1xSA18-CB-4-MG1",-0.139400500441523,"SL18-OI-6-FG1xSA18-CB-4-MG1",-0.00357357357357244,NA,-0.00357357357356809,NA,-0.0223735175214939
"SL18-OI-6-FG1xSL18-LD-13-MG2",-0.251892077528942,"SL18-OI-6-FG1xSL18-LD-13-MG2",-0.175090090090089,NA,-0.175090090090085,NA,-0.0249145635385422
"SL18-OI-6-FG1xSL18-LD-2-MG1",-0.337541147672676,"SL18-OI-6-FG1xSL18-LD-2-MG1",-0.362312312312312,NA,-0.362312312312307,NA,-0.0177427996441299
"SL18-OI-6-FG1xSL18-LD-5-MG1",-0.359293215058617,"SL18-OI-6-FG1xSL18-LD-5-MG1",-0.228528528528527,NA,-0.228528528528523,NA,-0.0454461069826021
"SL18-OI-6-FG1xSL18-NL-9-MG1",-0.304975059594932,"SL18-OI-6-FG1xSL18-NL-9-MG1",-0.243648648648648,NA,-0.243648648648643,NA,-0.0644974175324064
"SL18-OI-6-FG1xSL18-SF-15-MG1",-0.205014652878588,"SL18-OI-6-FG1xSL18-SF-15-MG1",-0.0936486486486474,NA,-0.0936486486486432,NA,0.0534390455216905
"SL18-OI-6-FG1xSL18-SF-19-MG1",-0.374975059594933,"SL18-OI-6-FG1xSL18-SF-19-MG1",-0.313648648648648,NA,-0.313648648648643,NA,-0.0349264833767359
"SL18-OI-6-FG2xSA18-CB-4-MG2",1.9612136313197,"SL18-OI-6-FG2xSA18-CB-4-MG2",NA,0.891240527,NA,0.891240527,0.270768308225454
"SL18-OI-6-FG2xSL18-LD-2-MG2",1.05787442759871,"SL18-OI-6-FG2xSL18-LD-2-MG2",NA,0.0589457042500025,NA,0.0589457042499997,0.228123644455735
"SL18-OI-6-FG3xSL18-CC-11-MG5",0.793086789487111,"SL18-OI-6-FG3xSL18-CC-11-MG5",NA,-0.189383369249997,NA,-0.189383369250002,0.232674481756544
"SL18-OI-6-FG3xSL18-JS-6-MG1",0.426040101833779,"SL18-OI-6-FG3xSL18-JS-6-MG1",NA,-0.856740789000001,NA,-0.856740789000001,0.180618160414547
"SL18-OI-7-FG3xSA18-CB-2-MG3",-0.288965216753328,"SL18-OI-7-FG3xSA18-CB-2-MG3",-0.187717717717717,NA,-0.187717717717713,NA,0.0255362522755842
"SL18-OI-9-FG1xSL18-LL-9-MG2",-0.305582663470401,"SL18-OI-9-FG1xSL18-LL-9-MG2",-0.288348348348347,NA,-0.288348348348343,NA,-0.0450927918783445
"SL18-OI-9-FG4xSA18-CB-1-MG12",0.786473094047663,"SL18-OI-9-FG4xSA18-CB-1-MG12",NA,-0.332770882000001,NA,-0.332770882,0.00505749561391403
"SL18-SF-13-FG1xSA18-CB-7-MG1",0.0636005022919018,"SL18-SF-13-FG1xSA18-CB-7-MG1",NA,-0.926408666,NA,-0.926408665999998,0.05134013489974
"SL18-SF-13-FG1xSL18-LL-9-MG3",-0.210565827382323,"SL18-SF-13-FG1xSL18-LL-9-MG3",-0.0402702702702694,NA,-0.0402702702702646,NA,-0.0348983001674316
"SL18-SF-13-FG2xSA18-CB-2-MG3",0.956600667761675,"SL18-SF-13-FG2xSA18-CB-2-MG3",NA,-0.255461198500001,NA,-0.255461198500002,0.162337800155165
"SL18-SF-13-FG2xSL18-JS-11-MG3",0.620518724751483,"SL18-SF-13-FG2xSL18-JS-11-MG3",NA,NA,NA,NA,0.0854686267128602
"SL18-SF-13-FG2xSL18-JS-9-MG2",0.407943730321982,"SL18-SF-13-FG2xSL18-JS-9-MG2",NA,-0.9014581725,NA,-0.901458172500003,0.0236272040582473
"SL18-SF-17-FG1xSL18-LL-9-MG1",-0.288127888117815,"SL18-SF-17-FG1xSL18-LL-9-MG1",-0.191831831831831,NA,-0.191831831831826,NA,-0.0535738097555757
"SL18-SF-17-FG2xSA18-CB-1-MG13",0.318917352519654,"SL18-SF-17-FG2xSA18-CB-1-MG13",NA,-0.809733536000001,NA,-0.809733536000002,0.108599907649397
"SL18-SF-17-FG2xSA18-CB-7-MG2",0.270569582605689,"SL18-SF-17-FG2xSA18-CB-7-MG2",NA,-0.706585631499999,NA,-0.706585631500001,0.17259472327704
"SL18-SF-17-FG2xSA18-CB-7-MG3",1.55497742644075,"SL18-SF-17-FG2xSA18-CB-7-MG3",NA,0.314494204000001,NA,0.314494203999995,0.178249274634822
"SL18-SF-17-FG2xSL18-NC-1-MG1",-0.0145044528221311,"SL18-SF-17-FG2xSL18-NC-1-MG1",NA,-1.11555315675,NA,-1.11555315675,-0.00829584460587212
"SL18-SF-17-FG2xSL18-NC-12-MG1",0.0412713587918137,"SL18-SF-17-FG2xSL18-NC-12-MG1",NA,-0.995706167499997,NA,-0.995706167500001,0.0122740627298791
"SL18-SF-17-FG2xSL18-OI-4-MG3",-0.0705632001011442,"SL18-SF-17-FG2xSL18-OI-4-MG3",NA,-1.242656285,NA,-1.242656285,-0.010312829434267
"SL18-SF-17-FG3xSA18-CB-10-MG1",-0.126963796970441,"SL18-SF-17-FG3xSA18-CB-10-MG1",-0.107237237237237,NA,-0.107237237237232,NA,0.0962877014945525
"SL18-SF-17-FG3xSA18-CB-3-MG3",-0.159400500441521,"SL18-SF-17-FG3xSA18-CB-3-MG3",-0.0235735735735727,NA,-0.023573573573568,NA,0.0754522871218655
"SL18-SF-17-FG3xSL18-LD-2-MG1",-0.218129123911246,"SL18-SF-17-FG3xSL18-LD-2-MG1",-0.163933933933933,NA,-0.163933933933929,NA,-0.0227088345035873
"SL18-SF-17-FG3xSL18-NL-10-MG2",-0.302114049518574,"SL18-SF-17-FG3xSL18-NL-10-MG2",-0.219819819819819,NA,-0.219819819819814,NA,-0.0463390716280823
"SL18-SF-17-FG3xSL18-NL-2-MG3",-0.229977851143757,"SL18-SF-17-FG3xSL18-NL-2-MG3",-0.138648648648648,NA,-0.138648648648643,NA,-0.0313780880242811
"SL18-SF-17-FG3xSL18-NL-9-MG1",-0.26870523882005,"SL18-SF-17-FG3xSL18-NL-9-MG1",-0.216906906906906,NA,-0.216906906906901,NA,-0.0694634104345208
"SL18-SF-17-FG3xSL18-OI-7-MG1",-0.245582663470403,"SL18-SF-17-FG3xSL18-OI-7-MG1",-0.228348348348347,NA,-0.228348348348343,NA,0.025974749194128
"SL18-SF-17-FG3xSL18-OI-9-MG3",-0.215582663470404,"SL18-SF-17-FG3xSL18-OI-9-MG3",-0.198348348348347,NA,-0.198348348348343,NA,0.021278878381322
