"","Row.names","wetWgtPerM","percDryWgt","dryWgtPerM","Ash","AshFDwPM","densityBlades","Year.x","plotNo.x","Crosses.x","bladeLength","bladeMaxWidth","bladeThickness","stipeLength","stipeDiameter","Year.y","plotNo.y","Crosses.y"
"1","2019_1",5.04644266052969,-3.59034430916202,0.186921625047243,0.0170048012409812,0.0577786894776011,247.562333802862,2019,"2019_1","SA18-CB-10-FG1xSL18-SF-19-MG2",-29.1050865549763,-28.1174941459052,8.79643012153337,20.7511242054821,-45.9658120023959,2019,"2019_1","SA18-CB-10-FG1xSL18-SF-19-MG2"
"2","2019_10",-0.85517613393316,-0.236273927732892,-0.0190397850831957,-2.00015176123185,-0.045383105077036,-49.0049349102872,2019,"2019_10","SL18-LD-10-FG1xSL18-OI-4-MG1",160.415564391565,44.5559890699498,-17.0499557178529,2.17715221111882,50.2005135645792,2019,"2019_10","SL18-LD-10-FG1xSL18-OI-4-MG1"
"3","2019_100",-1.52830599442747,1.04205939412216,-0.100391343560392,NA,NA,-249.026068780715,2019,"2019_100","SL18-NL-6-FG1xSL18-OI-11-MG2",99.7740154236421,26.6832148493347,23.6308644109404,97.1036452598009,17.946541353644,2019,"2019_100","SL18-NL-6-FG1xSL18-OI-11-MG2"
"4","2019_101",3.01812180531553,0.0502168425209793,0.256541385613279,1.60102181631552,0.0473285276093139,90.7870867652333,2019,"2019_101","SL18-NL-6-FG1xSL18-OI-14-MG2",-55.667876835388,-27.6492411460772,5.92496640810441,-2.95894036451317,95.5293909959434,2019,"2019_101","SL18-NL-6-FG1xSL18-OI-14-MG2"
"5","2019_102",3.00764591460471,-0.226263893797388,0.257236553548184,4.09445533414445,0.0652405070009099,429.979946233515,2019,"2019_102","SL18-NL-6-FG1xSL18-OI-15-MG1",40.7108404117307,6.24446920951961,8.5881581744212,-29.0228519786067,51.4964991771826,2019,"2019_102","SL18-NL-6-FG1xSL18-OI-15-MG1"
"6","2019_103",1.77505504548483,0.23015806740079,0.130261174533738,-1.14258103947569,0.0235505391822938,317.771148734468,2019,"2019_103","SL18-NL-6-FG1xSL18-OI-16-MG1",-179.635046483762,-3.99180766293795,0.167729135242218,15.9259698169603,16.5741409721888,2019,"2019_103","SL18-NL-6-FG1xSL18-OI-16-MG1"
"7","2019_104",3.27075714721545,0.170117910342369,0.202595208059514,1.94276926711603,0.0846134515126955,-14.1596695254676,2019,"2019_104","SL18-NL-6-FG1xSL18-SF-17-MG1",21.3150391522683,15.6108881220238,-12.702946524077,28.0859776616588,66.1088565998837,2019,"2019_104","SL18-NL-6-FG1xSL18-SF-17-MG1"
"8","2019_105",2.42933667487629,-3.62236989744326,0.0514092885888346,NA,NA,362.511922216452,2019,"2019_105","SL18-NL-6-FG1xSL18-SF-19-MG2",91.6318066814307,39.9581078316311,13.1422474615521,-14.5481378560066,168.19889328982,2019,"2019_105","SL18-NL-6-FG1xSL18-SF-19-MG2"
"9","2019_11",1.61396268626332,-1.16816969596741,0.149335612589937,4.62024225409573,0.00649209793311535,125.480787737921,2019,"2019_11","SL18-LD-10-FG2xSA18-CB-7-MG2",3.39429410978218,27.1932877859504,17.55443294246,-56.6047761757423,44.6458430271084,2019,"2019_11","SL18-LD-10-FG2xSA18-CB-7-MG2"
"10","2019_12",-2.15457227117345,2.53274728892094,-0.135968044506333,NA,NA,17.5955675398404,2019,"2019_12","SL18-LD-10-FG2xSL18-NL-3-MG2",-155.878945659107,7.54699292862916,-2.95953334739231,-22.5027695134888,-130.987268827789,2019,"2019_12","SL18-LD-10-FG2xSL18-NL-3-MG2"
"11","2019_120",2.75937215782321,-5.26225237529454,-0.00156039089203932,NA,NA,141.179287841132,2019,"2019_120","SL18-NL-9-FG2xSA18-CB-7-MG1",NA,NA,NA,NA,NA,NA,NA,NA
"12","2019_121",0.274157117805151,0.0516751021122818,0.0493256947605867,NA,NA,343.185830331306,2019,"2019_121","SL18-NL-9-FG2xSL18-SF-19-MG1",-36.034320641717,-62.1966345112991,-0.244252682620641,6.73652603256757,-109.42298175,2019,"2019_121","SL18-NL-9-FG2xSL18-SF-19-MG1"
"13","2019_124",1.32154323912099,-3.77149921767168,0.00442806397185083,NA,NA,61.6714907408607,2019,"2019_124","SL18-OI-11-FG1xSL18-SF-15-MG2",-24.338751207697,-27.1004086334703,3.93722968302533,10.7561214895847,113.337979218273,2019,"2019_124","SL18-OI-11-FG1xSL18-SF-15-MG2"
"14","2019_125",2.21412762854058,0.800840072845056,0.121173207788634,-0.803907595809526,0.073579906446225,-254.109705834297,2019,"2019_125","SL18-OI-15-FG1xSA18-CB-2-MG3",11.8582459981909,57.9231382173173,-6.28414467172441,58.5932775875404,-21.550789393745,2019,"2019_125","SL18-OI-15-FG1xSA18-CB-2-MG3"
"15","2019_127",-0.913417810194977,0.191339293943528,-0.113361752450214,NA,NA,-39.9876642019581,2019,"2019_127","SL18-OI-15-FG1xSL18-NL-5-MG1",-196.722931722751,-28.9749696739016,24.5999220800379,91.2662004905911,6.25504196029457,2019,"2019_127","SL18-OI-15-FG1xSL18-NL-5-MG1"
"16","2019_128",2.65717669524146,0.0912545762754539,0.216707472595428,-1.89697595746063,0.0696671017763378,105.052650178051,2019,"2019_128","SL18-OI-15-FG1xSL18-SF-15-MG1",-17.4842738579774,-22.2390383566978,-13.3656796874244,-36.9727547177061,117.71815442889,2019,"2019_128","SL18-OI-15-FG1xSL18-SF-15-MG1"
"17","2019_136",2.35625222504583,-0.380140476198157,0.166509907728314,1.31285134539779,0.0528591274654796,233.681302133249,2019,"2019_136","SL18-OI-16-FG3xSA18-CB-4-MG3",-141.693070654639,-67.2031295768827,-3.4900477927295,47.4700299225474,-109.632815101552,2019,"2019_136","SL18-OI-16-FG3xSA18-CB-4-MG3"
"18","2019_137",-2.13808011009063,3.11708744066094,-0.155288117441109,NA,NA,-108.768576578158,2019,"2019_137","SL18-OI-16-FG3xSA18-CB-5-MG3",-175.308396256526,28.6996140691618,-13.8313156656894,-87.5631138157496,-148.646462011005,2019,"2019_137","SL18-OI-16-FG3xSA18-CB-5-MG3"
"19","2019_14",1.06878975660513,-0.0900561035774533,0.0889274410904369,0.84163717889778,-0.0264402588998588,172.551415745746,2019,"2019_14","SL18-LD-13-FG2xSL18-LD-13-MG2",84.8461281426977,-20.6765449150238,-4.07456060721556,-18.4813251072426,67.2899087256492,2019,"2019_14","SL18-LD-13-FG2xSL18-LD-13-MG2"
"20","2019_140",-0.384759384344013,-1.08740067447171,-0.0342146633691266,NA,NA,-49.915243903861,2019,"2019_140","SL18-OI-16-FG3xSL18-LD-3-MG2",-2.18942070436694,51.50481315354,-25.9196508666213,-32.0611255111295,-41.0400800873673,2019,"2019_140","SL18-OI-16-FG3xSL18-LD-3-MG2"
"21","2019_141",-0.667769878630156,0.211356237477142,-0.0183220664151421,NA,NA,-109.433261564935,2019,"2019_141","SL18-OI-16-FG3xSL18-NL-6-MG1",196.648571447702,-49.2330980299396,-3.92689836759081,-63.3912057770763,-77.0239962949731,2019,"2019_141","SL18-OI-16-FG3xSL18-NL-6-MG1"
"22","2019_142",2.23471915731995,-0.0698828743308719,0.111987321110053,-5.11479369202547,0.0359436433505725,380.832479352781,2019,"2019_142","SL18-OI-16-FG3xSL18-SF-17-MG2",34.9250263901936,-66.3462896412584,15.4606854310226,41.8204056685534,0.223049098606103,2019,"2019_142","SL18-OI-16-FG3xSL18-SF-17-MG2"
"23","2019_143",3.16094088370863,-1.25754194001184,0.191754909896143,1.61317793653676,0.0613380685619924,195.553290608717,2019,"2019_143","SL18-OI-17-FG1xSL18-SF-13-MG2",20.6220881268545,17.6311428738173,0.207804841222732,-47.4400219406628,58.3048221135047,2019,"2019_143","SL18-OI-17-FG1xSL18-SF-13-MG2"
"24","2019_145",-2.27627966335932,-0.820506104654947,-0.197771388539716,-4.12268458283873,-0.193213947825314,-219.975833864282,2019,"2019_145","SL18-OI-17-FG2xSL18-SF-17-MG2",113.752617508558,4.08682957337501,-22.9039515681598,-31.153343422369,74.5829422272968,2019,"2019_145","SL18-OI-17-FG2xSL18-SF-17-MG2"
"25","2019_146",1.57810801714155,-1.14030638164111,0.103099085162246,-1.39038440658379,0.00460686538831666,30.6216147976322,2019,"2019_146","SL18-OI-18-FG1xSL18-OI-9-MG3",-107.76341005005,-9.66518306095806,12.7682907476068,59.4045757228098,-52.3638442183656,2019,"2019_146","SL18-OI-18-FG1xSL18-OI-9-MG3"
"26","2019_147",0.209553611873868,0.653647046422663,0.0976710014694356,-5.07391424231576,0.0142912590351982,-102.693798612518,2019,"2019_147","SL18-OI-18-FG2xSA18-CB-7-MG1",-114.306061476718,53.3891256769738,22.5981776720294,90.2872667929763,-100.812631378331,2019,"2019_147","SL18-OI-18-FG2xSA18-CB-7-MG1"
"27","2019_148",1.00514067020418,-0.786825794185611,0.0849537613686625,NA,NA,53.7550865447308,2019,"2019_148","SL18-OI-18-FG2xSL18-LD-10-MG1",-176.671286286553,14.7348332109721,1.58196524074689,7.5536443783613,76.6461349446655,2019,"2019_148","SL18-OI-18-FG2xSL18-LD-10-MG1"
"28","2019_149",-0.78034377633495,1.68204003552101,0.0330419731747053,NA,NA,-32.761991907216,2019,"2019_149","SL18-OI-18-FG2xSL18-LD-9-MG1",-138.476929178021,-51.5608268435077,10.3629238652119,-93.2405625987638,10.1466173398508,2019,"2019_149","SL18-OI-18-FG2xSL18-LD-9-MG1"
"29","2019_150",-0.444656884622055,-0.196661107820477,-0.0209909468956651,NA,NA,36.8986935083759,2019,"2019_150","SL18-OI-18-FG2xSL18-NL-2-MG2",-97.1938858513248,-35.5018757936198,-4.39951819299949,-91.8834839316575,-82.0597372884788,2019,"2019_150","SL18-OI-18-FG2xSL18-NL-2-MG2"
"30","2019_151",-1.91420758504239,0.22136470924395,-0.14560887380839,NA,NA,-170.302674949589,2019,"2019_151","SL18-OI-18-FG2xSL18-LD-2-MG3",30.1238353435752,-13.6120887213515,-23.9334543431795,45.1913257012066,-76.2000685149259,2019,"2019_151","SL18-OI-18-FG2xSL18-LD-2-MG3"
"31","2019_152",-1.46286529097667,1.28226271652554,-0.113361752450214,NA,NA,-205.748023493397,2019,"2019_152","SL18-OI-18-FG3xSL18-LL-9-MG1",113.662592999131,-58.8055226500908,-19.0963365579847,-22.4785778642381,24.7859579186478,2019,"2019_152","SL18-OI-18-FG3xSL18-LL-9-MG1"
"32","2019_153",0.181358165819378,0.461024918876403,0.0337174996052651,NA,NA,-63.036159788822,2019,"2019_153","SL18-OI-18-FG3xSL18-OI-7-MG1",12.2481060007819,-48.7063592140321,5.88714754144821,0.4896311513566,-22.5979048235286,2019,"2019_153","SL18-OI-18-FG3xSL18-OI-7-MG1"
"33","2019_154",-1.67478499945298,4.62547265222032,-0.0542762245534268,NA,NA,-155.308630329383,2019,"2019_154","SL18-OI-18-FG5xSA18-CB-4-MG3",-83.1376429712826,71.5812789696929,-2.3730550717165,-59.3549654624048,-101.694223689887,2019,"2019_154","SL18-OI-18-FG5xSA18-CB-4-MG3"
"34","2019_155",-0.415527114881704,-0.0971016111556628,0.0391775383579572,-1.63755793093947,-0.034603756005978,40.7836204064734,2019,"2019_155","SL18-OI-18-FG5xSL18-LD-2-MG1",-112.780112827641,-10.0258710182894,-11.2217332232515,-43.4162981353,-47.5865961368222,2019,"2019_155","SL18-OI-18-FG5xSL18-LD-2-MG1"
"35","2019_157",1.90816729670243,1.09506058568913,0.270817138430165,1.04757178754168,0.114768236137597,-28.2343323827585,2019,"2019_157","SL18-OI-18-FG5xSL18-SF-15-MG2",5.05411411986548,12.5244082058909,-1.08123808036165,-9.62216931903993,134.164967892846,2019,"2019_157","SL18-OI-18-FG5xSL18-SF-15-MG2"
"36","2019_158",1.64304836998418,-1.93893831774782,0.0574993689758015,NA,NA,30.0856839294481,2019,"2019_158","SL18-OI-18-FG6xSA18-CB-1-MG2",-98.6997684747859,38.8248267480881,15.2531336702282,75.5966851518968,-49.5349388170617,2019,"2019_158","SL18-OI-18-FG6xSA18-CB-1-MG2"
"37","2019_159",-1.49724239705547,0.61169510814944,-0.0906906447004045,-9.32944123315667,-0.0867257052053784,-5.82777640884432,2019,"2019_159","SL18-OI-18-FG6xSL18-NL-6-MG1",276.594264257858,-134.204128670817,-25.4916335424912,-197.460454333925,-58.367919832285,2019,"2019_159","SL18-OI-18-FG6xSL18-NL-6-MG1"
"38","2019_162",-2.05511397106818,0.770519480926576,-0.13970770230589,NA,NA,-222.339626524247,2019,"2019_162","SL18-OI-2-FG2xSL18-LD-1-MG2",28.6829772627558,-43.7079140801059,-13.1111672510141,35.4176062048441,46.0954905618969,2019,"2019_162","SL18-OI-2-FG2xSL18-LD-1-MG2"
"39","2019_17",-1.34031398753263,-0.589848747088219,-0.0808610212347373,-2.79940655700508,-0.0806434776078368,91.71206494026,2019,"2019_17","SL18-LD-1-FG1xSL18-NL-2-MG2",-52.2988156880245,-14.0360869982627,-14.3023154487069,-16.4355336875568,-81.7577812013563,2019,"2019_17","SL18-LD-1-FG1xSL18-NL-2-MG2"
"40","2019_170",-2.07283295062439,3.06377069101726,-0.14560887380839,NA,NA,-87.3199703846045,2019,"2019_170","SL18-OI-2-FG3xSL18-NL-9-MG1",108.756677537142,-35.8028998925666,-32.3427866773264,36.4246322556361,-114.326449891382,2019,"2019_170","SL18-OI-2-FG3xSL18-NL-9-MG1"
"41","2019_172",-1.35307463041407,0.51059909045308,-0.0710293693279161,NA,NA,-245.788188794332,2019,"2019_172","SL18-OI-2-FG3xSL18-SF-17-MG1",56.2410036197425,-7.19312135087,-2.61416984581751,6.55626533245885,-55.3541081371219,2019,"2019_172","SL18-OI-2-FG3xSL18-SF-17-MG1"
"42","2019_174",-1.93663428432157,3.62464167845488,-0.138945081757644,NA,NA,-174.444641929076,2019,"2019_174","SL18-OI-6-FG1xSA18-CB-2-MG1",83.243447192828,75.657040217585,3.61772835356902,89.2925897510343,5.87999843803201,2019,"2019_174","SL18-OI-6-FG1xSA18-CB-2-MG1"
"43","2019_175",0.605604602055841,-2.28026106676118,-0.0150439734329805,NA,NA,-50.1394736772704,2019,"2019_175","SL18-OI-6-FG1xSA18-CB-4-MG1",-95.5696048764465,20.4379304137497,-8.87363249193177,-38.4750760243146,-39.4333617991119,2019,"2019_175","SL18-OI-6-FG1xSA18-CB-4-MG1"
"44","2019_176",-0.964435125927848,0.644036910142487,-0.0869970182155251,-7.66707075440998,-0.065175675086581,-73.8209707971194,2019,"2019_176","SL18-OI-6-FG1xSL18-LD-13-MG2",-92.7389877979517,-45.4066246987617,0.847265020104303,-56.6224512567669,-141.046777387789,2019,"2019_176","SL18-OI-6-FG1xSL18-LD-13-MG2"
"45","2019_177",-0.343680542553709,0.621158048928155,0.00264417207682816,NA,NA,-83.8067623163507,2019,"2019_177","SL18-OI-6-FG1xSL18-LD-2-MG1",57.9370656065008,-28.8644438889255,1.85698583273345,-62.4976244002367,34.4102054102254,2019,"2019_177","SL18-OI-6-FG1xSL18-LD-2-MG1"
"46","2019_178",0.353237127944728,-4.94098987741975,-0.091504015961536,NA,NA,13.3068726722989,2019,"2019_178","SL18-OI-6-FG1xSL18-LD-5-MG1",-128.412756440265,-36.7299521470262,-7.4799493583065,1.06060455580997,-4.51679713026044,2019,"2019_178","SL18-OI-6-FG1xSL18-LD-5-MG1"
"47","2019_18",-1.37364881760778,0.531083163274045,-0.0705062035611516,NA,NA,91.71206494026,2019,"2019_18","SL18-LD-1-FG1xSL18-OI-18-MG1",172.194129992272,-6.9587293850142,-12.8138958349358,-40.2167487599738,15.6871990152813,2019,"2019_18","SL18-LD-1-FG1xSL18-OI-18-MG1"
"48","2019_180",-0.954012043905184,1.74162118818456,-0.0503562299577011,NA,NA,-121.461606607023,2019,"2019_180","SL18-OI-6-FG1xSL18-NL-9-MG1",100.810774190617,-12.7492044354956,-2.61416984581741,58.3264087222977,-20.5695718795686,2019,"2019_180","SL18-OI-6-FG1xSL18-NL-9-MG1"
"49","2019_181",0.174475441625823,-0.446868851261836,0.0100318150978211,NA,NA,-46.0840110566081,2019,"2019_181","SL18-OI-6-FG1xSL18-SF-15-MG1",118.955661238615,-12.5671462484107,-0.700319553671789,-18.7089188880645,73.1724344208155,2019,"2019_181","SL18-OI-6-FG1xSL18-SF-15-MG1"
"50","2019_182",-1.49953593673622,-0.910580892293836,-0.122712217753454,NA,NA,-162.90380066946,2019,"2019_182","SL18-OI-6-FG1xSL18-SF-19-MG1",-8.95266699790304,-27.8617504256776,-4.76767207842468,-7.42444183966387,-75.876984529078,2019,"2019_182","SL18-OI-6-FG1xSL18-SF-19-MG1"
"51","2019_183",-1.17470980320872,0.450305309948333,-0.0846952474444727,NA,NA,-5.20387079625478,2019,"2019_183","SL18-OI-7-FG3xSA18-CB-2-MG3",-158.365338353487,51.1459063422681,4.38179864353933,43.4520732124305,-30.5974840730426,2019,"2019_183","SL18-OI-7-FG3xSA18-CB-2-MG3"
"52","2019_186",-0.975082784503558,-0.73677562450809,-0.0740192201676297,-3.08485485033974,-0.0783637787823095,34.3484199551542,2019,"2019_186","SL18-OI-9-FG1xSL18-LL-9-MG2",239.952410645673,-41.0909194030601,-2.87304712972485,-76.3413433209209,49.7842475372802,2019,"2019_186","SL18-OI-9-FG1xSL18-LL-9-MG2"
"53","2019_189",-1.16179060230317,2.82397689944253,0.0182451189663827,NA,NA,-176.079232856912,2019,"2019_189","SL18-SF-13-FG1xSL18-LL-9-MG3",127.515044866218,-47.8577503896399,5.38186791713253,-26.9340342353543,-27.0063162544306,2019,"2019_189","SL18-SF-13-FG1xSL18-LL-9-MG3"
"54","2019_19",3.1950830962667,-0.346785753885293,0.216588790539356,1.43644645953515,0.112359029847658,-76.5149150868096,2019,"2019_19","SL18-LD-1-FG2xSA18-CB-4-MG3",-141.115967571085,49.7150018585008,3.15488805194208,14.5664804584599,110.435028479287,2019,"2019_19","SL18-LD-1-FG2xSA18-CB-4-MG3"
"55","2019_190",-1.60861844286196,1.04501041601161,-0.124348767116912,NA,NA,-170.931867671812,2019,"2019_190","SL18-SF-17-FG1xSL18-LL-9-MG1",187.123691420994,-14.2699818664341,-3.09400994068931,3.95827711332355,108.534678737049,2019,"2019_190","SL18-SF-17-FG1xSL18-LL-9-MG1"
"56","2019_192",2.14068049194806,-1.75081393996342,0.103099085162246,-1.92304207057065,0.0151150744595503,155.08048007969,2019,"2019_192","SL18-SF-17-FG3xSA18-CB-10-MG1",22.5090559577562,9.25702127633857,11.3472552346157,1.77818618945709,59.0018006002293,2019,"2019_192","SL18-SF-17-FG3xSA18-CB-10-MG1"
"57","2019_193",-0.0667510814554831,-0.3686739068692,-0.0356941581537578,NA,NA,-215.879698013012,2019,"2019_193","SL18-SF-17-FG3xSA18-CB-3-MG3",-42.5265674144135,27.396436120737,5.83512968708985,-56.6486271865196,35.902717855554,2019,"2019_193","SL18-SF-17-FG3xSA18-CB-3-MG3"
"58","2019_194",-1.28192871022331,-0.037041718549398,-0.0739326710596965,-2.71265014225513,-0.108082269588156,-4.04044514759049,2019,"2019_194","SL18-SF-17-FG3xSL18-LD-2-MG1",14.8446832770573,64.0440825572968,12.5699364372288,28.9189874615013,45.1467941219022,2019,"2019_194","SL18-SF-17-FG3xSL18-LD-2-MG1"
"59","2019_195",-1.71212740565641,1.87276255076718,-0.144305742298243,NA,NA,-81.4277540248179,2019,"2019_195","SL18-SF-17-FG3xSL18-NL-10-MG2",45.1179713330343,28.6135420270287,-4.48316153805592,37.4997063532049,-20.812588091232,2019,"2019_195","SL18-SF-17-FG3xSL18-NL-10-MG2"
"60","2019_196",0.487496562007373,-0.728973057424756,0.00853527484231456,NA,NA,-239.523822344589,2019,"2019_196","SL18-SF-17-FG3xSL18-NL-2-MG3",156.799221798382,45.4020735269,12.8790813559463,-2.86113329802129,44.8561604663975,2019,"2019_196","SL18-SF-17-FG3xSL18-NL-2-MG3"
"61","2019_197",0.0737535803944639,-0.676715420895065,0.0126533596463525,0.440414967029913,-0.0461813124452607,12.314996721871,2019,"2019_197","SL18-SF-17-FG3xSL18-NL-9-MG1",186.091160736866,92.5311388635143,17.569403288777,1.94966181430588,60.996956137301,2019,"2019_197","SL18-SF-17-FG3xSL18-NL-9-MG1"
"62","2019_198",0.168862368864149,-0.876916099605145,-0.0120921899011847,-0.237936407660337,-0.0348489522618322,241.523700374831,2019,"2019_198","SL18-SF-17-FG3xSL18-OI-7-MG1",62.6029891828546,32.5094564737763,-1.53747653015669,-0.334044741873361,36.9832194646804,2019,"2019_198","SL18-SF-17-FG3xSL18-OI-7-MG1"
"63","2019_199",0.317274201075224,-0.0661033508293243,0.0188713252320377,1.24505913092172,-0.0168763896323197,117.218532123025,2019,"2019_199","SL18-SF-17-FG3xSL18-OI-9-MG3",-84.4441128942448,-11.097154684576,-10.2928837939928,-13.8819635928001,39.7812583876529,2019,"2019_199","SL18-SF-17-FG3xSL18-OI-9-MG3"
"64","2019_2",-0.469500220398501,-0.22723137846924,-0.0222381852256557,NA,NA,-149.260178136312,2019,"2019_2","SA18-CB-10-FG2xSL18-LL-9-MG1",-111.222551332052,-40.7567453024917,-6.00778463866508,-97.4222394375632,-148.085714218218,2019,"2019_2","SA18-CB-10-FG2xSL18-LL-9-MG1"
"65","2019_20",-0.624403056313046,-0.167171485862973,-0.022930692329014,NA,NA,144.499341474855,2019,"2019_20","SL18-LD-1-FG2xSL18-SF-13-MG3",137.475465621137,-12.0776763078757,-1.11074027698048,-21.2241240888022,11.4452896669848,2019,"2019_20","SL18-LD-1-FG2xSL18-SF-13-MG3"
"66","2019_21",0.677113636168434,-2.04904812085931,0.0356734681248334,NA,NA,146.223931951597,2019,"2019_21","SL18-LD-1-FG2xSL18-SF-15-MG1",-53.3374768158336,-9.27943101587743,-9.30881471651646,-25.0481574561662,46.4539281797015,2019,"2019_21","SL18-LD-1-FG2xSL18-SF-15-MG1"
"67","2019_23",-2.13827564726504,0.761592365080623,-0.130169263239868,NA,NA,-68.6190014597076,2019,"2019_23","SL18-LD-1-FG3xSL18-NL-5-MG1",50.0232091890859,60.8621133447541,12.0486236632078,50.4981893225348,-11.0790646662981,2019,"2019_23","SL18-LD-1-FG3xSL18-NL-5-MG1"
"68","2019_24",-0.215107764542083,2.05520858315175,0.0575410185831176,-0.794022721560928,-0.015330743307558,50.5056113901896,2019,"2019_24","SL18-LD-1-FG3xSL18-OI-11-MG2",7.12335651735389,-38.1587681677165,3.97351478352552,-1.77043009679306,0.154833308316028,2019,"2019_24","SL18-LD-1-FG3xSL18-OI-11-MG2"
"69","2019_25",-0.538089198924594,-1.53853903370605,-0.076780800305437,NA,NA,30.0856839294481,2019,"2019_25","SL18-LD-1-FG3xSL18-OI-15-MG1",-9.36241120149718,53.1874637751927,-11.671749733812,31.9492503470302,11.9540070344114,2019,"2019_25","SL18-LD-1-FG3xSL18-OI-15-MG1"
"70","2019_26",-1.78011530726893,-0.646685319088553,-0.121618814980794,NA,NA,-112.005272746708,2019,"2019_26","SL18-LD-1-FG3xSL18-OI-16-MG1",100.391113954294,49.8208930390453,15.4903194170599,-16.9378349756587,12.2410701641344,2019,"2019_26","SL18-LD-1-FG3xSL18-OI-16-MG1"
"71","2019_27",-0.622475782647669,0.683676992725795,-0.056122312723708,NA,NA,-177.345758207315,2019,"2019_27","SL18-LD-1-FG3xSL18-OI-6-MG2",-72.0650284181534,-0.159473754053182,-12.045706447757,28.1447988188723,27.9733114712575,2019,"2019_27","SL18-LD-1-FG3xSL18-OI-6-MG2"
"72","2019_28",-1.07751368257837,-0.909151139743565,-0.0512650952055695,NA,NA,206.076045375509,2019,"2019_28","SL18-LD-1-FG3xSL18-OI-7-MG1",-27.8468627710599,-28.7219945836759,-8.7475166234369,-49.7627942675784,-70.6929146573728,2019,"2019_28","SL18-LD-1-FG3xSL18-OI-7-MG1"
"73","2019_29",-0.296507785159694,-0.358906272885298,-0.0190244799642629,NA,NA,76.1311048851249,2019,"2019_29","SL18-LD-1-FG3xSL18-OI-9-MG3",-89.5697295042812,-23.2985200879834,4.97064678642467,35.9679134516878,-54.0875793667799,2019,"2019_29","SL18-LD-1-FG3xSL18-OI-9-MG3"
"74","2019_3",0.130297356296435,-0.926966269282664,-0.000591365820124149,4.98404854616375,-0.0725255088717271,-88.0474795469396,2019,"2019_3","SA18-CB-4-FG3xSA18-CB-4-MG3",-135.920741952993,19.8713970000445,13.3183612148961,12.4450530093644,-91.5152867995606,2019,"2019_3","SA18-CB-4-FG3xSA18-CB-4-MG3"
"75","2019_30",-1.45882739428399,1.88277102253398,-0.100391343560392,NA,NA,-186.796636139686,2019,"2019_30","SL18-LD-1-FG3xSL18-NL-9-MG2",18.8609590012631,-30.0833981625553,-4.60865467342508,68.7362239872935,27.3452148063706,2019,"2019_30","SL18-LD-1-FG3xSL18-NL-9-MG2"
"76","2019_31",0.0541086569558662,0.661191331441092,0.0203954106447876,NA,NA,134.337335866013,2019,"2019_31","SL18-LD-1-FG3xSL18-OI-15-MG2",136.003482171051,6.369295313217,-11.6136870016074,-6.80005186832892,22.7659940574956,2019,"2019_31","SL18-LD-1-FG3xSL18-OI-15-MG2"
"77","2019_32",-0.005162441264901,-2.24974772445279,-0.0305532064879337,NA,NA,-42.841685188606,2019,"2019_32","SL18-LD-2-FG2xSA18-CB-3-MG3",-112.989050290443,51.2093107328,-6.7617984406202,-11.1627650288554,-46.092622429728,2019,"2019_32","SL18-LD-2-FG2xSA18-CB-3-MG3"
"78","2019_33",-0.52905974990192,0.280875147568182,-0.00146283171727406,0.372584881658072,-0.0472210958340596,-44.7162400427456,2019,"2019_33","SL18-LD-2-FG2xSL18-LL-9-MG2",-80.508145315147,47.2502114738142,-4.43116846949697,11.9990005593669,-18.617022287217,2019,"2019_33","SL18-LD-2-FG2xSL18-LL-9-MG2"
"79","2019_34",-2.9926443652344,0.493487332805953,-0.209255384389927,NA,NA,-228.877254371318,2019,"2019_34","SL18-LD-2-FG2xSL18-NL-9-MG1",253.863730764444,-48.782193154921,11.3220362347308,85.6450640538654,31.1459546442648,2019,"2019_34","SL18-LD-2-FG2xSL18-NL-9-MG1"
"80","2019_35",-1.18482837434134,13.4746899938153,0.110399042562319,-5.60577793351852,0.00632462231183637,33.057332950844,2019,"2019_35","SL18-LD-2-FG2xSL18-SF-19-MG1",-75.8617663435272,-34.7034530244846,2.57066121155863,-39.1873981050173,-20.3264249764307,2019,"2019_35","SL18-LD-2-FG2xSL18-SF-19-MG1"
"81","2019_37",-0.988426837107165,-1.62972093381365,-0.136237813014411,NA,NA,-156.536657450603,2019,"2019_37","SL18-LD-3-FG1xSL18-NL-9-MG1",225.442130362651,-66.0916087448992,9.7095935713766,89.6806269366694,106.289452703053,2019,"2019_37","SL18-LD-3-FG1xSL18-NL-9-MG1"
"82","2019_38",-1.45345696719782,6.42039863937724,0.00232473082887971,NA,NA,-112.005272746708,2019,"2019_38","SL18-LD-3-FG1xSL18-SF-19-MG2",-5.61536961611753,-71.4998918938918,27.1045120797547,0.289222536067281,86.3138498523263,2019,"2019_38","SL18-LD-3-FG1xSL18-SF-19-MG2"
"83","2019_39",-0.0130511120791177,-0.769006296375374,-0.0253690657933692,NA,NA,-29.4219456353027,2019,"2019_39","SL18-LD-3-FG2xSA18-CB-2-MG3",-57.2877217846601,18.4777969994032,0.389014129294545,-54.9876876757943,29.3791401586455,2019,"2019_39","SL18-LD-3-FG2xSA18-CB-2-MG3"
"84","2019_40",0.655968595045209,-3.14209742071384,-0.0536185748704971,NA,NA,202.26404143871,2019,"2019_40","SL18-LD-3-FG2xSL18-LL-9-MG2",75.6709599296379,36.8955399269708,-21.7190236620017,83.5117512305456,3.84494960881506,2019,"2019_40","SL18-LD-3-FG2xSL18-LL-9-MG2"
"85","2019_41",-2.01934354224478,1.79312099646414,-0.129843351314726,NA,NA,-228.767975236583,2019,"2019_41","SL18-LD-3-FG2xSL18-SF-17-MG3",94.0552311071879,-50.9487568208954,-0.515301510919516,-37.3728766222376,-2.40798072704176,2019,"2019_41","SL18-LD-3-FG2xSL18-SF-17-MG3"
"86","2019_43",-0.537693096844714,-0.876916099605145,-0.0533768767454813,NA,NA,117.218532123025,2019,"2019_43","SL18-LD-4-FG1xSA18-CB-2-MG1",-37.5141866994257,57.5358593994393,6.69854216718024,-38.7198148195005,-18.9775589947742,2019,"2019_43","SL18-LD-4-FG1xSA18-CB-2-MG1"
"87","2019_44",-1.34042734294209,-0.289067350863229,-0.0906906447004045,NA,NA,-5.82777640884432,2019,"2019_44","SL18-LD-4-FG1xSL18-NL-3-MG2",55.1370944596307,72.1858376460818,-16.1469149667009,20.7048897296722,15.4210393111824,2019,"2019_44","SL18-LD-4-FG1xSL18-NL-3-MG2"
"88","2019_45",-2.3163682931748,4.94428030423395,-0.15647022725308,NA,NA,-261.410889948217,2019,"2019_45","SL18-LD-4-FG2xSL18-LL-9-MG1",86.4847765071218,-41.2717998039553,-1.68882474972929,-8.9018782639626,56.638817782156,2019,"2019_45","SL18-LD-4-FG2xSL18-LL-9-MG1"
"89","2019_46",0.700849278136529,-0.220007520395687,0.0178859894400536,NA,NA,-46.6529444218363,2019,"2019_46","SL18-LD-4-FG2xSL18-SF-15-MG2",-153.711596489491,5.03273451192685,-1.40046001547519,27.9175935405648,-7.94161010642033,2019,"2019_46","SL18-LD-4-FG2xSL18-SF-15-MG2"
"90","2019_47",-1.32381302941841,1.22082065886473,-0.0673119943135548,NA,NA,-222.339626524247,2019,"2019_47","SL18-LD-4-FG3xSL18-SF-17-MG1",97.8442831111993,-42.4920294640547,-2.64572941284755,-45.1182011176025,53.3614655935518,2019,"2019_47","SL18-LD-4-FG3xSL18-SF-17-MG1"
"91","2019_48",-1.1819679086592,1.09253931482833,-0.0769945275953122,-1.79345518831985,-0.122275329778127,-195.162169971044,2019,"2019_48","SL18-LD-5-FG1xSA18-CB-10-MG1",-24.500222651925,-66.5059796025873,4.9481691536815,31.8005951998771,-38.5256981888141,2019,"2019_48","SL18-LD-5-FG1xSA18-CB-10-MG1"
"92","2019_5",2.11318774148427,-1.18927579923505,0.145497847611971,4.28480715261034,0.0214572314250387,-22.0985409749297,2019,"2019_5","SA18-CB-7-FG1xSL18-LL-9-MG3",-127.393730026274,-40.0115163637689,-0.150172110501171,-27.7620964535324,101.976386799588,2019,"2019_5","SA18-CB-7-FG1xSL18-LL-9-MG3"
"93","2019_51",-1.84329442518813,4.13201017754258e-06,-0.129365458306985,NA,NA,-201.596482310571,2019,"2019_51","SL18-LD-9-FG2xSL18-SF-13-MG3",72.9601147757793,-45.9117049466986,-8.02795458676175,102.473171099928,-33.900099930841,2019,"2019_51","SL18-LD-9-FG2xSL18-SF-13-MG3"
"94","2019_53",-1.89316608633199,0.543537243311174,-0.126444410140633,NA,NA,-228.877254371318,2019,"2019_53","SL18-LD-9-FG3xSL18-NL-7-MG1",163.416592655462,-7.36612342067736,-6.72795858046459,8.52725924228477,95.5061341785816,2019,"2019_53","SL18-LD-9-FG3xSL18-NL-7-MG1"
"95","2019_54",0.474842807943377,-0.408928533508778,0.0668426163009948,-3.75326568987395,-0.0204730597936339,97.5661044458166,2019,"2019_54","SL18-LD-9-FG3xSL18-SF-17-MG1",46.1786365160087,-0.675398361873764,-8.49714430097329,17.4544392307378,112.297873537455,2019,"2019_54","SL18-LD-9-FG3xSL18-SF-17-MG1"
"96","2019_56",-2.2694581270208,-9.26418973013531,-0.230476121418946,NA,NA,-29.1720996901848,2019,"2019_56","SL18-LL-9-FG3xSL18-NL-9-MG1",23.3587017313617,20.4378762302051,13.7899504545397,-6.05628422569249,-5.85423388021168,2019,"2019_56","SL18-LL-9-FG3xSL18-NL-9-MG1"
"97","2019_57",5.06606131015897,-5.11074118900876,-0.0113361517003101,NA,NA,235.044122826121,2019,"2019_57","SL18-NL-10-FG1xSA18-CB-4-MG3",-128.549053291888,33.515938175113,27.7121441832987,90.1911479485229,26.3320884978744,2019,"2019_57","SL18-NL-10-FG1xSA18-CB-4-MG3"
"98","2019_58",-2.36737470097204,3.22390623928618,-0.155932377087535,NA,NA,-128.811322667096,2019,"2019_58","SL18-NL-10-FG1xSL18-LD-2-MG1",-192.646185071239,-22.1297738173735,-24.6522006965256,13.3689187846094,-92.0339755346564,2019,"2019_58","SL18-NL-10-FG1xSL18-LD-2-MG1"
"99","2019_6",-0.221579813462149,0.661737466983476,0.0333697752171883,NA,NA,77.0566117160283,2019,"2019_6","SL18-LD-10-FG1xSA18-CB-1-MG2",-215.241035156736,47.5909098581386,-11.8339679317208,-9.40358890854643,-3.44387382832621,2019,"2019_6","SL18-LD-10-FG1xSA18-CB-1-MG2"
"100","2019_60",2.09281615371805,-0.767134762866775,0.162046794680693,1.01125799539048,0.00643528300010096,12.3141887371678,2019,"2019_60","SL18-NL-10-FG1xSL18-OI-15-MG1",29.4350119322918,30.5403276013629,18.7256071159268,20.6401751790376,45.4205678491029,2019,"2019_60","SL18-NL-10-FG1xSL18-OI-15-MG1"
"101","2019_62",1.75679215968062,-1.1793469956192,0.118042338445108,2.43019601533517,0.013347962001442,331.365280577058,2019,"2019_62","SL18-NL-10-FG1xSL18-OI-7-MG1",9.98807973519715,42.6043696907181,14.7657855466985,-12.2500254088583,-1.22831566764682,2019,"2019_62","SL18-NL-10-FG1xSL18-OI-7-MG1"
"102","2019_63",1.52128296972166,-1.07071200219832,0.112850501039509,3.19804616821981,-0.0236378155730791,175.074119611665,2019,"2019_63","SL18-NL-10-FG1xSL18-SF-13-MG1",-114.296727390761,10.7530692630486,7.25899831473757,59.8927763064603,34.2970583852866,2019,"2019_63","SL18-NL-10-FG1xSL18-SF-13-MG1"
"103","2019_72",-2.3781935947934,0.681556748083058,-0.184810053933328,NA,NA,-152.670046790259,2019,"2019_72","SL18-NL-10-FG3xSL18-NL-3-MG2",-68.8789383909934,-89.7717701203693,-6.0122556861882,-175.342338497148,-203.579125151301,2019,"2019_72","SL18-NL-10-FG3xSL18-NL-3-MG2"
"104","2019_73",1.64555184074296,-0.967006405024681,0.142725385764928,3.16104606762991,0.0151632874010732,55.0659479971219,2019,"2019_73","SL18-NL-2-FG1xSA18-CB-1-MG2",-233.046284524686,13.7672615871209,22.7645100913262,106.857903042721,-86.4728210029979,2019,"2019_73","SL18-NL-2-FG1xSA18-CB-1-MG2"
"105","2019_75",0.181754416663214,0.0512762642272252,0.0662693361869012,NA,NA,271.710301680122,2019,"2019_75","SL18-NL-2-FG1xSL18-LD-13-MG2",26.8858718292938,-23.3318083205517,-14.067579451615,-24.0825687727286,39.3515747117632,2019,"2019_75","SL18-NL-2-FG1xSL18-LD-13-MG2"
"106","2019_76",0.319870261919547,2.78248540090061,0.166509907728314,-1.81189048800178,0.0437677726577145,-36.7200589376585,2019,"2019_76","SL18-NL-2-FG1xSL18-SF-17-MG1",-93.8705373247102,51.8914597026973,-12.0167485242358,-58.5272646478726,114.957443991116,2019,"2019_76","SL18-NL-2-FG1xSL18-SF-17-MG1"
"107","2019_77",-1.05363854436326,0.441008277619934,-0.0595024829800457,NA,NA,-125.347967371408,2019,"2019_77","SL18-NL-2-FG3xSA18-CB-2-MG3",-84.5376111609513,57.9439356584158,19.5744891936871,45.4210030828676,-80.9415934721312,2019,"2019_77","SL18-NL-2-FG3xSA18-CB-2-MG3"
"108","2019_78",-1.86466544921714,-1.47772475424023,-0.148941891129229,NA,NA,-218.868650015647,2019,"2019_78","SL18-NL-2-FG3xSA18-CB-4-MG1",-77.0834488893089,85.4188621947457,17.6201598247905,-30.6740860103588,-150.313023953757,2019,"2019_78","SL18-NL-2-FG3xSA18-CB-4-MG1"
"109","2019_79",-1.03151111764922,0.181783128701789,-0.094874073626775,NA,NA,-239.523822344589,2019,"2019_79","SL18-NL-2-FG3xSL18-LD-3-MG2",-48.7425483669954,37.3565830419244,9.88167889848474,-15.8972657686651,-41.1027879098581,2019,"2019_79","SL18-NL-2-FG3xSL18-LD-3-MG2"
"110","2019_80",1.21755888135942,-0.787151382342083,0.0720773390847935,NA,NA,16.1530173671299,2019,"2019_80","SL18-NL-2-FG3xSL18-OI-16-MG1",132.93943228677,52.7014765381154,19.9547169045036,72.947520269728,-32.0194450859429,2019,"2019_80","SL18-NL-2-FG3xSL18-OI-16-MG1"
"111","2019_82",1.39425085200675,-0.186652798082823,0.185508116597584,0.853308018795086,0.0360312353767046,-14.2031075042236,2019,"2019_82","SL18-NL-3-FG1xSA18-CB-7-MG2",-76.5551716862034,-48.9520223948613,5.81589103831207,41.8580271284276,-36.2708517890418,2019,"2019_82","SL18-NL-3-FG1xSA18-CB-7-MG2"
"112","2019_84",-1.01583808431187,0.620690497567277,0.0219997578380517,NA,NA,44.3071696427221,2019,"2019_84","SL18-NL-3-FG1xSL18-OI-11-MG2",117.143795704168,14.512643233068,23.873907615254,57.7727173491441,57.6956346999264,2019,"2019_84","SL18-NL-3-FG1xSL18-OI-11-MG2"
"113","2019_85",-1.05350241833714,2.80187812806981,-0.0218875093760263,NA,NA,-95.3272414592423,2019,"2019_85","SL18-NL-3-FG1xSL18-SF-13-MG2",183.090214939128,-9.22280116693955,-15.2480472031757,65.0374111079047,-10.3061045500771,2019,"2019_85","SL18-NL-3-FG1xSL18-SF-13-MG2"
"114","2019_87",4.66621296245901,-1.67023645468265,0.261549501904375,7.45416375798081,0.0674927119784893,248.809392347515,2019,"2019_87","SL18-NL-3-FG2xSL18-SF-17-MG2",-49.6836626648336,-7.43754718860184,7.75081654387029,-10.2625359867543,84.3685097098503,2019,"2019_87","SL18-NL-3-FG2xSL18-SF-17-MG2"
"115","2019_88",-0.933830559448116,0.371491785746062,-0.0383443414807176,NA,NA,-103.824059284981,2019,"2019_88","SL18-NL-3-FG3xSA18-CB-2-MG2",85.8163404472789,35.8023494697186,14.7919698434201,2.29126169129928,29.800092200739,2019,"2019_88","SL18-NL-3-FG3xSA18-CB-2-MG2"
"116","2019_9",-1.68924919398628,2.66285545708799,-0.0842352703566945,NA,NA,-169.339855207918,2019,"2019_9","SL18-LD-10-FG1xSL18-OI-18-MG1",205.611548095393,-52.9955792466949,-8.26317242809964,0.670864695768083,-67.1549364255833,2019,"2019_9","SL18-LD-10-FG1xSL18-OI-18-MG1"
"117","2019_94",3.70913785335577,-2.8922262203494,0.234789147972071,8.52162453443201,-0.0239472991024503,389.006254544329,2019,"2019_94","SL18-NL-6-FG1xSA18-CB-3-MG3",45.2369764135792,10.5350868643734,-5.95721798034394,-41.4225772255655,-68.2762606374126,2019,"2019_94","SL18-NL-6-FG1xSA18-CB-3-MG3"
"118","2019_95",2.81748206906397,-0.577580752005792,0.23199899038274,3.07353413893794,0.0812391401604501,146.223931951597,2019,"2019_95","SL18-NL-6-FG1xSA18-CB-7-MG2",-91.2781091360892,22.7376766407608,-8.18796018296118,-67.8238480554589,-25.4328316804575,2019,"2019_95","SL18-NL-6-FG1xSA18-CB-7-MG2"
"119","2019_96",-0.613787560183353,-0.169965971707415,-0.0532173240364901,NA,NA,111.504614807201,2019,"2019_96","SL18-NL-6-FG1xSL18-LD-1-MG2",-0.78615624112849,18.1584835716227,-19.94713946803,-7.03607217925225,49.0282747295475,2019,"2019_96","SL18-NL-6-FG1xSL18-LD-1-MG2"
"120","2019_97",0.810315293661089,-1.59106003003797,0.036110445675495,NA,NA,171.780113535602,2019,"2019_97","SL18-NL-6-FG1xSL18-LD-2-MG1",-97.1975502664217,17.618266241976,-3.4680138144179,21.1078103973363,-14.1282640273958,2019,"2019_97","SL18-NL-6-FG1xSL18-LD-2-MG1"
"121","2019_98",1.83942222489267,-1.56103995150876,0.112123678857372,5.50988584905346,-0.00814877282495749,347.491580003186,2019,"2019_98","SL18-NL-6-FG1xSL18-LD-3-MG2",124.188137298697,-33.6062728644999,-15.0672905536641,-40.1326528945709,84.0944256570293,2019,"2019_98","SL18-NL-6-FG1xSL18-LD-3-MG2"
"122","2019_99",0.258664990103025,-0.237241360570284,0.026511637603208,NA,NA,175.287693425182,2019,"2019_99","SL18-NL-6-FG1xSL18-NL-2-MG1",40.9938942180741,-20.0695843418915,16.898543211586,42.8092301637722,-0.567632678232314,2019,"2019_99","SL18-NL-6-FG1xSL18-NL-2-MG1"
"123","2020_10",5.31046690233526,-1.46315810781602,0.595692347921678,2.9857267678865,0.32216849362568,15.665286799145,2020,"2020_10","SL18-OI-11-FG3xSL18-CC-1-MG3",-49.7177197645114,26.7016560765461,20.2511805531752,10.1733044862301,263.148646134431,2020,"2020_10","SL18-OI-11-FG3xSL18-CC-1-MG3"
"124","2020_101",-1.93531482102547,-1.99916357613527,-0.293691017289083,1.67987984031062,-0.175041931641212,-85.0934630909473,2020,"2020_101","SL18-JS-16-FG3xSL18-NC-10-MG3",-116.866358385391,-46.2534557959793,6.02244990410974,104.729307174229,13.2863189719878,2020,"2020_101","SL18-JS-16-FG3xSL18-NC-10-MG3"
"125","2020_104",-3.13165469935519,4.61118348900964,-0.360769779985026,-8.09468413282286,-0.206091828806018,-64.7325517228828,2020,"2020_104","SL18-OI-5-FG5xSA18-CB-7-MG3",-96.0980229975854,-17.3077193241859,-5.1093044977682,65.2120079384088,-68.5099922389231,2020,"2020_104","SL18-OI-5-FG5xSA18-CB-7-MG3"
"126","2020_111",-0.841805461605859,2.30808447778485,0.0070977138549565,5.63195089881893,-0.0232866580345233,-14.0893100647209,2020,"2020_111","SL18-CC-1-FG2xSL18-OI-16-MG1",-1.4898374131448,-21.8259343764154,-12.4675022346347,66.3449453854592,-97.1137577397526,2020,"2020_111","SL18-CC-1-FG2xSL18-OI-16-MG1"
"127","2020_112",-1.98532686008581,0.214520621221907,-0.199276777552074,-0.342811950506817,-0.122806170855876,-95.2061286294527,2020,"2020_112","SL18-NC-11-FG1xSL18-NL-2-MG1",-177.293043785521,-56.6329742523377,1.16357386973751,75.4442770697646,-16.4612823241924,2020,"2020_112","SL18-NC-11-FG1xSL18-NL-2-MG1"
"128","2020_113",11.5690735696032,0.51519202615382,1.54893547116766,-0.521496446935255,0.947648149242977,-34.3685147059039,2020,"2020_113","SL18-CC-5-FG2xSA18-CB-10-MG1",-233.488203593701,-35.6233195524565,19.1040851887404,-82.8440971747983,85.5663026960377,2020,"2020_113","SL18-CC-5-FG2xSA18-CB-10-MG1"
"129","2020_115",-3.35355036869473,-0.748318226075743,-0.421781042285051,-3.16146396835476,-0.253799863664352,6.28904928407042,2020,"2020_115","SL18-LD-13-FG2xSL18-LD-13-MG2",252.040075679521,70.1309377546975,-22.0035671017076,33.8576415224248,-182.715469884703,2020,"2020_115","SL18-LD-13-FG2xSL18-LD-13-MG2"
"130","2020_119",9.68481594838439,-0.757087948726003,1.0053371979386,1.7201430427712,0.553476364994481,-42.9972941655975,2020,"2020_119","SL18-CC-5-FG3xSL18-OI-14-MG1",24.7120765035971,-22.6530342898979,-0.00252422422629185,-43.4670860307513,195.027765435619,2020,"2020_119","SL18-CC-5-FG3xSL18-OI-14-MG1"
"131","2020_12",-1.81068495459584,0.731126885915855,-0.27281175543127,0.20807772268293,-0.160070610108873,-95.9859918808953,2020,"2020_12","SL18-CC-11-FG3xSL18-CC-3-MG1",65.0595411131649,-0.144097797561797,-14.9052807386782,48.1767748202508,-49.7360596001175,2020,"2020_12","SL18-CC-11-FG3xSL18-CC-3-MG1"
"132","2020_121",13.4179158638582,-0.543644893804957,1.42960238301498,1.37373232757191,0.801643389855502,614.955245865566,2020,"2020_121","SL18-CC-11-FG3xSA18-CB-3-MG3",-51.3779374527212,61.7518698887889,3.22262138563828,-126.371743995366,79.9294655988718,2020,"2020_121","SL18-CC-11-FG3xSA18-CB-3-MG3"
"133","2020_128",-3.07341249484528,-0.475303120973395,-0.40447110914524,-1.33762815310963,-0.239190380908545,-53.5985530350859,2020,"2020_128","SL18-JS-16-FG1xSL18-CC-4-MG11",98.39172347649,-28.6175992139754,-15.8603937173782,-119.373514034741,-132.421437255418,2020,"2020_128","SL18-JS-16-FG1xSL18-CC-4-MG11"
"134","2020_130",1.96249150047395,0.353507985303043,0.173539793623174,4.83717920944495,0.0748081482690481,-23.2299879085539,2020,"2020_130","SL18-CC-11-FG3xSL18-JS-16-MG1",90.1689761965209,-15.0468979172372,12.5419011723294,119.544895776595,103.055460803305,2020,"2020_130","SL18-CC-11-FG3xSL18-JS-16-MG1"
"135","2020_131",-1.34950345080447,-1.92572255695716,-0.247319093681849,-0.861811123420667,-0.145098292997945,-33.3528429507312,2020,"2020_131","SL18-NC-12-FG2xSA18-CB-4-MG3",119.668082063408,-44.7781290024574,-3.1190105704915,22.6214006444506,-22.488852250102,2020,"2020_131","SL18-NC-12-FG2xSA18-CB-4-MG3"
"136","2020_132",-2.86445382284033,-0.824276218352948,-0.384152416118526,-6.83115204133683,-0.223742511454057,-2.98427782419918,2020,"2020_132","SL18-OD-5-FG1xSL18-CC-8-MG2",316.191742054657,-40.1164377173183,-14.9965711311487,93.3197113941321,-47.6410807720287,2020,"2020_132","SL18-OD-5-FG1xSL18-CC-8-MG2"
"137","2020_133",-3.05251662764479,1.05145418006215,-0.397664602927495,3.22588972254366,-0.236626923394581,-33.3528429507312,2020,"2020_133","SL18-CC-1-FG3xSL18-OI-9-MG2",351.399340363642,-30.205704139698,-12.9771911999064,-136.41688053136,-120.690911473849,2020,"2020_133","SL18-CC-1-FG3xSL18-OI-9-MG2"
"138","2020_135",-1.11280995116366,0.880223480657632,-0.260718765585974,-5.09383263612742,-0.144215529490455,-104.403869660789,2020,"2020_135","SA18-CB-9-FG1xSL18-JS-5-MG3",270.709481094347,56.809375060449,-9.94441616477447,90.9575194211673,-38.7254083737229,2020,"2020_135","SA18-CB-9-FG1xSL18-JS-5-MG3"
"139","2020_137",-1.72977191071965,-1.41026934121943,-0.339680588577619,3.1138253811889,-0.196528020877861,-114.527428721274,2020,"2020_137","SL18-CC-5-FG1xSL18-JS-9-MG1",190.102231173619,30.5489354528951,3.45692118786411,-43.6057884353983,-131.306832072559,2020,"2020_137","SL18-CC-5-FG1xSL18-JS-9-MG1"
"140","2020_138",-1.32520669133867,-1.88565464387316,-0.306020580778091,-4.29632740367564,-0.173164825994505,-53.7860743583688,2020,"2020_138","SL18-OI-15-FG1xSA18-CB-2-MG3",-22.8575876706559,42.4854989108741,-14.698261751419,-15.9953911937171,-58.0567440219028,2020,"2020_138","SL18-OI-15-FG1xSA18-CB-2-MG3"
"141","2020_139",1.2033040545751,1.65700712299374,0.157207889931347,6.34389432610668,0.0641850577315041,57.7865125036597,2020,"2020_139","SL18-CC-12-FG3xSL18-OI-15-MG2",21.1920068795648,-21.1867175297475,22.2798714490245,0.837672555544161,175.28463635184,2020,"2020_139","SL18-CC-12-FG3xSL18-OI-15-MG2"
"142","2020_14",-1.53760343151368,-0.0763180830554679,-0.247493773387691,-7.68291634433784,-0.131614070428375,-45.2421705312029,2020,"2020_14","SL18-SF-17-FG2xSL18-NC-1-MG1",-102.727730681424,48.3720333470311,-5.21714554428682,-112.106275194026,1.75546318240024,2020,"2020_14","SL18-SF-17-FG2xSL18-NC-1-MG1"
"143","2020_140",-1.7534611542949,-1.78910221362935,-0.255377728925851,-0.912488908175314,-0.146716435138326,-104.179168171178,2020,"2020_140","SL18-JS-5-FG1xSL18-LD-2-MG4",-240.912424037814,-35.1759767989915,-10.4940898339621,32.5502876765664,-45.693820378217,2020,"2020_140","SL18-JS-5-FG1xSL18-LD-2-MG4"
"144","2020_141",-2.52660824071321,0.141155231251305,-0.306839287506958,-4.99081491129942,-0.173203990645056,-23.1963278337591,2020,"2020_141","SL18-OD-5-FG3xSA18-CB-1-MG12",84.9443596331042,63.2669587993909,0.230579243173814,104.053259506042,-59.2474548685339,2020,"2020_141","SL18-OD-5-FG3xSA18-CB-1-MG12"
"145","2020_143",0.189854495351109,-7.04550949290886,-0.259624273085608,-0.239998982128255,-0.149906774621347,57.7865125036597,2020,"2020_143","SL18-CC-5-FG3xSL18-JS-5-MG2",280.314472910083,-98.6975762956317,16.3204117932782,22.97666801739,59.6992414184519,2020,"2020_143","SL18-CC-5-FG3xSL18-JS-5-MG2"
"146","2020_144",-2.10869089670331,-0.305966549766247,-0.268074133263265,-6.57442022102315,-0.146077494459247,-83.9334580868232,2020,"2020_144","SL18-SF-13-FG1xSA18-CB-7-MG1",-290.063431483286,5.96280786685805,-2.09581195554894,86.3021730546523,-27.2608774713956,2020,"2020_144","SL18-SF-13-FG1xSA18-CB-7-MG1"
"147","2020_145",-3.30951293426025,-1.86961591021616,-0.450268616340866,NA,NA,108.515296915913,2020,"2020_145","SL18-LL-9-FG6xSA18-CB-10-MG3",190.393529129703,120.473944668174,-19.0266357439165,105.909242473832,-74.1338084986155,2020,"2020_145","SL18-LL-9-FG6xSA18-CB-10-MG3"
"148","2020_146",1.22334926126679,1.63741741221059,0.14483906277466,NA,NA,57.9018705583732,2020,"2020_146","SL18-OI-15-FG2xSA18-CB-2-MG3",-308.779075939565,-62.5074553491517,-3.06969393257001,90.6557463425926,-43.6896282173458,2020,"2020_146","SL18-OI-15-FG2xSA18-CB-2-MG3"
"149","2020_147",-0.566764908329341,3.19854196325949,-0.045559670358062,2.2133387949311,-0.0441818084327386,-12.9569263421828,2020,"2020_147","SA18-CB-2-FG3xSL18-NC-9-MG1",-390.295524831643,-66.1339270369245,18.531248253815,-23.8950187214222,19.3811108599794,2020,"2020_147","SA18-CB-2-FG3xSL18-NC-9-MG1"
"150","2020_149",-3.20482789510258,-0.594331065697339,-0.435647442311357,-2.92197383792123,-0.260114597792921,-73.6930379712308,2020,"2020_149","SL18-NL-2-FG3xSA18-CB-4-MG1",146.911236719427,17.0676948282586,-22.9344582283276,-6.94668968671079,-96.9396639781308,2020,"2020_149","SL18-NL-2-FG3xSA18-CB-4-MG1"
"151","2020_151",0.0937543671854746,0.842077578735577,0.0084838924605037,1.42509959927766,-0.0154607772933505,-73.797139014728,2020,"2020_151","SA18-CB-5-FG4xSL18-CC-1-MG3",-264.388300394957,45.8160618891363,25.6733661800624,2.05949885064877,-71.6516749869253,2020,"2020_151","SA18-CB-5-FG4xSL18-CC-1-MG3"
"152","2020_152",2.49677909524237,0.951131671666687,0.306342045579069,-1.11223395779195,0.166944162504462,47.6771214914003,2020,"2020_152","SL18-CC-3-FG1xSL18-JS-6-MG3",-536.706965357627,-65.8239853909442,34.6865878314444,108.067391535074,35.9968644370191,2020,"2020_152","SL18-CC-3-FG1xSL18-JS-6-MG3"
"153","2020_153",-2.24658275926994,1.5618345920809,-0.263088975150502,8.87445068349481,-0.18071053875813,-23.1828638038412,2020,"2020_153","SL18-JS-16-FG1xSL18-LD-2-MG2",264.732003715528,-36.205197337045,-21.3522934658143,49.0300703034842,-55.1737515302887,2020,"2020_153","SL18-JS-16-FG1xSL18-LD-2-MG2"
"154","2020_154",-3.7615331313058,-2.27686947909418,-0.464532101940758,2.05401133564533,-0.276116001522501,-53.5514289303732,2020,"2020_154","SL18-NC-10-FG1xSL18-NC-5-MG1",-32.1467219739635,43.744817969283,-31.6256874602236,-81.111321938449,-200.764877860963,2020,"2020_154","SL18-NC-10-FG1xSL18-NC-5-MG1"
"155","2020_156",6.76998393774354,-0.575625629368857,0.681740849840532,-1.3291000737808,0.384796754201452,27.4314114070455,2020,"2020_156","SL18-OI-17-FG4xSL18-JS-6-MG2",167.930425453327,-38.7942522368616,17.5052793375536,-44.711622192621,265.170089353653,2020,"2020_156","SL18-OI-17-FG4xSL18-JS-6-MG2"
"156","2020_157",-3.12025149180362,0.500115232316932,-0.370809134011869,1.89246660445576,-0.222079221899595,-73.3221875532233,2020,"2020_157","SL18-CC-1-FG2xSL18-OI-16-MG3",81.8693389563008,27.8645175444239,-22.9320365048902,-89.4145232627218,-193.920713588617,2020,"2020_157","SL18-CC-1-FG2xSL18-OI-16-MG3"
"157","2020_158",-0.906071942369507,1.58776011474639,-0.0731728805369309,-3.27261993005633,-0.0314508769568287,17.7917643683296,2020,"2020_158","SA18-CB-2-FG3xSL18-OI-2-MG2",-131.903282928925,37.4832884148037,8.81740973495171,-55.7038209151234,30.2807814221623,2020,"2020_158","SA18-CB-2-FG3xSL18-OI-2-MG2"
"158","2020_159",-2.23661102941478,-0.027554067079538,-0.271057726761941,2.49631805734234,-0.165359049616866,-93.5697324246795,2020,"2020_159","SL18-CC-5-FG3xSL18-JS-19-MG2",-274.795025861338,-41.9491419986565,27.0775666880623,65.1759756685762,16.3792435030793,2020,"2020_159","SL18-CC-5-FG3xSL18-JS-19-MG2"
"159","2020_160",11.8406956472627,2.08312313050634,1.67381029981923,2.39927050241415,0.952965539315558,119.02948872561,2020,"2020_160","SL18-CC-3-FG2xSA18-CB-10-MG3",31.4309163971238,75.5446613212537,28.6795254501578,-59.3940457283214,41.464725462327,2020,"2020_160","SL18-CC-3-FG2xSA18-CB-10-MG3"
"160","2020_162",-2.51298932185213,2.25102230449834,-0.303325851223699,4.55668485668808,-0.18324693358458,-114.330718961892,2020,"2020_162","SL18-CC-1-FG1xSL18-OI-16-MG3",259.612389620557,-40.2120925656305,11.855805699628,-89.6139259504229,-90.9481837292089,2020,"2020_162","SL18-CC-1-FG1xSL18-OI-16-MG3"
"161","2020_163",-2.48144199862277,3.19466528414927,-0.288865737808152,-0.447207653060004,-0.167875589608898,-33.3519448042105,2020,"2020_163","SL18-JS-16-FG3xSL18-OD-6-MG2",10.8576124935615,26.0441185228954,8.49431638686677,-11.09364893586,-57.5447785910454,2020,"2020_163","SL18-JS-16-FG3xSL18-OD-6-MG2"
"162","2020_169",4.75359402012071,0.169494283952635,0.553318430865363,3.91002973728954,0.291561843504111,169.331132271133,2020,"2020_169","SL18-OI-4-FG2xSL18-NC-15-MG1",-372.282329616685,33.5556304912405,31.4370666015868,-10.0342744787403,287.49019985532,2020,"2020_169","SL18-OI-4-FG2xSL18-NC-15-MG1"
"163","2020_170",-1.62494735855645,-1.6954901752144,-0.216492395624328,3.38536697525791,-0.143716491502262,-43.2417005298716,2020,"2020_170","SL18-NC-12-FG2xSL18-OI-16-MG1",71.8140984453834,64.5273773027182,-4.32054945331064,35.5146412522161,-113.017652788892,2020,"2020_170","SL18-NC-12-FG2xSL18-OI-16-MG1"
"164","2020_172",8.07924799551654,0.957672239910131,1.01679949302917,0.817868352549952,0.596315527846431,78.2284896421313,2020,"2020_172","SL18-CC-8-FG2xSL18-JS-5-MG3",-111.000614104895,-77.3398522196558,31.1154506779114,-4.65212688689864,112.963531742958,2020,"2020_172","SL18-CC-8-FG2xSL18-JS-5-MG3"
"165","2020_174",-1.53804034682581,0.0967782126737578,-0.208300356004813,3.7671364295603,-0.130063461951677,-23.1466665915479,2020,"2020_174","SL18-OI-4-FG2xSL18-JS-19-MG2",194.077967881111,-56.8688388848457,-6.25786244534543,39.0965619054331,4.50473469035194,2020,"2020_174","SL18-OI-4-FG2xSL18-JS-19-MG2"
"166","2020_176",12.206339976527,1.23497464332024,1.67771257763913,-5.82618654469981,1.08606183678698,66.1031791550205,2020,"2020_176","SL18-OI-6-FG2xSA18-CB-4-MG2",-306.537242183913,-13.3025474340481,10.4056008965425,-44.9031331836957,126.952460703719,2020,"2020_176","SL18-OI-6-FG2xSA18-CB-4-MG2"
"167","2020_179",5.64505562361674,-1.57465865998826,0.537499227758203,4.07159746455361,0.264218962583971,-4.80232515211446,2020,"2020_179","SL18-CC-3-FG1xSL18-JS-5-MG2",163.630921135578,-15.6966754775719,14.4761563760383,-52.189822519918,84.5685299019947,2020,"2020_179","SL18-CC-3-FG1xSL18-JS-5-MG2"
"168","2020_180",3.06523174491828,0.395632373997049,0.426222875335049,1.43427193130331,0.235209732403731,65.8700009306467,2020,"2020_180","SL18-CC-3-FG2xSL18-OD-6-MG1",15.4393519832115,-45.1696460696385,23.2991180205735,-90.2446552985136,126.502067991038,2020,"2020_180","SL18-CC-3-FG2xSL18-OD-6-MG1"
"169","2020_181",-3.27260329566376,-2.60080113839409,-0.392811848008225,-0.335476090263982,-0.238101495493355,-126.591225606823,2020,"2020_181","SL18-LD-2-FG2xSL18-SF-19-MG1",216.125894068215,-12.8201537039425,-10.1771462451352,6.11726790602507,-106.602165139941,2020,"2020_181","SL18-LD-2-FG2xSL18-SF-19-MG1"
"170","2020_182",-1.79986919168236,2.80580715570297,-0.142523746669762,0.140143690532228,-0.0909311194204922,-75.9435344127521,2020,"2020_182","SL18-LD-13-FG2xSA18-CB-7-MG1",-77.7475749469719,-79.5994916421326,4.07140296876167,-91.3430813661299,176.976569504575,2020,"2020_182","SL18-LD-13-FG2xSA18-CB-7-MG1"
"171","2020_185",4.22915576279346,2.29154560944293,0.74526533038481,0.0022271779457313,0.437632823340251,66.3713413313842,2020,"2020_185","SL18-OI-6-FG2xSL18-LD-2-MG2",217.213073708483,26.5039518977343,-0.938717967829146,-4.63713040505072,51.7420181040124,2020,"2020_185","SL18-OI-6-FG2xSL18-LD-2-MG2"
"172","2020_186",-2.55443477462345,0.30973923164993,-0.240043308831883,1.36144878760288,-0.146851779740702,25.855889491431,2020,"2020_186","SL18-CC-12-FG3xSL18-OI-15-MG3",-596.519885305678,-40.8780542213146,3.9942077749665,54.2003415792918,32.7573884852073,2020,"2020_186","SL18-CC-12-FG3xSL18-OI-15-MG3"
"173","2020_189",4.41758883327726,-3.64286348850388,0.313129590715364,4.69426017448221,0.149423293283869,137.273382051303,2020,"2020_189","SL18-CC-11-FG3xSL18-NC-2-MG3",184.931058657258,-25.1763830423385,13.2307932037635,-82.7541135829036,176.778716627863,2020,"2020_189","SL18-CC-11-FG3xSL18-NC-2-MG3"
"174","2020_190",4.88867150948677,-0.758234205271852,0.590863331523376,-0.574082784548903,0.351501800099902,-24.7884253085105,2020,"2020_190","SL18-CC-12-FG2xSL18-OI-15-MG2",-230.417160473154,-51.3804965330797,23.5256181280596,0.956924656278942,167.72283008556,2020,"2020_190","SL18-CC-12-FG2xSL18-OI-15-MG2"
"175","2020_191",-1.57838501397845,1.61746918462922,-0.102897964875925,5.33000061977327,-0.0740181169290455,-106.019721005542,2020,"2020_191","SL18-SF-17-FG2xSA18-CB-1-MG13",-449.385137662395,-73.3997443349421,9.45544046040544,-58.6152669813983,107.533508638627,2020,"2020_191","SL18-SF-17-FG2xSA18-CB-1-MG13"
"176","2020_2",-2.42764691415183,-2.32150331885589,-0.318554458884858,-0.911671471593182,-0.194389241607777,-136.88138863518,2020,"2020_2","SL18-SF-17-FG2xSL18-OI-4-MG3",58.9733100489141,-61.7292703219761,-22.8606311296664,19.5972804839189,74.363590068914,2020,"2020_2","SL18-SF-17-FG2xSL18-OI-4-MG3"
"177","2020_20",-3.16191319971968,-2.50321037014607,-0.348487920482365,-7.43216035752303,-0.197268168283013,-35.1051637259162,2020,"2020_20","SL18-NC-10-FG3xSL18-NL-5-MG2",84.5238953754269,25.1349019328562,-23.5928420361555,-6.13647013954163,-144.65883292943,2020,"2020_20","SL18-NC-10-FG3xSL18-NL-5-MG2"
"178","2020_201",-0.146149330059644,-1.53409991656426,-0.0287405497338294,-1.20672852289934,-0.00962157807658256,15.6008588264207,2020,"2020_201","SL18-CC-8-FG2xSL18-LD-9-MG1",104.894841902266,-28.3789216312041,4.57952427538873,-62.0726365285559,133.725732080608,2020,"2020_201","SL18-CC-8-FG2xSL18-LD-9-MG1"
"179","2020_205",1.7689666332668,-0.125733485022201,0.174556389048224,0.600330070485288,0.0885251701540127,-14.8143876243526,2020,"2020_205","SL18-NL-3-FG3xSL18-NC-9-MG2",-363.694261500447,-55.7400282161958,13.8795655600029,-70.8707371663528,155.391326677289,2020,"2020_205","SL18-NL-3-FG3xSL18-NC-9-MG2"
"180","2020_206",5.73652961734243,-1.1166366739187,0.551796786182378,-0.57794242150601,0.314708777035344,177.634008615425,2020,"2020_206","SL18-OI-6-FG3xSL18-CC-11-MG5",-207.651424907542,-62.497757477831,15.2948021051111,86.5619552739246,254.798668025806,2020,"2020_206","SL18-OI-6-FG3xSL18-CC-11-MG5"
"181","2020_207",-3.01513965623864,-3.01036276825423,-0.401850251258686,-2.34535115949296,-0.23891511881819,-75.5875653842824,2020,"2020_207","SL18-CC-8-FG1xSL18-OI-7-MG1",78.0159287760439,-40.665093709471,10.3447076086273,75.6735266724078,0.224214275979251,2020,"2020_207","SL18-CC-8-FG1xSL18-OI-7-MG1"
"182","2020_208",-3.67465540293195,-0.885425929842849,-0.458436121343306,6.10984496359276,-0.274138888775939,-116.103017224235,2020,"2020_208","SL18-JS-5-FG1xSL18-OI-14-MG1",46.5606534154216,73.4885482793821,-36.4164326060551,-59.2830516821701,-193.352759985563,2020,"2020_208","SL18-JS-5-FG1xSL18-OI-14-MG1"
"183","2020_210",-2.84061799550833,0.393731203786958,-0.362341959895703,-0.173969118885876,-0.21731856115273,-65.4569091251908,2020,"2020_210","SL18-NC-10-FG1xSL18-OI-11-MG4",-110.14601076922,6.81957970684072,4.43272640235682,5.85940740827309,-73.8805675928246,2020,"2020_210","SL18-NC-10-FG1xSL18-OI-11-MG4"
"184","2020_213",1.82838584243644,-0.732030760858435,0.16692971086988,-0.405883659239143,0.0860730532940667,35.8281673369362,2020,"2020_213","SL18-SF-17-FG2xSA18-CB-7-MG2",66.111999385887,120.869730694491,-6.11332107709779,-64.3194130052525,61.3124622730776,2020,"2020_213","SL18-SF-17-FG2xSA18-CB-7-MG2"
"185","2020_215",-2.19502191300777,0.0539376062574078,-0.343226154412417,2.18787009845209,-0.204361513451521,-75.7273610910045,2020,"2020_215","SL18-CC-9-FG3xSL18-JS-9-MG3",1.26590412659127,41.5299406829961,-18.9015978526211,26.6716954332813,-30.3496482261065,2020,"2020_215","SL18-CC-9-FG3xSL18-JS-9-MG3"
"186","2020_219",-1.10269582067913,0.0764727931457486,-0.131744981690722,-0.427079170865832,-0.0723393222233855,56.0061383770916,2020,"2020_219","SL18-CC-5-FG2xSL18-NC-10-MG2",59.970917872619,-66.6343001492243,21.0187386448131,121.194688752147,19.7678357953646,2020,"2020_219","SL18-CC-5-FG2xSL18-NC-10-MG2"
"187","2020_220",4.31757114778846,-0.380379624682607,0.539021213719892,7.73651123190731,0.286322488832394,46.0485453198951,2020,"2020_220","SL18-OI-11-FG3xSL18-NC-2-MG1",-8.61569992788464,-45.9224384953082,14.4667010042293,-14.8288748550721,287.409907925397,2020,"2020_220","SL18-OI-11-FG3xSL18-NC-2-MG1"
"188","2020_221",-2.79534177119693,2.85569734203683,-0.2925859854587,-8.9482102051302,-0.157064691665097,-24.8522505305773,2020,"2020_221","SL18-NC-9-FG2xSL18-JS-11-MG3",-110.605536870585,-40.5010739092324,-5.8790481078342,58.2681805572121,3.06191841259234,2020,"2020_221","SL18-NC-9-FG2xSL18-JS-11-MG3"
"189","2020_224",0.0896892800139576,-0.246933151828198,0.0304766757965689,-4.23223401864001,0.0526838909943005,86.5632858058795,2020,"2020_224","SL18-LD-9-FG4xSL18-OI-6-MG2",-106.068071930768,41.2364229269878,-20.6382213759278,-86.8274772488648,-23.1686325579688,2020,"2020_224","SL18-LD-9-FG4xSL18-OI-6-MG2"
"190","2020_226",0.0402009240721332,-0.12850401743383,-0.11016818356195,-2.07691998076795,-0.0608583958367522,-4.59226714563087,2020,"2020_226","SL18-CC-3-FG2xSL18-OI-11-MG3",-414.321191532644,-47.7838608205979,10.8429582225314,62.7364724254007,23.1642505716856,2020,"2020_226","SL18-CC-3-FG2xSL18-OI-11-MG3"
"191","2020_228",2.88227159022351,3.32217821696437,0.449987214724793,-9.49022798503153,0.353644026502289,-14.721836726911,2020,"2020_228","SL18-OI-9-FG4xSA18-CB-1-MG12",-229.000742110391,-76.4122061054365,27.9068453265969,92.4915258719244,73.5132231872166,2020,"2020_228","SL18-OI-9-FG4xSA18-CB-1-MG12"
"192","2020_23",-1.90088749130865,0.670702582330311,-0.214102808284453,0.816597931049086,-0.124106005775821,15.6097891371986,2020,"2020_23","SL18-CC-3-FG2xSA18-CB-4-MG2",56.5638401362361,84.7198060051789,8.18772519718556,-26.7160411254474,-83.2421490689,2020,"2020_23","SL18-CC-3-FG2xSA18-CB-4-MG2"
"193","2020_232",-3.53510137088162,-2.17057315524177,-0.446197337909362,7.65965409802129,-0.270743600742511,-116.154769324872,2020,"2020_232","SL18-NC-5-FG2xSL18-JS-11-MG3",29.3554382465865,105.24623531503,-25.9643353939899,-103.662758434067,-152.68246393276,2020,"2020_232","SL18-NC-5-FG2xSL18-JS-11-MG3"
"194","2020_233",-0.857324248060602,1.84732531939333,-0.128259133250925,0.152914142822762,-0.0845741712444056,46.121217621034,2020,"2020_233","SL18-CC-8-FG1xSL18-OI-18-MG3",22.2689017853435,-67.6444854151991,3.93553555044327,70.7456192172511,3.08005595746552,2020,"2020_233","SL18-CC-8-FG1xSL18-OI-18-MG3"
"195","2020_235",-1.91941746344894,-1.45502706245982,-0.318192762276335,0.0187871870382532,-0.196694208138898,-34.9846438018578,2020,"2020_235","SL18-CC-6-FG3xSL18-JS-9-MG2",57.3239217652219,60.8170593682554,-13.1120674536694,-96.012337898213,-149.939519477667,2020,"2020_235","SL18-CC-6-FG3xSL18-JS-9-MG2"
"196","2020_24",-2.90586386722227,0.571438921326221,-0.34523726500047,-4.00692485006887,-0.198409407742477,-14.8341215625428,2020,"2020_24","SL18-NL-7-FG4xSA18-CB-1-MG12",226.711885517844,8.92885366649165,-7.3767640326564,-53.3609577850193,-86.5179050993697,2020,"2020_24","SL18-NL-7-FG4xSA18-CB-1-MG12"
"197","2020_240",2.30282162593931,0.664095018124634,0.301161548638533,2.8115194679689,0.153112001386957,736.005514535769,2020,"2020_240","SL18-CC-1-FG1xSL18-NC-15-MG3",291.16025813055,-65.2959688289355,21.5927227853626,-57.8647795521898,145.35049591719,2020,"2020_240","SL18-CC-1-FG1xSL18-NC-15-MG3"
"198","2020_244",-0.788816050537634,-0.372821088122772,-0.102571934474677,3.73596636737116,-0.0788280880953643,6.05276172974301,2020,"2020_244","SL18-CC-1-FG1xSL18-CC-4-MG11",163.416857480046,-25.9182706358765,0.293607298679845,-11.5042690060096,-9.34270496213163,2020,"2020_244","SL18-CC-1-FG1xSL18-CC-4-MG11"
"199","2020_246",-1.93681666653862,1.10323582176781,-0.237917235618888,-1.09231998782511,-0.139884178649196,56.2420189813239,2020,"2020_246","SL18-CC-5-FG2xSL18-NC-9-MG2",329.962894832001,-46.2170229324757,24.9299281921542,11.581072407384,-45.6906646493595,2020,"2020_246","SL18-CC-5-FG2xSL18-NC-9-MG2"
"200","2020_248",3.03572269345063,1.775396432162,0.425619451804279,2.72309990143607,0.227938380271241,-4.58966844352576,2020,"2020_248","SA18-CB-9-FG1xSL18-JS-19-MG1",-137.817896515369,60.2678452143926,16.0942608125254,120.168459992244,50.2144470456385,2020,"2020_248","SA18-CB-9-FG1xSL18-JS-19-MG1"
"201","2020_249",-2.7952339876315,0.519227422572856,-0.349983171735053,3.37530842951491,-0.211106277470001,-35.0055121559506,2020,"2020_249","SL18-NL-3-FG1xSL18-OD-3-MG1",-76.9549891576449,62.1414792580326,-18.4134604799506,-7.61669777336496,-143.232382345975,2020,"2020_249","SL18-NL-3-FG1xSL18-OD-3-MG1"
"202","2020_25",-1.29371426419417,-1.4248635944227,-0.175394478297402,-2.04259430572219,-0.0949636531751061,-65.5739727287784,2020,"2020_25","SL18-CC-5-FG3xSA18-CB-1-MG12",-122.32820999594,20.6372490622612,2.8600476102325,98.0943579641266,-46.2261059246054,2020,"2020_25","SL18-CC-5-FG3xSA18-CB-1-MG12"
"203","2020_250",-3.266316663841,-3.32641279099393,-0.418364460229038,4.44058235871033,-0.249469096550687,-35.0055121559506,2020,"2020_250","SL18-CC-8-FG2xSL18-NC-5-MG3",151.794958259475,127.302307664621,-28.6453596452997,16.180538179855,-110.936690580653,2020,"2020_250","SL18-CC-8-FG2xSL18-NC-5-MG3"
"204","2020_255",-2.76855269498141,1.13967794481186,-0.283871416980385,0.771539035130057,-0.164467099340105,-126.317475906703,2020,"2020_255","SL18-CC-6-FG3xSL18-OI-14-MG2",329.125638620001,-70.2988321996154,4.90908343324903,5.47094021895614,-46.3967703176563,2020,"2020_255","SL18-CC-6-FG3xSL18-OI-14-MG2"
"205","2020_258",-0.141853424649308,1.77380823359139,-0.0330100085169045,-1.90676172430175,-0.0107759655516239,76.2969962222898,2020,"2020_258","SL18-NC-12-FG2xSA18-CB-3-MG1",-214.812164367084,-92.5868615035123,15.378904921066,98.0413585532206,-35.344580889722,2020,"2020_258","SL18-NC-12-FG2xSA18-CB-3-MG1"
"206","2020_259",1.94165745516273,-0.466606620932096,0.154448357709951,2.29017219756098,0.0813787468915161,-25.1017741292557,2020,"2020_259","SL18-CC-3-FG3xSL18-OD-6-MG3",252.74512946163,27.8510905548867,29.4556829758503,-108.762430541975,169.934302514911,2020,"2020_259","SL18-CC-3-FG3xSL18-OD-6-MG3"
"207","2020_26",-1.27277725636264,-1.94324049077739,-0.182989854001118,3.73035490516333,-0.112404929012241,-4.68615132929569,2020,"2020_26","SL18-CC-6-FG2xSL18-OI-14-MG1",14.1811347570181,-98.4329505429316,1.89137895805924,22.3667000895536,89.1718100014254,2020,"2020_26","SL18-CC-6-FG2xSL18-OI-14-MG1"
"208","2020_260",-2.60970126287327,-1.76539784094571,-0.385937920379704,1.71687967730654,-0.226915896876595,-25.1017741292557,2020,"2020_260","SL18-JS-19-FG3xSA18-CB-3-MG2",193.207924023578,38.7716302493012,-8.33576992048377,54.6405633562598,-78.0242676016397,2020,"2020_260","SL18-JS-19-FG3xSA18-CB-3-MG2"
"209","2020_261",NA,NA,NA,10.4568864011856,NA,86.4368732574443,2020,"2020_261","SL18-NC-12-FG2xSL18-NL-5-MG2",NA,NA,NA,NA,NA,NA,NA,NA
"210","2020_263",-3.12880902314449,-2.96777568541256,-0.409301788114839,-1.59852369979822,-0.243827305894748,-14.4219536176904,2020,"2020_263","SL18-JS-5-FG1xSA18-CB-1-MG12",-95.4581432156139,79.1569647726396,-30.2130713714391,0.70037581330539,-163.620630955516,2020,"2020_263","SL18-JS-5-FG1xSA18-CB-1-MG12"
"211","2020_264",-2.89800653904761,-2.27763299988236,-0.382594025195172,0.453266146521807,-0.229645649597185,-24.5603770466984,2020,"2020_264","SL18-JS-16-FG3xSA18-CB-4-MG3",-59.6701679663097,55.7213417393663,-4.25014499078205,-20.5890086722229,-58.8835649625598,2020,"2020_264","SL18-JS-16-FG3xSA18-CB-4-MG3"
"212","2020_265",8.74702788583997,5.29167387367467,1.57311969470584,2.9878300743289,0.846053376613719,482.360794403702,2020,"2020_265","SL18-OI-4-FG2xSA18-CB-7-MG2",-180.608842946718,-80.1011135290262,32.370708906969,-91.7535239477914,214.951054004304,2020,"2020_265","SL18-OI-4-FG2xSA18-CB-7-MG2"
"213","2020_268",-2.59092147528569,-1.79565349669368,-0.376844218573507,-1.73075478161361,-0.224014899879202,15.6970465165542,2020,"2020_268","SL18-NC-1-FG1xSL18-NC-12-MG3",299.404337480297,-31.5118810628532,-14.9285257824472,-78.6286438189469,-161.346587340611,2020,"2020_268","SL18-NC-1-FG1xSL18-NC-12-MG3"
"214","2020_271",-2.6119035192945,-1.53963282302925,-0.37610483190589,2.55871435260919,-0.227855906983846,-65.4103409155098,2020,"2020_271","SL18-NC-15-FG3xSL18-CC-1-MG2",105.505920368763,65.1507332700887,-31.3926009834472,-74.7869843364552,-177.743818987899,2020,"2020_271","SL18-NC-15-FG3xSL18-CC-1-MG2"
"215","2020_272",0.913079874184984,0.118935888970741,0.0388087222862455,-0.436234684840485,0.0134084827798322,46.1123168035782,2020,"2020_272","SL18-SF-17-FG2xSL18-NC-12-MG1",-134.213547520979,-28.8021276716178,14.7633494872961,-33.5514865752956,277.426814433515,2020,"2020_272","SL18-SF-17-FG2xSL18-NC-12-MG1"
"216","2020_275",-3.91442409537693,-3.34637116032062,-0.410211788450194,0.171624839708794,-0.245013105575448,96.9481000776313,2020,"2020_275","SL18-NL-3-FG1xSA18-CB-7-MG2",287.888527856505,-57.9279257415649,-14.0506270163675,-74.3911859942277,-240.623403345635,2020,"2020_275","SL18-NL-3-FG1xSA18-CB-7-MG2"
"217","2020_277",-4.20773387942814,-0.518691048116077,-0.427910166036832,-9.3495515172639,-0.252628643336315,-85.5586151396923,2020,"2020_277","SL18-LL-9-FG2xSA18-CB-5-MG3",122.986150133287,-24.6088590399359,-16.9774522828629,-23.3846558664527,-174.362954165545,2020,"2020_277","SL18-LL-9-FG2xSA18-CB-5-MG3"
"218","2020_278",10.5184401060395,0.147287665569163,1.30048035249644,-1.13264589412308,0.81324867844096,157.783671816739,2020,"2020_278","SL18-SF-17-FG2xSA18-CB-7-MG3",-213.398251307093,86.1770377429807,29.7266845862226,120.233730924696,234.102019294468,2020,"2020_278","SL18-SF-17-FG2xSA18-CB-7-MG3"
"219","2020_279",4.99485987484441,1.81186036468895,0.720296323375738,3.05104846487827,0.440454751444854,-35.1192201407897,2020,"2020_279","SA18-CB-4-FG6xSL18-JS-6-MG3",131.144055335195,71.1517669625025,38.0612154222837,79.832542332167,99.3968784924975,2020,"2020_279","SA18-CB-4-FG6xSL18-JS-6-MG3"
"220","2020_283",-3.48085429944273,-0.611367492302267,-0.411510717040982,-8.44762830182644,-0.241804337339545,-156.778012275127,2020,"2020_283","SL18-CC-3-FG1xSL18-JS-11-MG2",21.3174042552885,46.4936761376549,-15.7209921912901,-135.240773224471,-167.562842625759,2020,"2020_283","SL18-CC-3-FG1xSL18-JS-11-MG2"
"221","2020_290",-0.404820817246944,1.96971446184692,0.0868266002906007,-6.98704572421494,0.0995884770225869,-115.895393120786,2020,"2020_290","SA18-CB-5-FG6xSL18-CC-6-MG2",-100.429576603944,18.3536913523778,23.2023751075116,111.684142198541,-26.4775303661579,2020,"2020_290","SA18-CB-5-FG6xSL18-CC-6-MG2"
"222","2020_30",-3.1154077870995,0.273110447306249,-0.326129827401827,-5.67909858405944,-0.186094019360126,-136.16683669461,2020,"2020_30","SL18-JS-19-FG3xSL18-OI-17-MG1",54.5754680769484,-14.3467441099334,-16.324424507471,29.0453500705329,-80.8747192698569,2020,"2020_30","SL18-JS-19-FG3xSL18-OI-17-MG1"
"223","2020_34",3.31795061355134,-2.21749655979759,0.271628649651041,1.44794445428334,0.133980826283059,66.4138116691764,2020,"2020_34","SL18-OI-17-FG4xSL18-CC-7-MG1",-64.5824068776926,-32.4170581852294,10.6912608617145,-25.4385162684274,225.272178281022,2020,"2020_34","SL18-OI-17-FG4xSL18-CC-7-MG1"
"224","2020_35",-2.39211489096221,-0.028027273002656,-0.297269363513565,NA,NA,-35.0618162610467,2020,"2020_35","SL18-OI-17-FG1xSL18-OI-4-MG1",77.2059982558384,90.8752508922164,-5.96754312967142,-55.2627853558623,-41.66734861703,2020,"2020_35","SL18-OI-17-FG1xSL18-OI-4-MG1"
"225","2020_42",0.0527547165770584,-3.48551153328615,-0.0293989832297602,5.37695804352153,-0.0338569535872256,-25.1200095027662,2020,"2020_42","SL18-CC-6-FG2xSL18-OI-11-MG4",-108.062580553792,-26.105062202966,-1.12912813282269,20.2858790672423,-10.7313174690893,2020,"2020_42","SL18-CC-6-FG2xSL18-OI-11-MG4"
"226","2020_43",-2.83227633463383,-2.69431120348939,-0.351357814688499,-2.95037781860541,-0.205381376325484,-136.745438853214,2020,"2020_43","SL18-JS-9-FG3xSA18-CB-10-MG1",-201.354229501008,56.2475044957771,-16.1809781672746,-144.599998941293,-123.582413295961,2020,"2020_43","SL18-JS-9-FG3xSA18-CB-10-MG1"
"227","2020_44",-1.97201253027276,24.2956493425356,0.141773393400904,-1.19092759051823,0.0949930805087173,-116.449906244042,2020,"2020_44","SL18-OI-6-FG3xSL18-JS-6-MG1",-192.975836440163,23.7103113794144,0.511032887319454,-72.7310457955748,51.5528618454104,2020,"2020_44","SL18-OI-6-FG3xSL18-JS-6-MG1"
"228","2020_45",3.2421881048029,-0.902431781422851,0.386134493723435,2.19718341736061,0.243191744886333,86.6752622081699,2020,"2020_45","SL18-SF-13-FG2xSL18-JS-11-MG3",-382.989034896737,-17.5925315319487,19.1483986118595,82.8343761847042,312.680328352746,2020,"2020_45","SL18-SF-13-FG2xSL18-JS-11-MG3"
"229","2020_46",-2.03673064890944,0.790456842387664,-0.212214267193196,-1.43418083842899,-0.115625204391236,-106.128430859254,2020,"2020_46","SL18-JS-19-FG3xSL18-LD-13-MG3",315.488098512868,-47.4781490808835,-4.45094628735539,-24.7851299443787,34.3869790506903,2020,"2020_46","SL18-JS-19-FG3xSL18-LD-13-MG3"
"230","2020_53",10.192171627805,-2.83273187900312,0.957456807155879,1.62682743594404,0.560895356620194,-24.951073620904,2020,"2020_53","SA18-CB-2-FG3xSL18-CC-2-MG5",106.640571485664,101.854732314841,3.8975825248974,-52.517391731579,55.359822605863,2020,"2020_53","SA18-CB-2-FG3xSL18-CC-2-MG5"
"231","2020_56",3.35833047245606,2.42558478565455,0.643711230493624,-4.47544699627085,0.465055042423631,15.6759977040648,2020,"2020_56","SA18-CB-9-FG1xSL18-OI-7-MG3",46.9025043465759,42.3758722425863,4.66438504553403,89.6738642799279,-46.4238042626,2020,"2020_56","SA18-CB-9-FG1xSL18-OI-7-MG3"
"232","2020_57",-1.93110405566607,3.63317867063938,-0.143398291602198,-8.9106901963957,-0.0537765830370468,15.6759977040648,2020,"2020_57","SL18-CC-3-FG1xSL18-OI-16-MG2",-171.561265002168,-38.2128369869742,-13.6774120688617,46.1384379274637,-110.896598944411,2020,"2020_57","SL18-CC-3-FG1xSL18-OI-16-MG2"
"233","2020_58",-3.37469480443795,0.135785472674793,-0.438166625583903,-6.08758857635643,-0.26300688067674,-74.8555851553182,2020,"2020_58","SL18-CC-8-FG1xSL18-NC-8-MG2",119.791184073142,111.597222097721,-30.9003682248195,-130.526001932215,-134.5796032148,2020,"2020_58","SL18-CC-8-FG1xSL18-NC-8-MG2"
"234","2020_63",5.79506048089503,-0.213786386365864,0.649643016148866,2.72558054902797,0.348703720509823,36.6779244112925,2020,"2020_63","SL18-SF-13-FG2xSA18-CB-2-MG3",-388.141621008702,-67.3508479541141,25.1109430384748,-13.7018357516317,267.716061191754,2020,"2020_63","SL18-SF-13-FG2xSA18-CB-2-MG3"
"235","2020_66",0.615922594292922,0.00569102429730855,0.0593755443378908,-0.386400562240126,0.034943514378991,107.700399106243,2020,"2020_66","SL18-SF-13-FG2xSL18-JS-9-MG2",-112.339018253842,5.84921418638382,5.84352498534995,-53.9754058576506,204.77919439272,2020,"2020_66","SL18-SF-13-FG2xSL18-JS-9-MG2"
"236","2020_67",-2.10125210484751,0.718393613765543,-0.258224216270423,-14.1332965318761,-0.132909696089172,-95.0916473055867,2020,"2020_67","SL18-JS-19-FG2xSA18-CB-10-MG3",84.4916017059145,-18.1974756777661,-2.29155816556765,15.9194605965184,-128.825454508783,2020,"2020_67","SL18-JS-19-FG2xSA18-CB-10-MG3"
"237","2020_68",-3.19231839330545,-1.63129773588754,-0.404003509460756,2.37640115012771,-0.246400892719349,16.4439782209195,2020,"2020_68","SL18-CC-6-FG1xSL18-JS-5-MG2",198.673971818696,127.441824238585,-29.4194944173056,68.5155975849203,-141.597117635045,2020,"2020_68","SL18-CC-6-FG1xSL18-JS-5-MG2"
"238","2020_77",4.98460031089816,-1.4578538469073,0.521567153085293,8.62309375765476,0.232286145387725,300.556531480035,2020,"2020_77","SL18-CC-12-FG2xSL18-LL-9-MG4",-309.460351664265,-88.9139149946228,15.106291573471,65.4099204222962,216.90771413282,2020,"2020_77","SL18-CC-12-FG2xSL18-LL-9-MG4"
"239","2020_78",-1.61930601844715,-3.35230779267602,-0.200104435512334,0.464746106677516,-0.116393256096653,-44.208539893811,2020,"2020_78","SL18-NL-3-FG1xSL18-OI-7-MG3",216.91414036902,72.5090393514862,-6.14339156078574,-12.4555963891767,6.80276475255098,2020,"2020_78","SL18-NL-3-FG1xSL18-OI-7-MG3"
"240","2020_85",-2.32476135630234,0.979889620631253,-0.240502878982688,0.442469656368222,-0.139783595321288,-64.7325517228828,2020,"2020_85","SL18-NL-5-FG1xSL18-OI-14-MG1",265.726540727363,23.1906031385626,-3.19144817184718,28.0543062748223,-54.9748701639971,2020,"2020_85","SL18-NL-5-FG1xSL18-OI-14-MG1"
"241","2020_87",-2.5819417848311,5.32084072046298,-0.255771500140096,15.1133062164078,-0.186164309361204,-74.9185782643842,2020,"2020_87","SL18-NC-8-FG1xSL18-NL-7-MG2",414.801695351525,-80.659695486842,-12.2225661189989,-19.7212786792551,-126.245393836408,2020,"2020_87","SL18-NC-8-FG1xSL18-NL-7-MG2"
"242","2020_88",-3.28276008258777,0.0711465804950232,-0.405796111670359,-3.98939421473848,-0.239975565488448,-85.0589227872206,2020,"2020_88","SL18-JS-5-FG2xSL18-OI-5-MG3",287.272646197352,26.443028246743,-14.9751212904825,51.3860198351476,-130.537981975993,2020,"2020_88","SL18-JS-5-FG2xSL18-OI-5-MG3"
"243","2020_90",1.16591259012847,2.06016113042077,0.258519631391619,-2.49818626085412,0.158745180015099,-14.0765111273659,2020,"2020_90","SL18-CC-10-FG4xSL18-NC-2-MG2",-226.029207569845,31.7513265075912,11.5217270283061,118.692928274238,92.0484176522285,2020,"2020_90","SL18-CC-10-FG4xSL18-NC-2-MG2"
"244","2020_91",-3.21654909194474,-1.41134485530209,-0.29916053098229,2.13166613767147,-0.183976630414597,67.6142353078567,2020,"2020_91","SL18-NC-5-FG3xSL18-OI-2-MG2",203.818502186489,4.96113557704489,-24.1400470987326,40.7714720627128,-204.970578055502,2020,"2020_91","SL18-NC-5-FG3xSL18-OI-2-MG2"
"245","2020_92",-3.89419583440788,-0.615322487269886,-0.363871535821176,2.34792415856134,-0.219951259694657,-23.6568354600764,2020,"2020_92","SL18-OI-16-FG2xSL18-OI-18-MG1",293.494312207623,13.0684563674409,-6.42825420203995,54.4899441597107,-141.252619356673,2020,"2020_92","SL18-OI-16-FG2xSL18-OI-18-MG1"
"246","2020_93",-2.43776104463636,-1.0671189664233,-0.206766773680912,1.40720176769037,-0.130908531642767,27.0493149665531,2020,"2020_93","SL18-CC-1-FG2xSL18-NC-11-MG2",-37.7823055680434,-6.05650549708267,-8.00030682600671,46.2788878680774,-97.5959429235457,2020,"2020_93","SL18-CC-1-FG2xSL18-NC-11-MG2"
"247","2020_95",-2.78164148111019,-0.54002307407765,-0.233480139204569,-5.68606131749764,-0.128744493768334,47.3317751372049,2020,"2020_95","SL18-CC-12-FG3xSL18-NC-11-MG2",257.747253917411,11.8211762458413,-13.8693032888161,-19.1091579665191,-154.973289092799,2020,"2020_95","SL18-CC-12-FG3xSL18-NC-11-MG2"
"248","2020_96",-1.64156620490217,3.41292171263913,-0.176482396195838,-5.30269370942654,-0.0891819022052588,-85.0934630909473,2020,"2020_96","SA18-CB-7-FG1xSL18-LD-1-MG1",-321.525660236891,-83.9232220357096,5.09230026538861,-164.350929775941,79.5240493541059,2020,"2020_96","SA18-CB-7-FG1xSL18-LD-1-MG1"
"249","2020_99",-2.91097986743496,-12.0215437405323,-0.438852054447584,2.96930656780512,-0.260811097473446,-14.1162468468071,2020,"2020_99","SL18-NC-10-FG3xSA18-CB-3-MG2",90.7754157041468,111.938692734301,-27.6522848575871,4.8366439586138,-163.861099491811,2020,"2020_99","SL18-NC-10-FG3xSA18-CB-3-MG2"
