"","testing","Crosses","yBLUE","yHat","popChk","Year"
"1",1,"SA18-CB-10-FG1xSL18-SF-19-MG2",NA,0.346018955244154,"ES",2019
"2",2,"SL18-LD-10-FG1xSL18-OI-4-MG1",-0.289293215058616,0.191446166029131,"ES",2019
"3",3,"SL18-NL-6-FG1xSL18-OI-11-MG2",-0.372691400220809,0.197406262503891,"ES",2019
"4",4,"SL18-NL-6-FG1xSL18-OI-14-MG2",0.105602291107311,0.353573177662064,"ES",2019
"5",5,"SL18-NL-6-FG1xSL18-OI-15-MG1",0.0818721118821846,0.360719333156737,"ES",2019
"6",6,"SL18-NL-6-FG1xSL18-OI-16-MG1",0.0222001101874753,0.23905672958909,"ES",2019
"7",7,"SL18-NL-6-FG1xSL18-SF-17-MG1",0.0922001101874731,0.311899636554511,"ES",2019
"8",8,"SL18-NL-6-FG1xSL18-SF-19-MG2",-0.17696379697044,0.325667185377835,"ES",2019
"9",9,"SL18-LD-10-FG2xSA18-CB-7-MG2",0.0449934514384039,0.331667031182961,"ES",2019
"10",10,"SL18-LD-10-FG2xSL18-NL-3-MG2",-0.424418572323028,0.143150617908997,"ES",2019
"11",11,"SL18-NL-9-FG2xSA18-CB-7-MG1",-0.148129123911241,0.269270674168419,"ES",2019
"12",12,"SL18-NL-9-FG2xSL18-SF-19-MG1",-0.180565827382321,0.213277444017881,"ES",2019
"13",13,"SL18-OI-11-FG1xSL18-SF-15-MG2",-0.18685527579411,0.262171872173489,"ES",2019
"14",14,"SL18-OI-15-FG1xSA18-CB-2-MG3",-0.0318469011476353,0.245143868662647,"ES",2019
"15",15,"SL18-OI-15-FG1xSL18-NL-5-MG1",-0.272114049518571,0.148556439936708,"ES",2019
"16",16,"SL18-OI-15-FG1xSL18-SF-15-MG1",0.0478859504814277,0.343559137364301,"ES",2019
"17",17,"SL18-OI-16-FG3xSA18-CB-4-MG3",-0.0855630358334991,0.380407906073363,"ES",2019
"18",18,"SL18-OI-16-FG3xSA18-CB-5-MG3",-0.318127888117816,0.205825898391904,"ES",2019
"19",19,"SL18-LD-13-FG2xSL18-LD-13-MG2",-0.0377318694405124,0.0552620588404648,"ES",2019
"20",20,"SL18-OI-16-FG3xSL18-LD-3-MG2",-0.134437302176354,0.2292884773384,"ES",2019
"21",21,"SL18-OI-16-FG3xSL18-NL-6-MG1",-0.283279376459376,0.2174454616339,"ES",2019
"22",22,"SL18-OI-16-FG3xSL18-SF-17-MG2",-0.0343977088926987,0.320405247944197,"ES",2019
"23",23,"SL18-OI-17-FG1xSL18-SF-13-MG2",0.0181079224710602,0.370091048467997,"ES",2019
"24",24,"SL18-OI-17-FG2xSL18-SF-17-MG2",-0.334397708892697,0.198583799496495,"ES",2019
"25",25,"SL18-OI-18-FG1xSL18-OI-9-MG3",-0.126963796970442,0.308518179088243,"ES",2019
"26",26,"SL18-OI-18-FG2xSA18-CB-7-MG1",-0.00500654856159711,0.351288049533109,"ES",2019
"27",27,"SL18-OI-18-FG2xSL18-LD-10-MG1",-0.19870523882005,0.288412799185863,"ES",2019
"28",28,"SL18-OI-18-FG2xSL18-LD-9-MG1",-0.298129123911242,0.290138547407588,"ES",2019
"29",29,"SL18-OI-18-FG2xSL18-NL-2-MG2",-0.235014652878588,0.221338001575739,"ES",2019
"30",30,"SL18-OI-18-FG2xSL18-LD-2-MG3",-0.369568824871161,0.181438835092673,"ES",2019
"31",31,"SL18-OI-18-FG3xSL18-LL-9-MG1",-0.272114049518573,0.182739148702398,"ES",2019
"32",32,"SL18-OI-18-FG3xSL18-OI-7-MG1",-0.307541147672676,0.285973926112964,"ES",2019
"33",33,"SL18-OI-18-FG5xSA18-CB-4-MG3",-0.280565827382324,0.228562501402174,"ES",2019
"34",34,"SL18-OI-18-FG5xSL18-LD-2-MG1",-0.0987171001498096,0.286234291889538,"ES",2019
"35",35,"SL18-OI-18-FG5xSL18-SF-15-MG2",-0.00929321505861765,0.424947090410479,"ES",2019
"36",36,"SL18-OI-18-FG6xSA18-CB-1-MG2",0.0224482267909925,0.303046379022091,"ES",2019
"37",37,"SL18-OI-18-FG6xSL18-NL-6-MG1",-0.353279376459376,0.183044645193569,"ES",2019
"38",38,"SL18-OI-2-FG2xSL18-LD-1-MG2",-0.305254665165113,0.157108913005546,"ES",2019
"39",39,"SL18-LD-1-FG1xSL18-NL-2-MG2",-0.408129123911241,0.176785633439446,"ES",2019
"40",40,"SL18-OI-2-FG3xSL18-NL-9-MG1",-0.369568824871162,0.13720642562713,"ES",2019
"41",41,"SL18-OI-2-FG3xSL18-SF-17-MG1",-0.324975059594932,0.25757822261051,"ES",2019
"42",42,"SL18-OI-6-FG1xSA18-CB-2-MG1",-0.259400500441521,0.186108693560234,"ES",2019
"43",43,"SL18-OI-6-FG1xSA18-CB-4-MG1",-0.139400500441523,0.288077923242452,"ES",2019
"44",44,"SL18-OI-6-FG1xSL18-LD-13-MG2",-0.251892077528942,0.219643936124936,"ES",2019
"45",45,"SL18-OI-6-FG1xSL18-LD-2-MG1",-0.337541147672676,0.308436306020963,"ES",2019
"46",46,"SL18-OI-6-FG1xSL18-LD-5-MG1",-0.359293215058617,0.242331871978274,"ES",2019
"47",47,"SL18-LD-1-FG1xSL18-OI-18-MG1",-0.398129123911243,0.183559059042335,"ES",2019
"48",48,"SL18-OI-6-FG1xSL18-NL-9-MG1",-0.304975059594932,0.226330467903638,"ES",2019
"49",49,"SL18-OI-6-FG1xSL18-SF-15-MG1",-0.205014652878588,0.291001561157581,"ES",2019
"50",50,"SL18-OI-6-FG1xSL18-SF-19-MG1",-0.374975059594933,0.226870707646295,"ES",2019
"51",51,"SL18-OI-7-FG3xSA18-CB-2-MG3",-0.288965216753328,0.237991101068381,"ES",2019
"52",52,"SL18-OI-9-FG1xSL18-LL-9-MG2",-0.305582663470401,0.26140294582572,"ES",2019
"53",53,"SL18-SF-13-FG1xSL18-LL-9-MG3",-0.210565827382323,0.231234649774527,"ES",2019
"54",54,"SL18-LD-1-FG2xSA18-CB-4-MG3",0.00439737088284459,0.33772117473077,"ES",2019
"55",55,"SL18-SF-17-FG1xSL18-LL-9-MG1",-0.288127888117815,0.183513799642895,"ES",2019
"56",56,"SL18-SF-17-FG3xSA18-CB-10-MG1",-0.126963796970441,0.361267992444259,"ES",2019
"57",57,"SL18-SF-17-FG3xSA18-CB-3-MG3",-0.159400500441521,0.235009080992095,"ES",2019
"58",58,"SL18-SF-17-FG3xSL18-LD-2-MG1",-0.218129123911246,0.203535584132621,"ES",2019
"59",59,"SL18-SF-17-FG3xSL18-NL-10-MG2",-0.302114049518574,0.120196016634033,"ES",2019
"60",60,"SL18-SF-17-FG3xSL18-NL-2-MG3",-0.229977851143757,0.155262741686915,"ES",2019
"61",61,"SL18-SF-17-FG3xSL18-NL-9-MG1",-0.26870523882005,0.218920565732967,"ES",2019
"62",62,"SL18-SF-17-FG3xSL18-OI-7-MG1",-0.245582663470403,0.235852892456149,"ES",2019
"63",63,"SL18-SF-17-FG3xSL18-OI-9-MG3",-0.215582663470404,0.2416722009571,"ES",2019
"64",64,"SA18-CB-10-FG2xSL18-LL-9-MG1",-0.168129123911242,0.233524827278631,"ES",2019
"65",65,"SL18-LD-1-FG2xSL18-SF-13-MG3",-0.15871710014981,0.244981404318258,"ES",2019
"66",66,"SL18-LD-1-FG2xSL18-SF-15-MG1",-0.0650065485615968,0.259762440379661,"ES",2019
"67",67,"SL18-LD-1-FG3xSL18-NL-5-MG1",-0.35312257534965,0.1220992268515,"ES",2019
"68",68,"SL18-LD-1-FG3xSL18-OI-11-MG2",-0.111892077528942,0.214459131590658,"ES",2019
"69",69,"SL18-LD-1-FG3xSL18-OI-15-MG1",-0.107551773209009,0.170252483773685,"ES",2019
"70",70,"SL18-LD-1-FG3xSL18-OI-16-MG1",-0.398705238820051,0.140438600185711,"ES",2019
"71",71,"SL18-LD-1-FG3xSL18-OI-6-MG2",-0.0875517732090085,0.175636360660336,"ES",2019
"72",72,"SL18-LD-1-FG3xSL18-OI-7-MG1",-0.230000000000004,0.18068264882601,"ES",2019
"73",73,"SL18-LD-1-FG3xSL18-OI-9-MG3",-0.132545224647415,0.176448117305344,"ES",2019
"74",74,"SA18-CB-4-FG3xSA18-CB-4-MG3",-0.168127888117815,0.269106076445894,"ES",2019
"75",75,"SL18-LD-1-FG3xSL18-NL-9-MG2",-0.372691400220808,0.157999764031136,"ES",2019
"76",76,"SL18-LD-1-FG3xSL18-OI-15-MG2",-0.206963796970441,0.258282725679162,"ES",2019
"77",77,"SL18-LD-2-FG2xSA18-CB-3-MG3",-0.210000000000003,0.24493343575867,"ES",2019
"78",78,"SL18-LD-2-FG2xSL18-LL-9-MG2",-0.29441857232303,0.225102977139233,"ES",2019
"79",79,"SL18-LD-2-FG2xSL18-NL-9-MG1",-0.33871710014981,0.0895670804225484,"ES",2019
"80",80,"SL18-LD-2-FG2xSL18-SF-19-MG1",-0.017584899148173,0.123191015086598,"ES",2019
"81",81,"SL18-LD-3-FG1xSL18-NL-9-MG1",-0.369977851143756,0.0535301052422954,"ES",2019
"82",82,"SL18-LD-3-FG1xSL18-SF-19-MG2",-0.27870523882005,0.235314541254337,"ES",2019
"83",83,"SL18-LD-3-FG2xSA18-CB-2-MG3",-0.149400500441522,0.158534427225936,"ES",2019
"84",84,"SL18-LD-3-FG2xSL18-LL-9-MG2",-0.258965216753327,0.17312708278763,"ES",2019
"85",85,"SL18-LD-3-FG2xSL18-SF-17-MG3",-0.316855275794111,0.117887401985465,"ES",2019
"86",86,"SL18-LD-4-FG1xSA18-CB-2-MG1",-0.285582663470404,0.218359279176819,"ES",2019
"87",87,"SL18-LD-4-FG1xSL18-NL-3-MG2",-0.353279376459376,0.131765644267332,"ES",2019
"88",88,"SL18-LD-4-FG2xSL18-LL-9-MG1",-0.294397708892698,0.14104176527263,"ES",2019
"89",89,"SL18-LD-4-FG2xSL18-SF-15-MG2",-0.191852484245286,0.248655840210241,"ES",2019
"90",90,"SL18-LD-4-FG3xSL18-SF-17-MG1",-0.235254665165115,0.165462251825165,"ES",2019
"91",91,"SL18-LD-5-FG1xSA18-CB-10-MG1",-0.199400500441523,0.154561853925823,"ES",2019
"92",92,"SA18-CB-7-FG1xSL18-LL-9-MG3",-0.0400000000000033,0.310873600683826,"ES",2019
"93",93,"SL18-LD-9-FG2xSL18-SF-13-MG3",-0.295254665165113,0.115068544249585,"ES",2019
"94",94,"SL18-LD-9-FG3xSL18-NL-7-MG1",-0.25871710014981,0.153478565140048,"ES",2019
"95",95,"SL18-LD-9-FG3xSL18-SF-17-MG1",-0.163122575349649,0.260358103325221,"ES",2019
"96",96,"SL18-LL-9-FG3xSL18-NL-9-MG1",-0.324437302176354,0.00686541664334106,"ES",2019
"97",97,"SL18-NL-10-FG1xSA18-CB-4-MG3",-0.215602629117155,0.268070126939256,"ES",2019
"98",98,"SL18-NL-10-FG1xSL18-LD-2-MG1",-0.379568824871162,0.142667341731558,"ES",2019
"99",99,"SL18-LD-10-FG1xSA18-CB-1-MG2",-0.233279376459375,0.234483577966436,"ES",2019
"100",100,"SL18-NL-10-FG1xSL18-OI-15-MG1",0.0555626978236457,0.305484864856985,"ES",2019
"101",101,"SL18-NL-10-FG1xSL18-OI-7-MG1",-0.0768552757941103,0.230798092562809,"ES",2019
"102",102,"SL18-NL-10-FG1xSL18-SF-13-MG1",-0.10837724051476,0.277384757425159,"ES",2019
"103",103,"SL18-NL-10-FG3xSL18-NL-3-MG2",-0.292545224647415,0.105595913594383,"ES",2019
"104",104,"SL18-NL-2-FG1xSA18-CB-1-MG2",-0.0955826634704041,0.314325427886349,"ES",2019
"105",105,"SL18-NL-2-FG1xSL18-LD-13-MG2",-0.153710551588217,0.284416691589539,"ES",2019
"106",106,"SL18-NL-2-FG1xSL18-SF-17-MG1",-0.0855630358334996,0.365285756792991,"ES",2019
"107",107,"SL18-NL-2-FG3xSA18-CB-2-MG3",-0.397541147672675,0.231287939318899,"ES",2019
"108",108,"SL18-NL-2-FG3xSA18-CB-4-MG1",-0.278974948305735,0.0728981844551364,"ES",2019
"109",109,"SL18-NL-2-FG3xSL18-LD-3-MG2",-0.329977851143757,0.110279198379373,"ES",2019
"110",110,"SL18-NL-2-FG3xSL18-OI-16-MG1",-0.145014652878588,0.218517790287829,"ES",2019
"111",111,"SL18-NL-3-FG1xSA18-CB-7-MG2",-0.0754457648382044,0.218627581776895,"ES",2019
"112",112,"SL18-NL-3-FG1xSL18-OI-11-MG2",-0.234975059594933,0.202623742279587,"ES",2019
"113",113,"SL18-NL-3-FG1xSL18-SF-13-MG2",-0.238377240514761,0.183742258532741,"ES",2019
"114",114,"SL18-NL-3-FG2xSL18-SF-17-MG2",-0.0226914002208084,0.353594784591957,"ES",2019
"115",115,"SL18-NL-3-FG3xSA18-CB-2-MG2",-0.312691400220808,0.215872806049269,"ES",2019
"116",116,"SL18-LD-10-FG1xSL18-OI-18-MG1",-0.374418572323029,0.178282309644672,"ES",2019
"117",117,"SL18-NL-6-FG1xSA18-CB-3-MG3",0.0181475157547141,0.419998251581754,"ES",2019
"118",118,"SL18-NL-6-FG1xSA18-CB-7-MG2",0.124993451438404,0.424743697107016,"ES",2019
"119",119,"SL18-NL-6-FG1xSL18-LD-1-MG2",-0.194397708892698,0.244325979042225,"ES",2019
"120",120,"SL18-NL-6-FG1xSL18-LD-2-MG1",-0.135254665165114,0.230459653940912,"ES",2019
"121",121,"SL18-NL-6-FG1xSL18-LD-3-MG2",-0.098965216753327,0.282429324175773,"ES",2019
"122",122,"SL18-NL-6-FG1xSL18-NL-2-MG1",-0.00755177320900896,0.243102124254084,"ES",2019
"123",123,"SL18-OI-11-FG3xSL18-CC-1-MG3",0.853950518459165,0.832941063190595,"ES",2020
"124",124,"SL18-JS-16-FG3xSL18-NC-10-MG3",0.0812286946965967,0.133506074536582,"ES",2020
"125",125,"SL18-OI-5-FG5xSA18-CB-7-MG3",-0.0267042073856983,0.359481148812957,"ES",2020
"126",126,"SL18-CC-1-FG2xSL18-OI-16-MG1",0.378749851489636,0.488998123304475,"ES",2020
"127",127,"SL18-NC-11-FG1xSL18-NL-2-MG1",0.176517493489637,0.340204704640521,"ES",2020
"128",128,"SL18-CC-5-FG2xSA18-CB-10-MG1",1.88964145048964,1.36706340969232,"ES",2020
"129",129,"SL18-LD-13-FG2xSL18-LD-13-MG2",-0.0377318694405124,0.307903013134598,"ES",2019
"130",130,"SL18-CC-5-FG3xSL18-OI-14-MG1",1.24238629175006,0.978038316924884,"ES",2020
"131",131,"SL18-CC-11-FG3xSL18-CC-3-MG1",-0.039407464822131,0.39817778039926,"ES",2020
"132",132,"SL18-CC-11-FG3xSA18-CB-3-MG3",1.65850658075006,1.2245685288825,"ES",2020
"133",133,"SL18-JS-16-FG1xSL18-CC-4-MG11",-0.151354840970926,0.157867628548024,"ES",2020
"134",134,"SL18-CC-11-FG3xSL18-JS-16-MG1",0.416287608029074,0.611125151236521,"ES",2020
"135",135,"SL18-NC-12-FG2xSA18-CB-4-MG3",0.00297815602907393,0.245822544611472,"ES",2020
"136",136,"SL18-OD-5-FG1xSL18-CC-8-MG2",-0.131400627970926,0.218697453085155,"ES",2020
"137",137,"SL18-CC-1-FG3xSL18-OI-9-MG2",-0.144670430970926,0.239791600111751,"ES",2020
"138",138,"SA18-CB-9-FG1xSL18-JS-5-MG3",0.0726522989500146,0.314237961571891,"ES",2020
"139",139,"SL18-CC-5-FG1xSL18-JS-9-MG1",-0.0049008210499855,0.214960300078891,"ES",2020
"140",140,"SL18-OI-15-FG1xSA18-CB-2-MG3",-0.0318469011476353,0.345456853846229,"ES",2019
"141",141,"SL18-CC-12-FG3xSL18-OI-15-MG2",0.4808139022919,0.526513233845413,"ES",2020
"142",142,"SL18-SF-17-FG2xSL18-NC-1-MG1",-0.0145044528221311,0.308925077700905,"ES",2020
"143",143,"SL18-JS-5-FG1xSL18-LD-2-MG4",0.076056025291901,0.151776918122022,"ES",2020
"144",144,"SL18-OD-5-FG3xSA18-CB-1-MG12",0.0255708162919011,0.197574542161232,"ES",2020
"145",145,"SL18-CC-5-FG3xSL18-JS-5-MG2",0.0718900482919012,0.324926988002543,"ES",2020
"146",146,"SL18-SF-13-FG1xSA18-CB-7-MG1",0.0636005022919018,0.365797855108156,"ES",2020
"147",147,"SL18-LL-9-FG6xSA18-CB-10-MG3",-0.260413901082528,0.241461551880702,"ES",2020
"148",148,"SL18-OI-15-FG2xSA18-CB-2-MG3",0.32390406291747,0.57496844593654,"ES",2020
"149",149,"SA18-CB-2-FG3xSL18-NC-9-MG1",0.13695739091747,0.450666658839041,"ES",2020
"150",150,"SL18-NL-2-FG3xSA18-CB-4-MG1",-0.278974948305735,0.298078251890218,"ES",2019
"151",151,"SA18-CB-5-FG4xSL18-CC-1-MG3",0.0514581330360505,0.504574305321844,"ES",2020
"152",152,"SL18-CC-3-FG1xSL18-JS-6-MG3",0.34374451803605,0.690806623111079,"ES",2020
"153",153,"SL18-JS-16-FG1xSL18-LD-2-MG2",-0.215034661963951,0.228790055099788,"ES",2020
"154",154,"SL18-NC-10-FG1xSL18-NC-5-MG1",-0.41270957096395,0.106222451277022,"ES",2020
"155",155,"SL18-OI-17-FG4xSL18-JS-6-MG2",0.712121070036049,0.864383307670055,"ES",2020
"156",156,"SL18-CC-1-FG2xSL18-OI-16-MG3",-0.0608364533150164,0.20444513566667,"ES",2020
"157",157,"SA18-CB-2-FG3xSL18-OI-2-MG2",0.231916064684984,0.406864789170638,"ES",2020
"158",158,"SL18-CC-5-FG3xSL18-JS-19-MG2",0.0372781926849833,0.328225373422968,"ES",2020
"159",159,"SL18-CC-3-FG2xSA18-CB-10-MG3",1.95023404168499,1.31196306964084,"ES",2020
"160",160,"SL18-CC-1-FG1xSL18-OI-16-MG3",-0.0465869053973125,0.262636665546929,"ES",2020
"161",161,"SL18-JS-16-FG3xSL18-OD-6-MG2",-0.0324405623973124,0.207723552517485,"ES",2020
"162",162,"SL18-OI-4-FG2xSL18-NC-15-MG1",0.839200453478023,0.909697557900154,"ES",2020
"163",163,"SL18-NC-12-FG2xSL18-OI-16-MG1",0.0848404664780238,0.350614585387273,"ES",2020
"164",164,"SL18-CC-8-FG2xSL18-JS-5-MG3",1.29337900747802,1.04105086280613,"ES",2020
"165",165,"SL18-OI-4-FG2xSL18-JS-19-MG2",0.077680529919887,0.463908619738181,"ES",2020
"166",166,"SL18-OI-6-FG2xSA18-CB-4-MG2",1.9612136313197,1.39994122130943,"ES",2020
"167",167,"SL18-CC-3-FG1xSL18-JS-5-MG2",0.840692242319702,0.76393878140608,"ES",2020
"168",168,"SL18-CC-3-FG2xSL18-OD-6-MG1",0.764268028880007,0.71098583051688,"ES",2020
"169",169,"SL18-LD-2-FG2xSL18-SF-19-MG1",-0.017584899148173,0.318959979287223,"ES",2019
"170",170,"SL18-LD-13-FG2xSA18-CB-7-MG1",0.205266906880008,0.372146363012745,"ES",2020
"171",171,"SL18-OI-6-FG2xSL18-LD-2-MG2",1.05787442759871,0.906866825606053,"ES",2020
"172",172,"SL18-CC-12-FG3xSL18-OI-15-MG3",0.0903995025987136,0.385256131471914,"ES",2020
"173",173,"SL18-CC-11-FG3xSL18-NC-2-MG3",0.633560181598714,0.664109702347632,"ES",2020
"174",174,"SL18-CC-12-FG2xSL18-OI-15-MG2",0.906267046598715,0.770040707566158,"ES",2020
"175",175,"SL18-SF-17-FG2xSA18-CB-1-MG13",0.318917352519654,0.491207577903319,"ES",2020
"176",176,"SL18-SF-17-FG2xSL18-OI-4-MG3",-0.0705632001011442,0.338678663271113,"ES",2020
"177",177,"SL18-NC-10-FG3xSL18-NL-5-MG2",-0.000475631901190194,0.0499816700422631,"ES",2020
"178",178,"SL18-CC-8-FG2xSL18-LD-9-MG1",0.36933785186154,0.393756274478731,"ES",2020
"179",179,"SL18-NL-3-FG3xSL18-NC-9-MG2",0.42268602248711,0.513730413290021,"ES",2020
"180",180,"SL18-OI-6-FG3xSL18-CC-11-MG5",0.793086789487111,0.828212528003973,"ES",2020
"181",181,"SL18-CC-8-FG1xSL18-OI-7-MG1",-0.14326996551289,0.260549355605543,"ES",2020
"182",182,"SL18-JS-5-FG1xSL18-OI-14-MG1",-0.19882989451289,0.128263046852922,"ES",2020
"183",183,"SL18-NC-10-FG1xSL18-OI-11-MG4",-0.248528176394311,0.146447554609904,"ES",2020
"184",184,"SL18-SF-17-FG2xSA18-CB-7-MG2",0.270569582605689,0.752401086964909,"ES",2020
"185",185,"SL18-CC-9-FG3xSL18-JS-9-MG3",0.0112005592546228,0.25425164081927,"ES",2020
"186",186,"SL18-CC-5-FG2xSL18-NC-10-MG2",0.183477920347684,0.35581964535713,"ES",2020
"187",187,"SL18-OI-11-FG3xSL18-NC-2-MG1",0.848318325172327,0.770335707662576,"ES",2020
"188",188,"SL18-NC-9-FG2xSL18-JS-11-MG3",0.0345891981723272,0.209541622343974,"ES",2020
"189",189,"SL18-LD-9-FG4xSL18-OI-6-MG2",0.350706588172327,0.431554063906392,"ES",2020
"190",190,"SL18-CC-3-FG2xSL18-OI-11-MG3",0.236301593047662,0.555755088408839,"ES",2020
"191",191,"SL18-OI-9-FG4xSA18-CB-1-MG12",0.786473094047663,0.801558000986676,"ES",2020
"192",192,"SL18-CC-3-FG2xSA18-CB-4-MG2",0.105245827440696,0.439356684437878,"ES",2020
"193",193,"SL18-NC-5-FG2xSL18-JS-11-MG3",-0.0903258715104736,0.127113124075379,"ES",2020
"194",194,"SL18-CC-8-FG1xSL18-OI-18-MG3",0.0806246675058248,0.40558228297918,"ES",2020
"195",195,"SL18-CC-6-FG3xSL18-JS-9-MG2",-0.105662681494175,0.315915999473242,"ES",2020
"196",196,"SL18-NL-7-FG4xSA18-CB-1-MG12",-0.0233780905593039,0.205728201463821,"ES",2020
"197",197,"SL18-CC-1-FG1xSL18-NC-15-MG3",0.539755977066131,0.587915211480712,"ES",2020
"198",198,"SL18-CC-1-FG1xSL18-CC-4-MG11",0.143774240066132,0.421123304217341,"ES",2020
"199",199,"SL18-CC-5-FG2xSL18-NC-9-MG2",-0.0189189272151628,0.361377998251357,"ES",2020
"200",200,"SA18-CB-9-FG1xSL18-JS-19-MG1",0.632607996784839,0.628086257945164,"ES",2020
"201",201,"SL18-NL-3-FG1xSL18-OD-3-MG1",-0.128956512215162,0.264364811812306,"ES",2020
"202",202,"SL18-CC-5-FG3xSA18-CB-1-MG12",0.143213095440696,0.365258991805592,"ES",2020
"203",203,"SL18-CC-8-FG2xSL18-NC-5-MG3",-0.196100125215163,0.261266570276,"ES",2020
"204",204,"SL18-CC-6-FG3xSL18-OI-14-MG2",0.0398134917057782,0.228483632257132,"ES",2020
"205",205,"SL18-NC-12-FG2xSA18-CB-3-MG1",0.258400501047665,0.296547036914636,"ES",2020
"206",206,"SL18-CC-3-FG3xSL18-OD-6-MG3",0.442661217047664,0.544644459016608,"ES",2020
"207",207,"SL18-CC-6-FG2xSL18-OI-14-MG1",0.135763131440696,0.3100678188295,"ES",2020
"208",208,"SL18-JS-19-FG3xSA18-CB-3-MG2",-0.0885071939523353,0.140575399104977,"ES",2020
"209",209,"SL18-NC-12-FG2xSL18-NL-5-MG2",NA,0.148885359162929,"ES",2020
"210",210,"SL18-JS-5-FG1xSA18-CB-1-MG12",-0.246608951326765,0.158091754242285,"ES",2020
"211",211,"SL18-JS-16-FG3xSA18-CB-4-MG3",-0.220389804326765,0.196798953028335,"ES",2020
"212",212,"SL18-OI-4-FG2xSA18-CB-7-MG2",1.69954432367323,1.26542673854897,"ES",2020
"213",213,"SL18-NC-1-FG1xSL18-NC-12-MG3",-0.366464320208186,0.172245263842884,"ES",2020
"214",214,"SL18-NC-15-FG3xSL18-CC-1-MG2",-0.365739017208187,0.221836084737029,"ES",2020
"215",215,"SL18-SF-17-FG2xSL18-NC-12-MG1",0.0412713587918137,0.481501314852449,"ES",2020
"216",216,"SL18-CC-5-FG2xSL18-NC-10-MG2",0.183477920347684,0.382062346789081,"ES",2020
"217",217,"SL18-NL-3-FG1xSA18-CB-7-MG2",-0.0754457648382044,0.385700948847599,"ES",2019
"218",218,"SL18-LL-9-FG2xSA18-CB-5-MG3",-0.142672500559253,0.181460877841574,"ES",2020
"219",219,"SL18-SF-17-FG2xSA18-CB-7-MG3",1.55497742644075,1.01914110067551,"ES",2020
"220",220,"SA18-CB-4-FG6xSL18-JS-6-MG3",0.924804632358453,0.84111570077153,"ES",2020
"221",221,"SL18-CC-3-FG1xSL18-JS-11-MG2",-0.182443294641549,0.318970118833831,"ES",2020
"222",222,"SA18-CB-5-FG6xSL18-CC-6-MG2",0.338573749675651,0.520577678187067,"ES",2020
"223",223,"SL18-JS-19-FG3xSL18-OI-17-MG1",-0.129762875933734,0.183836414100395,"ES",2020
"224",224,"SL18-OI-17-FG4xSL18-CC-7-MG1",0.296569282184846,0.673326400991089,"ES",2020
"225",225,"SL18-OI-17-FG1xSL18-OI-4-MG1",-0.261393102815155,0.321291852439884,"ES",2020
"226",226,"SL18-CC-6-FG2xSL18-OI-11-MG4",0.258002903833778,0.375033976338208,"ES",2020
"227",227,"SL18-JS-9-FG3xSA18-CB-10-MG1",-0.0580589571662221,0.210108411093811,"ES",2020
"228",228,"SL18-OI-6-FG3xSL18-JS-6-MG1",0.426040101833779,0.586598405326204,"ES",2020
"229",229,"SL18-SF-13-FG2xSL18-JS-11-MG3",0.620518724751483,0.664490849694598,"ES",2020
"230",230,"SL18-JS-19-FG3xSL18-LD-13-MG3",0.0351535507514826,0.226868706741722,"ES",2020
"231",231,"SA18-CB-2-FG3xSL18-CC-2-MG5",1.22136395662682,1.01231372675217,"ES",2020
"232",232,"SA18-CB-9-FG1xSL18-OI-7-MG3",0.904291217068682,0.682132336784462,"ES",2020
"233",233,"SL18-CC-3-FG1xSL18-OI-16-MG2",0.133503713068682,0.395231365541435,"ES",2020
"234",234,"SL18-CC-8-FG1xSL18-NC-8-MG2",-0.110325581238326,0.247091607756493,"ES",2020
"235",235,"SL18-SF-13-FG2xSA18-CB-2-MG3",0.956600667761675,0.86339535515598,"ES",2020
"236",236,"SL18-SF-13-FG2xSL18-JS-9-MG2",0.407943730321982,0.50223843172145,"ES",2020
"237",237,"SL18-JS-19-FG2xSA18-CB-10-MG3",0.0963865233219814,0.267480985795485,"ES",2020
"238",238,"SL18-CC-6-FG1xSL18-JS-5-MG2",-0.0466192186780184,0.251921549808983,"ES",2020
"239",239,"SL18-CC-12-FG2xSL18-LL-9-MG4",0.941452459961629,0.689934517061741,"ES",2020
"240",240,"SL18-NL-3-FG1xSL18-OI-7-MG3",0.234539667961629,0.25419940433162,"ES",2020
"241",241,"SL18-NL-5-FG1xSL18-OI-14-MG1",0.169256150303515,0.266461337171657,"ES",2020
"242",242,"SL18-NC-8-FG1xSL18-NL-7-MG2",0.00424099892908451,0.212624363933499,"ES",2020
"243",243,"SL18-JS-5-FG2xSL18-OI-5-MG3",-0.143305077070915,0.133083741222762,"ES",2020
"244",244,"SL18-CC-10-FG4xSL18-NC-2-MG2",0.510035598929084,0.605884122500204,"ES",2020
"245",245,"SL18-NC-5-FG3xSL18-OI-2-MG2",-0.161954838952336,0.194681346359585,"ES",2020
"246",246,"SL18-OI-16-FG2xSL18-OI-18-MG1",-0.225585224952336,0.286685346525452,"ES",2020
"247",247,"SL18-CC-1-FG2xSL18-NC-11-MG2",-0.0711039789523363,0.330293636682578,"ES",2020
"248",248,"SL18-CC-12-FG3xSL18-NC-11-MG2",-0.0973712539523358,0.3492822697208,"ES",2020
"249",249,"SA18-CB-7-FG1xSL18-LD-1-MG1",0.196290532696597,0.342404952397946,"ES",2020
"250",250,"SL18-NC-10-FG3xSA18-CB-3-MG2",-0.061273585303403,0.124770473332804,"ES",2020
"251",251,"SL18-ME-1-FG1xSL18-ME-1-MG1",-0.274473040958907,0.256633488241532,"Z1",2019
"252",252,"SL18-ME-1-FG1xSL18-ME-1-MG1",-0.274473040958907,0.285604874296,"Z1",2019
"253",253,"SL18-ME-1-FG1xSL18-ME-1-MG1",-0.274473040958907,0.178597970823126,"Z1",2019
"254",254,"SL18-ME-1-FG1xSL18-ME-1-MG1",-0.274473040958907,0.208892460103201,"Z1",2019
"255",255,"SL18-ME-1-FG1xSL18-ME-1-MG1",-0.274473040958907,0.252270379918204,"Z1",2019
"256",256,"SL18-ME-1-FG1xSL18-ME-1-MG1",-0.274473040958907,0.33827851872882,"Z1",2019
"257",257,"SL18-ME-1-FG1xSL18-ME-1-MG1",-0.274473040958907,0.302345291267482,"Z1",2019
"258",258,"SL18-ME-1-FG1xSL18-ME-1-MG1",-0.274473040958907,0.287569934433099,"Z1",2019
"259",259,"SL18-ME-1-FG1xSL18-ME-1-MG1",-0.274473040958907,0.289663066519061,"Z1",2019
"260",260,"SL18-ME-1-FG1xSL18-ME-1-MG1",-0.274473040958907,0.284485112488883,"Z1",2019
"261",261,"SL18-ME-1-FG1xSL18-ME-2-MG2",-0.365047920074288,0.209762086137488,"Z2",2019
"262",262,"SL18-ME-1-FG1xSL18-ME-2-MG2",-0.365047920074288,0.210576931844326,"Z2",2019
"263",263,"SL18-ME-1-FG1xSL18-ME-2-MG2",-0.365047920074288,0.162421351058125,"Z2",2019
"264",264,"SL18-ME-1-FG1xSL18-ME-2-MG2",-0.365047920074288,0.234450712265778,"Z2",2019
"265",265,"SL18-ME-1-FG1xSL18-ME-2-MG2",-0.365047920074288,0.20579927087312,"Z2",2019
"266",266,"SL18-ME-1-FG1xSL18-ME-2-MG2",-0.365047920074288,0.215451857542414,"Z2",2019
"267",267,"SL18-ME-1-FG1xSL18-ME-2-MG2",-0.365047920074288,0.108444954069542,"Z2",2019
"268",268,"SL18-OI-15-FGxSL18-ME-MG1",NA,0.305025293292787,"Z3",2020
"269",269,"SL18-OI-15-FGxSL18-ME-MG1",NA,0.27055068643802,"Z3",2020
"270",270,"SL18-OI-15-FGxSL18-ME-MG1",NA,0.288410865216624,"Z3",2020
"271",271,"SL18-OI-15-FGxSL18-ME-MG1",NA,0.277998616705575,"Z3",2020
"272",272,"SL18-OI-15-FGxSL18-ME-MG1",NA,0.299922365551452,"Z3",2020
"273",273,"SL18-OI-15-FGxSL18-ME-MG1",NA,0.192915462078567,"Z3",2020
"274",274,"SL18-OI-15-FGxSL18-ME-MG1",NA,0.251632180111823,"Z3",2020
"275",275,"SL18-OI-15-FGxSL18-ME-MG1",NA,0.468778404551509,"Z3",2020
"276",276,"SL18-OI-15-FGxSL18-ME-MG1",NA,0.234496961728775,"Z3",2020
"277",277,"SL18-OI-15-FGxSL18-ME-MG1",NA,0.297058723227214,"Z3",2020
"278",278,"SL18-NL-7-FG3xSL18-OI-15-MG3",-0.171000995876771,0.0740159843444344,"Z4",2020
"279",279,"SL18-NL-7-FG3xSL18-OI-15-MG3",-0.171000995876771,-0.0295861525224146,"Z4",2020
"280",280,"SL18-NL-7-FG3xSL18-OI-15-MG3",-0.171000995876771,0.0918761631230441,"Z4",2020
"281",281,"SL18-NL-7-FG3xSL18-OI-15-MG3",-0.171000995876771,0.0700531690800738,"Z4",2020
"282",282,"SL18-NL-7-FG3xSL18-OI-15-MG3",-0.171000995876771,0.110775595998123,"Z4",2020
"283",283,"SL18-NL-7-FG3xSL18-OI-15-MG3",-0.171000995876771,0.0797057557493799,"Z4",2020
