"","DWpM","WWP","PDW","BD"
"SL18-OI-4",0.0169566750308956,-0.345332589312542,0.18581736834684,16.3446662819256
"SL18-OI-5",-0.0492860258685486,-0.5795044147031,0.132612730194537,-18.1086391205391
"SL18-OI-6",0.0823002318354323,0.727337729612181,0.411793799410705,-26.9871675127365
"SL18-OI-11",0.0468133060702818,0.413517735277269,0.120623288930021,-8.95727187056601
"SL18-OI-15",0.0532962084778759,0.73627376189703,-0.0176594056118511,18.9013212550206
"SL18-OI-16",-0.0706877774926424,-1.19350388252101,0.106349904341814,-2.93671239276703
"SL18-OI-17",-0.00178638011176962,-0.139935747435128,-0.00686180358357978,-20.0263894199062
"SL18-OI-18",-0.0131233592850469,-0.448179367948535,0.191276884340835,-38.5209112870817
"SL18-LD-1",-0.0198450525936868,-0.773123144835382,0.297639442744938,-22.2555697259678
"SL18-LD-3",0.0000696106258213994,-0.181019356503771,0.131977609492107,-8.76038973149218
"SL18-LD-4",-0.00274627570521698,-0.228110518117599,0.130635033632724,-11.7832276223501
"SL18-LD-5",-0.0155315234941164,-0.254018359012816,0.0565828136862988,-21.9125623257755
"SL18-LD-9",0.003855212522278,-0.173424798784641,0.133576026234593,-27.9485183824778
"SL18-LD-10",0.0157215976545916,0.0356011384009102,0.114056685279931,2.47179965528572
"SL18-LD-13",-0.0247498735251131,-0.559017157125433,0.160924926996986,8.21195050119934
"SL18-FW-2",0.0440902986739733,0.659173162899685,0.00631568328785214,13.2437897278202
"SL18-FI-1",0.0400338515540393,0.558143475660823,-0.00604229468520561,12.6884062434403
"SL18-FI-2",0.0386180410566161,0.559601506386849,-0.00681927259172647,11.7150174235665
"SL18-CC-1",0.0184498460552297,0.39935560073793,0.00296515871659974,6.90355754883683
"SL18-CC-2",0.0292887633140265,0.826627643872186,-0.137290364865883,-8.14246148887281
"SL18-CC-3",0.143812472145035,2.03102900139445,0.0357844432507229,12.5531430181375
"SL18-CC-4",0.00543440939968888,0.216219267225162,-0.0645510672407684,-5.60102223732011
"SL18-CC-5",0.0156067230022981,0.359634619728573,-0.198385988283761,-6.03395799536794
"SL18-CC-6",0.0282699665135332,0.398566089676813,0.0173638055495125,-12.6409580451309
"SL18-CC-7",-0.0144588224176127,-0.366809037698568,-0.155702749027135,10.3296080817724
"SL18-CC-8",-0.0238874881848624,-0.126101254360782,-0.125118574764672,-0.641415932827891
"SL18-CC-9",-0.00697867109092202,-0.129595238171185,-0.108369972945447,-1.31505367075013
"SL18-CC-12",0.124023327177001,2.06210014216922,-0.143498980602976,42.3749309741851
"SL18-FW-14",0.0373021575045727,0.535984008179351,0.0171375029239272,8.32995925547723
"SL18-NC-2",0.00631379152050945,0.36253906732124,-0.13150809277458,47.0916937942419
"SL18-NC-1",-0.0601961559837191,-0.759355866429063,-0.0298941674570369,-4.86428303559826
"SL18-NC-5",-0.103943740967909,-1.06060388646603,-0.14801298148661,-14.1465319911884
"SL18-JS-6",0.0235274932511842,-0.256179004277421,0.419956742547186,-8.33080787617601
"SL18-JS-5",-0.0596907079489553,-0.621427828187096,-0.269545320636636,-4.54164823416359
"SL18-JS-9",-0.103664795751856,-1.40149475923016,-0.0511515901259555,-11.8214187542974
"SL18-NC-8",-0.0681523035735324,-0.823520368101095,0.00738173908456756,-18.1858875649541
"SL18-NC-10",-0.126879485337502,-1.45037119229015,-0.366056518636579,-10.0076218798412
"SL18-NC-9",-0.0202717562686421,-0.186023761812433,0.055678112418411,2.86249031593061
"SL18-NC-12",-0.0955275378655473,-1.22194690460633,-0.0417733320803785,-14.3339815773843
"SL18-NL-2",-0.0746726693026805,-1.15464060633174,-0.019965699618457,-16.1361503624878
"SL18-NL-3",-0.0488351407452242,-0.527230830255128,-0.111298588229713,-12.1834691388466
"SL18-NL-5",-0.0199128075836113,-0.312875791823081,-0.0324476249734099,-1.79529056995177
"SL18-NL-7",-0.0662845921125206,-0.823461171307464,0.0439166347742385,-26.8378032647271
"SL18-NL-6",0.00852404139699451,0.19721080471636,-0.130065738016556,66.0977132893089
"SL18-NL-9",-0.0644779939185074,-0.6541119507701,-0.226001171275428,-7.97286438780189
"SL18-NL-10",-0.0250263849728638,-0.3161642362725,-0.016898417557398,11.8767069935283
"SL18-JS-19",-0.055984950900996,-0.904539923262266,-0.0817412184915952,-36.1821384449083
"SL18-JS-16",-0.101198260447963,-1.26594047394952,-0.0874122191314764,-25.9880518343122
"SL18-JS-11",-0.0811433897385616,-0.751727586240368,-0.155653636079405,1.42030934753273
"SL18-BL-10",0.036030000627707,0.562031939520637,-0.0027998452147093,12.8275355910431
"SL18-BL-11",0.0400708721610333,0.556228922554777,0.00684419260051473,12.3115509609582
"SL18-BL-12",0.0410295411399919,0.539702746114565,0.0299017190745257,10.303398956121
"SL18-BL-13",0.0422377792133089,0.617028920173516,-0.00302272853519625,12.9361114509368
"SL18-BL-14",0.038291111635942,0.547016280157357,0.0156786184359674,9.27523480849517
"SL18-BL-15",0.0358245092335581,0.479483584740797,0.0122839494001652,10.6619611747244
"SL18-BL-16",0.0515192987823621,0.695966499073084,0.0603755484586938,8.76486712144802
"SL18-CC-10",0.0540133837383061,0.606929905122598,-0.0052765357545635,-0.693098648412345
"SL18-CC-11",0.120182557359063,1.95159958936602,-0.145684287969675,58.4314985124313
"SL18-SF-13",0.0410652526400814,0.286494218632133,0.136006636404122,4.87795399957586
"SL18-OI-2",-0.0241832445708872,-0.48371197017344,0.111822696491276,-17.1983197743004
"SL18-OI-14",0.02287291908064,0.493290448127538,0.064100045662968,-31.7132871403732
"SL18-PI-1",0.0188491696556339,0.294054693818355,-0.0300320858530763,9.34882432759863
"SA18-CB-1",0.0199720000072382,0.361189831010007,-0.0120024458196386,7.63315720075984
"SA18-CB-3",0.0611604568075315,1.13761669525792,-0.161687974937065,30.7961490685638
"SA18-CB-4",0.0628220060104731,1.33975369263441,-0.168886149821447,-8.98299498629619
"SA18-CB-7",0.155406327041785,2.37680850545543,0.0393908530522985,31.4125089249822
"SA18-CB-10",0.11652928689131,2.26823939828484,-0.127028288083104,30.0651779548119
"SL18-NC-11",-0.0681840630471038,-0.960396187734144,-0.0467810491702705,-6.52720885369608
"SL18-TI-1",0.0150390674294592,0.22363918614568,0.000262435757938059,4.33224928969038
"SL18-TI-2",0.00893944513846809,0.139430755546352,0.0101412848767045,2.99263353362941
"SL18-TI-3",0.0199326993173422,0.333389548209552,0.0040865801744656,4.98802046839409
"SL18-TI-4",0.0269087758276114,0.44071695668291,-0.0134109673259083,7.95295306839367
"SL18-BL-17",0.0152036892610726,0.201264224698044,0.0158498376998701,8.42527121269807
"SL18-OD-3",-0.0255960732675684,-0.434701520822651,0.0280779712012276,-19.906131063082
"SL18-OD-5",-0.0603249029418811,-0.698303435193092,-0.059164259422779,-4.47380104182431
"SL18-OD-6",-0.0208128414129475,-0.623447166035377,0.0435261463668565,-0.782722758140478
"SL18-OD-10",0.0296117735287481,0.511288644538777,-0.0249712534009553,-5.59538141577937
"SA18-CB-2",0.0579012768160046,0.680728981922559,-0.0189316411410094,7.47398304826043
"SL18-NC-15",-0.0846654824518245,-0.985022460384766,-0.102095882904411,37.8512097656386
"SL18-BL-18",0.0179702883906481,0.233390930189154,-0.0074896112396416,6.24755756793365
"SL18-FW-21",0.0233815582356309,0.352414184222748,-0.00102614444567184,9.02804164356492
"SL18-SF-17",0.0327759014709746,0.319287485943678,0.0194695628444852,-9.4570989438135
"SL18-LL-9",-0.0368348182603995,-0.545765407473655,-0.0188791065166106,-6.25114039235396
"SL18-LD-2",-0.0595467780298881,-1.22278495900988,0.411160404549257,-51.2135384482447
"SL18-FW-12",0.0137458889958677,0.284217137848385,-0.0302986605514301,2.9606598512856
"SL18-SF-19",-0.00273531173052291,-0.0378500325302548,0.2147551754813,33.7956971863158
"SA18-CB-5",0.0317380260622776,0.325769876823629,0.0113860916335025,-14.3707732848947
"SL18-SF-15",0.0302263637637247,0.35908042569252,-0.0247483327158898,20.1567172959182
"SL18-SF-18",-0.0114359378212186,-0.26456606953795,0.0885485394909568,-3.66162089430657
"SA18-CB-9",0.0622434702491371,0.649027133146952,0.0223239669392264,12.6542694052997
"SL18-OI-7",0.0703644612827347,0.838287020941358,-0.0348783284402247,33.1362796055828
"SL18-OI-9",-0.00533155715420271,-0.2977755939758,0.0833874628325909,9.21728876397718
"SL18-TI-5",0.0187570103380846,0.290968178286587,-0.00803180187340762,1.94545762614689
"SL18-CB-2",0.0000000000000000339367536205772,0.000000000000000744883005564406,-0.000000000000000430806863615997,0.0000000000000479638890727722
"SL18-CB-3",0.0000000000000000435290792046463,0.000000000000000914387436189579,0.0000000000000000711575728269457,-0.0000000000000274707654912927
"SL18-CB-4",-0.0000000000000000924872164056138,0.000000000000000927407337676184,-0.000000000000000275360794182906,0.0000000000000278710371355235
"SL18-CB-7",0.000000000000000218906232588227,0.00000000000000385224490238885,-0.000000000000000328251650953349,0.0000000000000665500662628763
"SL18-TI-6",0.0000000000000000597213158192131,0.00000000000000132842554804786,-0.00000000000000016361532264526,0.0000000000000442336530914993
"SL18-OD-1",-0.0000000000000000816125646751463,-0.00000000000000122549743894305,0.0000000000000000537082955570622,-0.0000000000000164676167602857
"SL18-OD-4",0.000000000000000193213472305949,0.00000000000000262555887004821,0.000000000000000204364979522941,-0.0000000000000205506784045489
"SL19-LR-5",-0.000000000000000179789211592297,-0.0000000000000018353726169022,-0.000000000000000187609934058901,0.0000000000000438434614846967
"SL19-LR-2",0.000000000000000103616672357881,0.0000000000000017877600873612,-0.000000000000000230887857876145,0.000000000000191085539713899
"SL18-DB-6",0.000000000000000029141252117597,0.000000000000000220232969778928,0.00000000000000000268265762546995,-0.00000000000000311166440778725
"SL18-CB-10",-0.0000000000000000112084897246097,-0.00000000000000041641816135898,0.0000000000000000369022989333439,-0.0000000000000432733005460115
"SA18-CB-10-FG1",0.0671091821390865,1.36544037963608,-0.100850430109598,22.6394968656918
"SL18-LD-10-FG1",0.0134926474214658,0.096668573679447,0.0262870931897031,2.29162475434537
"SL18-NL-6-FG1",0.0554072850618435,0.857732324205826,-0.114594098796994,93.1444496742902
"SL18-LD-10-FG2",-0.00579766972519512,-0.155940811327797,0.0810929512107108,1.81574125216506
"SL18-NL-9-FG2",-0.0173220219048838,-0.035411293836259,-0.161544176289058,27.6854925542559
"SL18-OI-15-FG1",0.0222207443311711,0.30235994044147,-0.0553181580731292,19.3426160268263
"SL18-OI-16-FG3",-0.0180172849496017,-0.412172722644513,0.0288347246184073,5.63657282971558
"SL18-LD-13-FG2",-0.0209559492176032,-0.473283759664276,0.109699728757884,-0.577872477570049
"SL18-OI-17-FG1",0.0143744870716367,0.34338127705579,-0.0375647587341055,2.93081150104606
"SL18-OI-18-FG1",0.0131690427515453,0.082686749345361,0.0317174962692628,-4.09910640748496
"SL18-OI-18-FG2",-0.00611792315609415,-0.253461473638269,0.0973684207273259,-26.5090053384426
"SL18-OI-2-FG2",-0.00821694173145305,-0.162981181089904,0.063206159055482,-26.2370919187562
"SL18-LD-1-FG1",-0.0230622187144216,-0.501967468421069,0.121486930477007,-2.96668347258502
"SL18-OI-2-FG3",-0.00816385919724297,-0.143587729136724,0.0463563020814775,-9.0819900275367
"SL18-OI-6-FG1",0.00718048475023855,0.0738766269801294,0.124542230406809,-43.285682890494
"SL18-OI-9-FG1",-0.0030357885792496,-0.161395522366207,0.0208497662807497,7.17484699201501
"SL18-SF-13-FG1",-0.0131605157279426,-0.392987039165066,0.138477900704952,-16.8706828133257
"SL18-LD-1-FG2",0.0155291897271193,0.0783258720369835,0.032657127169943,12.9372494411269
"SA18-CB-4-FG3",0.0291814814491075,0.667797726776339,-0.10084100313268,-16.8504198890643
"SL18-LD-2-FG2",-0.0324305911836352,-0.68045534311645,0.302484710336468,-40.2687709780565
"SL18-LD-3-FG1",-0.0142638389782621,-0.328901643623252,0.114458151986771,-24.0507171180904
"SL18-LD-3-FG2",0.0109939096561553,0.149691955281412,-0.0279058713246533,14.5665114663677
"SL18-LD-4-FG3",0.00640493166688104,0.016439536492142,0.0272888956394159,-4.00319300931077
"SA18-CB-7-FG1",0.108324662233511,1.46205062849261,0.054943761891116,18.1487293106409
"SL18-LD-9-FG2",-0.00470837688518341,-0.179909624143812,0.0890649372381219,-35.416199527626
"SL18-LD-9-FG3",0.0125602489446203,0.045005779363231,0.0377213953162023,-4.76655309299624
"SL18-LL-9-FG3",-0.0378782453450765,-0.524400395431662,-0.124411286530373,-6.21895833759114
"SL18-NL-10-FG1",-0.00298319538768282,0.127575417181987,-0.0801230188275256,32.7179772671938
"SL18-NL-2-FG1",0.00435463810080532,-0.104705041925091,0.0143084446739012,8.03672450861346
"SL18-NL-2-FG3",-0.051437139510752,-0.72342578598809,-0.0257022943291579,-32.1260876779336
"SL18-NL-3-FG1",-0.0507575718483217,-0.517189118981863,-0.0887991471431565,-15.3315474396985
"SL18-NL-3-FG3",-0.00712850712847681,-0.098372902649031,-0.0577650459927156,-7.75669691631045
"SL18-OI-11-FG3",0.0541982106931626,0.599564350636489,-0.0585063636887694,-4.98532418142163
"SL18-JS-16-FG3",-0.0675553596396204,-0.758550370792286,-0.084352751009276,-18.8483998983374
"SL18-CC-1-FG2",0.0186586614264959,0.450236942531719,-0.0139227745151327,-1.43517772163916
"SL18-CC-5-FG2",0.0290154845204545,0.525572887784821,-0.0821838348175137,8.25269307021671
"SL18-CC-5-FG3",0.0177435081079324,0.312642150252752,-0.19477698220047,-10.7197739093406
"SL18-JS-16-FG1",-0.0708579851899701,-0.888958386008725,-0.058510084145351,-12.4900700136028
"SL18-NC-12-FG2",-0.0784968989722698,-1.05568907287741,-0.0229138268686486,-6.17020721532721
"SL18-OD-5-FG1",-0.0540369375423037,-0.623584300038892,-0.0457165805747626,-3.51422396348809
"SA18-CB-9-FG1",0.0622434643072548,0.649027341339237,0.0223240478622881,12.6542567432498
"SL18-CC-5-FG1",-0.0253295782931145,-0.243867353716701,-0.153286577919631,-9.45832274149467
"SL18-CC-12-FG3",0.0626002055450904,1.04320214269296,-0.0738518684472765,21.379930869571
"SL18-SF-17-FG2",0.0390506794365871,0.598234790453876,-0.0200700860682425,4.64691138535905
"SL18-JS-5-FG1",-0.0764208542572515,-0.876250586909455,-0.247381962252328,-9.90543452368587
"SA18-CB-2-FG3",0.0566988438409658,0.69787121890638,-0.0340933075755235,13.2171322225573
"SL18-CC-3-FG1",0.0885610694648573,1.25297652188464,0.0326635559031163,3.33773463985737
"SL18-NC-10-FG1",-0.0981719769956096,-1.12959673969657,-0.152717241642992,-11.1130363370878
"SL18-OI-17-FG4",0.0440511775744683,0.525212233642986,-0.0444432950953865,-1.20557019672572
"SL18-CC-3-FG2",0.127713750130219,1.71446718236254,0.0237992364728433,23.0445257563263
"SL18-CC-1-FG1",-0.00646326234899151,-0.0506039663644486,0.0166568654814937,25.9761628172854
"SL18-OI-6-FG2",0.119475127311889,1.30560116008077,0.228195054908162,-3.25054132193547
"SL18-CC-12-FG2",0.123617502959152,2.07374205580083,-0.145129488109086,43.5709703323507
"SL18-NC-10-FG3",-0.0877330080048706,-0.927589000306607,-0.357432266092569,-9.79982188918174
"SL18-CC-8-FG1",-0.0614907151265777,-0.6851688017296,-0.088610403312119,-13.5510997967494
"SL18-NC-5-FG2",-0.0721488764364278,-0.720985112087928,-0.0994258032639382,-11.4440005348198
"SL18-CC-6-FG3",-0.0217282229963644,-0.442716312459799,0.094456713036227,-14.8464837880488
"SL18-NL-7-FG4",-0.0408399952757393,-0.462367032944851,0.0110446262169749,-12.9936995193098
"SL18-CC-3-FG3",0.0958792249067007,1.44463301231035,0.0073956022191235,8.04769880756493
"SL18-JS-19-FG3",-0.055025564660018,-0.777004340548344,-0.0617638957175875,-29.8137480039038
"SL18-NC-15-FG3",-0.0637250868026136,-0.695100808888202,-0.0908884295193415,6.5508062775517
"SL18-LL-9-FG2",-0.0254506288074845,-0.2516072277231,-0.0615888756134325,2.4611062495326
"SA18-CB-4-FG6",0.0825953654718928,1.56996014167808,-0.100073671002308,14.2554459690119
"SL18-JS-9-FG3",-0.0600736871971117,-0.881864197069531,-0.0352236542936339,1.03529118216924
"SL18-SF-13-FG2",0.0673198004234309,0.836578125372343,-0.0182364417954502,10.6470185375548
"SL18-JS-19-FG2",-0.0508820185003669,-0.734926742048057,-0.0400751407963181,-31.6242878513261
"SL18-NL-5-FG1",-0.00325687702078482,-0.0658784880214385,-0.0167263062484149,0.395538285375614
"SL18-NC-8-FG1",-0.0298596231333465,-0.370431394252211,0.0443999648776246,-9.7493521447455
"SL18-SF-19-MG2",0.0169311862615818,0.377605763156741,0.0563071252488585,34.1022843670363
"SL18-OI-4-MG1",-0.0187254982768768,-0.662103890546748,0.139263653805118,-9.7606535102488
"SL18-OI-11-MG2",0.0281456346679762,-0.0325695098728577,0.17832736589572,-8.58743206422789
"SL18-OI-14-MG2",0.0139997978587949,0.241070397418253,0.0816038753509355,-25.4319959945681
"SL18-OI-15-MG1",0.0245735321031938,0.38038343210328,-0.0431576018861146,10.1942764450146
"SL18-OI-16-MG1",-0.0449765567779515,-0.764491370635473,0.0404222556330779,6.83797331427376
"SL18-SF-17-MG1",0.0162932362980696,0.0326253957718772,0.0600728607733782,-23.8867305403857
"SA18-CB-7-MG2",0.0991196529243897,1.24855940075525,0.0103361101447822,40.8376688191032
"SL18-NL-3-MG2",-0.0446504597216582,-0.603409410273818,-0.0160085103682951,-17.6206266321528
"SA18-CB-7-MG1",0.0704053326683171,1.31853527032476,-0.00503385337810409,12.2878017849936
"SL18-SF-19-MG1",-0.0210337615519117,-0.434375040432903,0.265825670288858,16.5914560886073
"SL18-SF-15-MG2",0.0191981162550805,0.227643120138325,-0.0167358970199798,9.85319478406401
"SA18-CB-2-MG3",0.0338948919034646,0.361075246549109,0.00893813166660768,-10.604338560539
"SL18-NL-5-MG1",-0.0143404424237689,-0.285585575015365,-0.00718415775612605,-10.062671542583
"SL18-SF-15-MG1",0.0261421559010379,0.310988067926154,-0.0203867666712958,20.3821215847917
"SA18-CB-4-MG3",0.0161342394477384,0.538995957746788,-0.135318380652871,-13.6336000779191
"SA18-CB-5-MG3",-0.0103179341473296,-0.115314484247415,0.0439238721764829,-24.344131790393
"SL18-LD-13-MG2",-0.0262079086317403,-0.451690808915451,0.100414864363349,19.1047475827559
"SL18-LD-3-MG2",-0.00783498607827586,-0.185765967845868,0.0750491911999951,-3.52153814076049
"SL18-NL-6-MG1",-0.00590279355009272,-0.0443525642385099,-0.0702097073104618,16.066424647389
"SL18-SF-17-MG2",0.0256447397813656,0.268606642499298,-0.0103711075640079,6.84130238799545
"SL18-OI-9-MG3",0.00585327982957114,-0.0231323749330539,0.0546280182313419,8.11168320608315
"SL18-LD-9-MG1",-0.00245605446733512,-0.234585308360596,0.137803500400909,-25.7790520101198
"SL18-NL-2-MG2",-0.0440829220665504,-0.653803519705365,-0.018927253758142,0.0436662633735963
"SL18-LD-2-MG3",-0.0376367117141433,-0.715772417668836,0.209847598511003,-31.3385245758263
"SL18-OI-7-MG1",0.0245311027676655,0.335300515833742,-0.0484870088401795,40.0455255271863
"SL18-LD-2-MG1",-0.0344496913523893,-0.73784027681847,0.254189365423924,-25.8569426902882
"SA18-CB-1-MG2",0.0247810915094153,0.347355067489158,-0.035419424911352,19.3238373008263
"SL18-NL-9-MG1",-0.0586196351433742,-0.693532996425803,-0.198091654465208,-30.082186697862
"SA18-CB-2-MG1",0.0232279591873667,0.267512096687543,0.000682912276530747,10.3381327792218
"SA18-CB-4-MG1",0.0045934538564738,0.281463052328358,-0.117512943256021,-12.7431693057221
"SL18-OI-18-MG1",-0.019972892897297,-0.2130726458238,0.111531250676003,-25.9404632946692
"SL18-LL-9-MG3",0.0109117514329668,0.0675619523740419,0.115721357601233,-25.0076195974755
"SA18-CB-10-MG1",0.0407346697646652,0.871299522876705,-0.083371597345278,1.55754220402588
"SA18-CB-3-MG3",0.0633948069821116,1.1693114621751,-0.112462747128286,38.8060825310295
"SL18-NL-10-MG2",-0.0278270290700228,-0.395311624286497,0.0235141480828648,0.0308345712832136
"SL18-NL-2-MG3",-0.034408994732097,-0.504024485797601,-0.0126309788247226,-11.0211412830291
"SL18-SF-13-MG3",-0.0154292375744318,-0.455038297191084,0.180561412425347,-6.73294767870312
"SL18-OI-6-MG2",0.0385364633926406,0.305448716191305,0.219296003066938,-12.2913592551143
"SL18-OI-15-MG2",0.0658632326125898,1.03461723605267,-0.059085540610398,13.7886243494825
"SL18-SF-17-MG3",0.00978829890360839,0.0223306333353306,0.0434377070130846,-14.4692810803792
"SL18-NL-7-MG1",-0.0486468708963899,-0.636865643721144,0.0340521006001363,-29.8332582895635
"SL18-SF-13-MG1",0.0393164521003041,0.412643055802605,0.0401144969976118,13.5052381857558
"SA18-CB-2-MG2",0.0309317792164421,0.375368251507568,-0.0228563126926946,5.73411596229275
"SL18-NL-2-MG1",-0.073318949014579,-1.19699535503445,0.0477603649506204,-11.8026907201331
"SL18-CC-1-MG3",0.0350764162501644,0.451997090025024,-0.00611669370722963,-2.64756464735353
"SL18-NC-10-MG3",-0.0661363592499496,-0.729344090486006,-0.240849192370649,-6.70226873836009
"SA18-CB-7-MG3",0.105157581984082,1.76030269663172,0.049688321763243,12.2044933954156
"SL18-OI-14-MG1",0.0203100985334302,0.498873197728833,0.014546272498788,-22.1378423014853
"SL18-CC-3-MG1",0.0504412819234972,0.732284931471524,0.00570504836066845,-2.23905238475853
"SL18-CC-4-MG11",-0.0140784315081926,-0.0903923782328651,-0.0436042422350617,-9.96621416202763
"SL18-JS-5-MG3",-0.00734291706901437,-0.101971487256346,-0.104463311917873,-3.73137431259701
"SL18-JS-9-MG1",-0.0617215825952114,-0.85786892673902,-0.0137830723478991,-13.3732005638045
"SL18-NC-1-MG1",-0.0462040036655413,-0.579474024122102,-0.0358442647130433,-6.83223593752556
"SA18-CB-1-MG12",-0.00807821131892048,-0.0530954735045476,-0.0182853384823862,-3.99216943193976
"SL18-JS-5-MG2",-0.0453150546218454,-0.465760935629873,-0.21123452772262,0.603258876285237
"SA18-CB-10-MG3",0.0716774244844934,1.26914760684213,-0.0412585899602297,15.2196580661877
"SL18-JS-6-MG3",0.0521110974675069,0.263498496177962,0.226962827200117,-3.68790843337257
"SL18-LD-2-MG2",-0.0465169386180546,-0.998451922262245,0.310172780784242,-29.0189626664686
"SL18-JS-6-MG2",0.0512861383998822,0.293626244967124,0.222074283491507,0.322069775198381
"SL18-OI-2-MG2",-0.031984455560717,-0.660836814414479,0.114082702402623,0.922833342058055
"SL18-JS-19-MG2",-0.0428638672793417,-0.63321456239669,-0.0523974039700845,-18.6263046217734
"SL18-OD-6-MG2",-0.0374678256804698,-0.641821286981263,0.0317364792368442,-2.43013459631415
"SL18-NC-15-MG1",-0.0389647253435636,-0.473447115565525,-0.0591831409687483,24.5700167108777
"SA18-CB-4-MG2",0.0559624911715685,0.961059159010653,-0.0529124975506217,2.02316201244393
"SL18-OD-6-MG1",-0.00313317702858328,-0.349761473494463,0.0177332274243867,4.51057331932911
"SA18-CB-1-MG13",0.0350375758035838,0.518157107785024,0.0253236087933438,3.88158648410436
"SL18-OI-4-MG3",-0.022979369733934,-0.566485534668679,0.109740206056118,6.01767804667452
"SL18-NL-5-MG2",-0.0194975717446033,-0.246634603797573,-0.0443548956134852,3.25798426931221
"SL18-NC-9-MG2",0.000740211447084293,0.155014084426398,0.0192927106997961,7.40993041836593
"SL18-OI-11-MG4",-0.0286830423173077,-0.366669802693952,0.0818032589352791,-19.705410880478
"SL18-NC-2-MG1",0.00890350798714474,0.610403275872627,-0.084807220841858,49.9326401419283
"SL18-JS-11-MG3",-0.0489622617883731,-0.396349245193837,-0.132715928082355,-1.11882029474257
"SL18-JS-9-MG2",-0.0724530212996288,-1.034569262506,-0.0178169706435293,-13.3069242638243
"SL18-JS-19-MG1",0.0122348238001529,0.0595987460149052,-0.0447993600737742,-9.53784353369457
"SL18-OD-3-MG1",-0.0147021112388387,-0.289850084782037,0.0350076039960788,-17.5098515027832
"SA18-CB-3-MG1",0.0442133384744874,0.648853127019063,-0.0187080085115933,7.75378215081177
"SL18-OD-6-MG3",-0.00102308360667379,-0.255289853927085,0.0375824823339035,-3.64536586142122
"SA18-CB-3-MG2",0.0147145699946749,0.457094629301278,-0.192205016050811,15.0329054384475
"SL18-NC-12-MG1",-0.042075367140902,-0.584992593986684,-0.0196963778611242,-5.95565867383099
"SL18-JS-11-MG2",-0.0709042403695514,-0.676183008574204,-0.103575692686512,0.719971833984789
"SL18-CC-6-MG2",0.0237726352519893,0.247296643061292,0.0370420996832828,-10.8216700262898
"SL18-OI-17-MG1",-0.0167992226037615,-0.273856492604033,0.00666600661845537,-11.690308630658
"SL18-CC-7-MG1",-0.0153220889021088,-0.462978076828257,-0.130332948602057,13.4585901481812
"SL18-JS-6-MG1",-0.0108565156817352,-0.521216143960758,0.455898517725364,-10.515721983972
"SL18-LD-13-MG3",-0.0227077384292651,-0.421742021988369,0.074655560691586,-1.24330760776837
"SL18-OI-16-MG2",-0.0419481697756099,-0.741515875652186,0.0856908587174147,1.51348403920929
"SL18-LL-9-MG4",0.00751273487246728,-0.0879575391193133,-0.00839920930312968,17.8430124267091
"SL18-NL-7-MG2",-0.0371405897530228,-0.487749872321179,0.0748632932333548,-16.6184920734319
"SL18-NC-11-MG2",-0.048260625093243,-0.724971765983354,-0.0265315707117909,-1.52706160348853
"SL18-LD-1-MG1",-0.00418326470106862,-0.509946567642966,0.254042553163249,-24.7825913985753
"SL18-OI-11-FG1",0.0237274005542878,0.31578055142303,0.0154810597073262,1.08614957736618
"SL18-OI-17-FG2",-0.0151409646605548,-0.224719399217446,-0.020842420967618,-23.7345827595466
"SL18-OI-18-FG3",-0.00741165069452312,-0.243570221076542,0.101350360636981,-31.4982612440521
"SL18-OI-18-FG5",-0.00806129410036841,-0.394783941901277,0.186210688021791,-28.0876849677898
"SL18-OI-18-FG6",-0.00592769683397983,-0.200573107170012,0.0820171330657305,-15.8125135731631
"SL18-OI-7-FG3",0.0239726581481331,0.262403102441304,-0.00698747067787863,14.660864970869
"SL18-SF-17-FG1",0.0106592492598011,0.0816299349739629,0.0199713243088158,-14.0496868405325
"SL18-SF-17-FG3",0.0132788347395143,0.114070127176926,-0.024896897796913,7.81736497187276
"SA18-CB-10-FG2",0.0589895364719302,1.12646385393506,-0.0636703094397436,14.580437008829
"SL18-LD-1-FG3",-0.0220351907650791,-0.588183450656754,0.200105239380709,-13.1879171914682
"SL18-LD-4-FG1",-0.00655632415802163,-0.184765280216698,0.0451486848189643,0.916712901948462
"SL18-LD-4-FG2",-0.00819800533830801,-0.20915433287791,0.100546235669441,-11.757695447648
"SL18-LD-5-FG1",-0.0115846289207727,-0.212622656904217,0.0375026587888992,-19.9919111937868
"SL18-NL-10-FG3",-0.018237362830229,-0.254041280810437,0.0105186631122248,-4.59856534023014
"SL18-NL-3-FG2",-0.00822190374347002,0.0203061594480119,-0.0829611482002837,11.4339433896223
"SL18-OI-5-FG5",-0.0445420671125686,-0.533174411322922,0.10133510257465,-11.3463851234711
"SL18-NC-11-FG1",-0.0467173553932125,-0.645243405662958,-0.0259634052726349,-7.32962013306401
"SL18-CC-11-FG3",0.0967583826897519,1.58902339839037,-0.102312392638114,53.7404899031549
"SL18-CC-1-FG3",-0.00709515483748996,0.0274973069452834,0.0131106515819518,2.10185802591582
"SL18-OD-5-FG3",-0.0345676148589339,-0.405476905806951,-0.0248525123006586,-2.71707932196799
"SL18-LL-9-FG6",-0.0443201901087176,-0.557409164921456,-0.0279445604224869,1.0713849119742
"SL18-OI-15-FG2",0.0340439604216566,0.37224591814962,0.00778288105979666,11.4411793258638
"SA18-CB-5-FG4",0.0166061895971902,0.109308011023282,0.0233857515128457,-11.6400097160914
"SL18-OI-4-FG2",0.0600722418015128,0.295151853342601,0.132114401258666,35.4874787134631
"SL18-CC-8-FG2",0.0176456733036634,0.34089954169963,-0.0895415510991969,6.85340099442334
"SL18-OI-6-FG3",0.0443562268791905,0.211884026417951,0.428053849732607,-9.05814623919304
"SL18-CC-9-FG3",-0.0146387584205744,-0.170306119808511,-0.0511213432091347,-3.04611022360785
"SL18-NC-9-FG2",-0.0191667201145632,-0.201289695414014,0.0468100026558266,1.80525309475473
"SL18-LD-9-FG4",0.00345996354530282,-0.0542195772633551,0.0501733465818959,-5.4012419770196
"SL18-OI-9-FG4",0.00283951223673437,-0.238843534921721,0.0796695672845608,4.49796929941956
"SL18-CC-6-FG2",0.0359173763612204,0.575471230138866,-0.0476409938143148,0.518646272082389
"SL18-NC-1-FG1",-0.0400856483908789,-0.50340815929365,-0.012688069984841,-3.88994721530501
"SA18-CB-5-FG6",0.022778503761782,0.205310471049915,0.0167450077695206,-13.4425848004067
"SL18-CC-6-FG1",0.0201231397105052,0.387300396787364,-0.00606599938109576,-10.2082274320686
"SL18-JS-5-FG2",-0.0402836034387203,-0.366015552321074,-0.135403694214257,-7.74574279313578
"SL18-CC-10-FG4",0.0444671147833816,0.424224161463788,0.0207412083852965,-2.9045119779526
"SL18-NC-5-FG3",-0.0532480361019179,-0.526068629131209,-0.0845136432312209,-2.38211147379585
"SL18-OI-16-FG2",-0.0428729217053575,-0.665335256656569,0.0495513000273047,-0.903841803519034
"SL18-SF-13-MG2",0.0280456521941705,0.213487719959021,0.0911723552585443,6.5872586964378
"SL18-LD-10-MG1",0.0121346952817382,0.0923066385617693,0.0462888527642163,5.45765963097837
"SL18-LL-9-MG1",-0.0314858876272339,-0.464887424840231,0.0490811933546646,-19.3405269508541
"SL18-LD-1-MG2",-0.0210725224777086,-0.520455106484495,0.147919252293743,-22.365462525018
"SL18-LD-5-MG1",-0.0150944356905179,-0.0968111002646255,-0.0261931444465634,-10.40899784506
"SL18-LL-9-MG2",-0.0195939064598881,-0.261812839358521,-0.0465991933351774,3.95585616368253
"SL18-NL-9-MG2",-0.0379121011954329,-0.38005846946427,-0.101082491343179,-13.3168937114828
"SL18-JS-16-MG1",-0.0389000487745842,-0.534656729876725,-0.0369907877567887,-15.7869599436507
"SL18-CC-8-MG2",-0.0231020088260533,-0.183420711970193,-0.0683478946741044,0.76325755906709
"SL18-OI-9-MG2",-0.0189850248427449,-0.321055760207066,0.0533213221607246,3.25901526914437
"SL18-LD-2-MG4",-0.0257508505615825,-0.550025613243075,0.190441103726428,-29.131603002894
"SL18-NC-9-MG1",-0.0109553661268318,-0.172991730036023,0.060409051425066,-1.72921475716243
"SL18-NC-5-MG1",-0.0643125689358152,-0.673440562091591,-0.0857760225196757,-9.82612771804177
"SL18-OI-16-MG3",-0.0779221023073419,-1.14143012915701,0.0649990551545642,-14.4749956370206
"SL18-OI-15-MG3",0.0139589487264625,0.228453083485958,-0.00256208870181544,11.3115184632496
"SL18-NC-2-MG3",-0.00764692132931146,-0.085385107217171,-0.109630639960634,26.378130796791
"SL18-CC-11-MG5",0.080784224475717,1.28643671219748,-0.0961855752824917,38.1872841070959
"SL18-JS-9-MG3",-0.0651759904520395,-0.818531568646989,-0.0147257417251855,-8.5401946975473
"SL18-NC-10-MG2",-0.0634887034164805,-0.783567335029116,-0.183662293862525,0.373095865704403
"SL18-OI-11-MG3",0.030851939445997,0.449367288882279,0.0215231182719263,2.14120757164573
"SL18-OI-18-MG3",-0.033944150995872,-0.596225432193781,0.11583738837111,-23.8668190609847
"SL18-NC-15-MG3",-0.0232336131670846,-0.295957576736944,-0.0394452400452748,53.5339727939225
"SL18-NC-5-MG3",-0.0681839541972598,-0.682734679402834,-0.102716116114556,-10.5881135704098
"SL18-NC-12-MG3",-0.0595670179973892,-0.717457673018585,-0.0341923379810147,-8.72655128318729
"SL18-CC-1-MG2",-0.00503025017637306,0.0445487358068219,-0.0086253872085818,-4.17469020994193
"SL18-CC-2-MG5",0.0327523875286294,0.799572889013256,-0.115703661713454,-5.70025488737057
"SL18-OI-7-MG3",0.0649061026915085,0.708596630610168,-0.0178555653095559,18.2691092650382
"SL18-NC-8-MG2",-0.0584469876869898,-0.729325674227885,0.0102372858078603,-14.8763480603098
"SL18-OI-5-MG3",-0.0345691739410719,-0.37266582440812,0.0694828029561033,-13.5666509285352
"SL18-NC-2-MG2",0.0206179952982096,0.302038804962003,-0.0423747971522222,20.9881059642999
"SL18-FW-2-MG2",0.0266556821648552,0.40482737424053,0.00925817521356211,8.4463622310562
"SL18-PI-1-MG1",0.00176328710472755,0.0346227288072588,-0.0301925379506448,4.45713648673586
"SL18-PI-1-MG2",0.00918417909572196,0.156216290275573,-0.0279836926579217,3.51912093228187
"SL18-PI-1-MG4",0.0189670102509738,0.273094357085228,0.00042455736492093,8.39122492102923
"SL18-CC-6-MG11",0.00889590692159687,0.1641782240237,-0.00896615724764432,-6.91265817378876
"SL18-NL-3-MG1",-0.0420188428801295,-0.484562937849439,-0.0639752024344795,-8.83638487976566
"SL18-TI-1-MG2",0.0150418473745975,0.223680626203542,0.000261459079045109,4.3332038515669
"SL18-TI-2-MG3",0.00894240087338162,0.139474881815374,0.0101403209115106,2.99365638774893
"SL18-TI-3-MG11",0.0158671718873264,0.260877707998633,0.00894591450381324,2.30188976247091
"SL18-TI-4-MG1",0.0216294983176141,0.318493713086808,0.0186883717333342,7.7191804086745
"SL18-TI-4-MG3",0.0121997463222286,0.198345378494346,0.000328151395288874,6.03186225200183
"SL18-BL-10-MG2",0.0199504704444584,0.281844056413678,0.0135088015721304,11.0177859196509
"SL18-BL-11-MG4",0.0173313494540333,0.24244736252364,0.00826638130908559,4.01438611928197
"SL18-BL-12-MG1",0.0227300330499834,0.283338051900874,0.021197412586548,6.1571385093852
"SL18-BL-12-MG3",0.0234538793349605,0.280817885881649,0.0299128910577565,4.48911184865641
"SL18-BL-17-MG3",0.00925720882748613,0.127339852264343,-0.00111364556877458,7.82342670802531
"SL18-OD-3-MG3",-0.0217391176893109,-0.325120325073057,0.00129153374524531,-10.8197429322459
"SL18-OD-5-MG2",-0.0274663295579434,-0.290819199151313,-0.047120193871718,-1.46489437317572
"SL18-OD-10-MG3",-0.00466580648948839,-0.0310121877497138,-0.000300913427344375,-9.07493670049571
"SL18-FW-14-FG2",0.0168386141153384,0.252733865397447,-0.00426033860142318,1.93134755496361
"SL18-FW-14-FG11",0.0225509775314816,0.347337978153997,-0.00179751170487587,6.83991908583486
"SL18-FW-14-FG12",0.0178376324187272,0.244512879181044,0.0133112437037825,3.99840775128508
"SL18-FI-1-FG3",0.0199729103234095,0.281933280981249,-0.0278851621036793,11.002505839763
"SL18-FI-1-FG13",0.0190360089935891,0.272006405880944,-0.0135977755266854,8.69670376492666
"SL18-PI-1-FG1",0.00942406040202642,0.147019522154436,-0.0150158408281548,4.6742292496267
"SL18-PI-1-FG3",0.0144817307206721,0.252383515900463,-0.0208870839000897,6.13934915657684
"SL18-JS-6-FG3",0.00120768729133268,-0.194092575578985,0.173509113803735,-5.71919580680766
"SL18-JS-9-FG2",-0.0515107863882014,-0.658287028954152,-0.0415465954193778,-6.36837334020287
"SL18-NL-2-FG2",-0.0474329642680847,-0.681722063283608,-0.031888511072053,-10.2428882803277
"SL18-NL-6-FG2",-0.00877720908219506,-0.0859830955217106,-0.0494667862964132,22.5649261159548
"SL18-NL-7-FG3",-0.0444070031726339,-0.557559083695951,0.0185607050485692,-15.8180643175612
"SL18-TI-4-FG3",0.0137432230024512,0.238829194860315,-0.0317805246995535,2.8530935716762
"SL18-BL-18-FG10",0.0123719649958406,0.191838334134891,-0.0173916342820194,2.67193607416782
"SL18-FW-21-MG1",0.0093948677088613,0.135965741677159,-0.0109565092818494,5.35570568509472
"SL18-FI-2-FG11",0.0163555080831645,0.258434783111487,-0.0259651719345397,4.77011478735195
"SL18-FI-2-FG12",0.00728585506953125,0.111892958068813,-0.00190080235121393,0.870025927584447
"SL18-LD-3-FG3",-0.00573957359722986,-0.144128229308879,0.0502642513911653,-6.17821790113932
"SL18-CC-7-MG2",-0.0317877262851915,-0.516755041598555,-0.0954191996144527,-2.58890447543217
"SL18-FI-1-MG2",0.0207610749939714,0.276973397750807,-0.00238707892275415,6.32986023226902
"SL18-JS-11-FG4",-0.0466436082746584,-0.435361590160108,-0.0848612049930439,1.77748810958384
"SL18-FW-12-MG10",0.00450382733727594,0.108134760479473,-0.0245143953121429,-1.49982559385794
"SL18-BL-14-MG1",0.0116029422301105,0.163454290879905,0.00588754504219315,1.31595579297113
"SL18-FI-1-MG10",0.0188490636890712,0.27320846721902,-0.0114817860390118,5.28637604797258
"SL18-LD-5-FG2",-0.0186088378747723,-0.281351345842042,0.0191923487510098,-13.7490082349996
"SL18-FW-21-MG2",0.0256807002344924,0.392703701351472,0.00941620589496648,8.18747866783256
"SL18-LD-9-MG2",-0.0182645753044672,-0.406621879114155,0.107283219889179,-23.8792295616157
"SL18-BL-16-MG2",0.0227885430399109,0.274612478662645,0.0494271580320139,6.29878720083582
"SL18-FI-2-MG1",0.0208893509125932,0.288950220449903,-0.00255047105699303,9.68756124125998
"SL18-FW-12-MG2",0.0256887759506657,0.392227711415724,0.00954940576661727,8.1536952153135
"SL18-BL-17-MG2",0.0146310505271948,0.163368668222401,0.0331282339858769,7.34964537822785
"SL18-BL-18-MG3",0.014586213747039,0.158288551376283,0.00615630417866045,6.70033170030915
"SL18-OD-3-MG2",-0.014748678338811,-0.2543996318061,0.0198561652326648,-11.481930012665
"SA18-CB-5-FG1",0.0252985800021942,0.277125203389338,-0.0122572098256406,10.1519308921748
"SA18-CB-7-FG3",0.083214327077878,1.34101654925553,0.00823734687743548,10.7595127689885
"SL18-JS-16-MG2",-0.0636039882442253,-0.839912267810663,-0.0332772275264677,-15.8713397463112
"SL18-CC-8-MG3",-0.0187394086251518,-0.157728735702907,-0.0627740694861619,-0.415776131035
"SA18-CB-5-FG5",0.0254818303528815,0.28273699798686,-0.0128315435525293,9.53401664890302
"SL18-LD-10-FG3",0.0084233819041838,0.0534604129431279,0.0271686237229891,6.20435158749116
"SL18-NL-10-FG2",-0.0109155631313289,-0.316715867108232,0.0609373698243335,-1.11911103907405
"SL18-NC-11-MG3",-0.0439825945557294,-0.620763060779865,-0.0178757054700692,-6.20097717084123
"SL18-CC-9-MG4",-0.0125928334838974,-0.166457325368914,-0.0467178602486172,-2.38019247250754
"SL18-BL-10-FG2",0.0148363896388897,0.270392151138325,-0.0176054300110775,3.3301776029415
"SL18-BL-10-MG1",0.0107124886348846,0.203995200122896,-0.00671210692555844,4.01739568708876
"SL18-BL-15-FG1",0.0118511988365645,0.155448301064217,-0.00323780425165553,3.62575737755529
"SL18-BL-12-MG2",0.022688182151817,0.28195560788806,0.021979412754427,5.8636480097855
"SL18-NC-15-MG4",-0.045657526702237,-0.551692295290756,-0.0511376739589727,18.3350397229178
"SL18-BL-16-FG3",0.0215496268416172,0.302470520076392,0.0292971597535931,0.142619842302854
"SL18-LD-1-MG3",-0.0294829174712844,-0.780143249432938,0.206989223758279,-25.8079175878253
"SL18-FW-12-MG11",-0.00101504586026992,0.0724745374177641,-0.0405722085440633,-0.781993144038592
"SL18-CC-2-FG1",0.00737869813595212,0.334725839104249,-0.0680644177108187,-4.05334262680206
"SL18-SF-18-FG1",-0.0114345790725387,-0.264546790227142,0.0885489175635994,-3.66115418879774
"SL18-BL-11-FG1",0.0150569040012956,0.211700783699839,-0.00466519243520093,6.8531745747937
"SL18-BL-13-MG1",0.0160742724872187,0.239997927922235,-0.0163497643014479,7.038570317911
"SL18-BL-14-FG3",0.0168334766548738,0.269158076886129,-0.00619816933544791,4.80002489721492
"SL18-BL-17-FG3",0.00652317500617185,0.11188000831527,-0.000316060192999821,1.67888163590488
"SL18-CC-9-FG1",-0.0064066775029486,-0.29274831230957,-0.0935935058487336,-1.05439805698695
"SL18-FI-1-FG10",0.0206296689891478,0.281868210114551,0.000685796671118056,7.46266887034526
"SL18-FI-1-FG11",0.0195596760219448,0.288796789378219,-0.00511705870116457,4.17618689111866
"SL18-FI-1-FG12",0.014867150697309,0.230248754533535,-0.00771694325934458,3.39156848309561
"SL18-FI-2-FG10",0.0132834348404288,0.196838030980782,-0.0164797024950175,6.15284588144084
"SL18-FW-12-FG10",0.0051913428424909,0.137768792792245,-0.0202111273316868,1.53117963908268
"SL18-FW-14-FG13",0.0114087508659971,0.175093227197845,0.00501261685841249,1.28317193938508
"SL18-FW-2-MG1",0.01728434329033,0.282402333545735,-0.00425648957817465,7.08091560482255
"SL18-JS-5-MG1",-0.0121874505519862,-0.108671597806728,-0.109591789013996,6.45506136123491
"SL18-LD-13-FG1",-0.0134232851612691,-0.28134870426209,0.0621189379041963,4.09469728292758
"SL18-LD-2-FG3",-0.031627101005245,-0.59717345747543,0.171924389839784,-23.6319201306856
"SL18-LD-9-FG1",0.00868156550600168,0.14866865411306,-0.0438166565376456,1.57091936186973
"SL18-TI-3-MG2",0.0115321741900799,0.194806763541293,0.00412110117651978,4.49264255415551
"SL18-LL-9-FG1",-0.0254512568984974,-0.375415489159947,0.0191833412410053,-2.89374383002264
"SL18-NC-1-FG3",-0.0369957438761893,-0.484224358013111,-0.0137913476678374,-4.08016709960722
"SL18-NC-8-FG2",-0.0369471838188047,-0.43535195424429,-0.023902997003313,-6.84256284269054
"SL18-NC-10-MG1",-0.0539669800037401,-0.646987264021015,-0.148522667903084,-2.46792932502288
"SL18-NC-11-FG3",-0.0314984396697136,-0.40999461602577,-0.0465826877090871,-1.25992444181238
"SL18-NL-6-FG3",-0.00786760992521761,-0.0552274094985802,-0.0620966418883628,27.6283074227508
"SL18-NL-9-MG3",-0.0320045614696581,-0.378338556004744,-0.040718336648965,-7.38038394802096
"SL18-NL-6-MG2",0.0120150566201062,0.171952288126152,-0.0501380829301729,35.5359995034509
"SL18-OD-5-MG1",-0.0347395448734047,-0.425850430949335,-0.0302223035170279,-3.48764365503149
"SL18-OI-16-FG1",-0.0350319417078493,-0.524246261228499,-0.00565614734206846,-2.40174076190306
"SL18-OI-4-FG3",0.0142635464266645,0.00752056834917316,0.0075462975680169,14.2808161312329
"SL18-OI-5-MG2",-0.0290293860925739,-0.373476817249382,0.0728480662300251,-11.267192249756
"SL18-OI-7-FG1",0.0391247093720153,0.481462062723972,-0.029049935576121,17.7864958891568
"SL18-PI-1-FG10",0.0127194873519771,0.178755622851986,-0.022117197730844,7.88268106184765
"SL18-PI-1-MG11",0.00123297405770035,0.0128967864599347,-0.00633918935455635,2.79798137209159
"SL18-PI-1-MG3",0.0170543814387953,0.268344304437447,-0.0130354824837295,4.20998388637672
"SL18-SF-13-MG11",0.0376378625926919,0.388068581715179,0.0439330062709702,9.93769355789658
"SA18-CB-5-FG3",0.0312367726412863,0.381040314665081,-0.0191148646814237,-20.5565575407788
"SL18-OD-10-FG2",0.0393351588581487,0.575914411482671,-0.0225550671650146,3.87644752357981
"SL18-TI-4-FG1",0.0163155338408769,0.30228285967119,-0.0196153598384412,3.69740168280128
"SL18-TI-3-MG1",0.0124724978367715,0.211190990739033,-0.0048960435343398,3.1837060786552
"SL18-TI-4-FG2",0.0168446332155666,0.264293921570237,-0.0078556686916982,3.55944896213075
"SL18-TI-5-MG3",0.0187597915508404,0.291009748540298,-0.00803283964684971,1.94637440175991
"SL18-BL-11-MG1",0.0200344443231481,0.278099672667551,0.00342256570317649,6.1554096571242
"SL18-BL-11-MG2",0.0200344443231477,0.278099672667548,0.00342256570317567,6.15540965712399
"SL18-BL-17-MG1",0.00760147560604283,0.100626602702755,0.00792506499974275,4.21250620958657
"SL18-FI-2-MG3",0.0193078680326602,0.279783587408826,-0.00340925641068989,5.85710748629748
"SL18-OI-11-MG1",0.0311710700279501,0.244536687146265,0.0850360073507799,0.462957281728875
"SL18-NC-9-MG3",-0.0101364738542169,-0.0930209911094056,0.0278395515516411,1.43099741632643
"SL18-NC-15-MG2",-0.0423328847749428,-0.492513368853537,-0.0510478896350535,18.9255554235166
"SL18-CB-2-MG1",-0.00000000000000000534769452263121,0.0000000000000000300043699879565,-0.000000000000000179770627536219,-0.0000000000000192237300086893
"SL18-CB-3-MG1",0.000000000000000240462345909428,0.00000000000000395947539466201,-0.000000000000000151325791677191,0.0000000000000340073037454315
"SL18-CB-3-MG2",-0.000000000000000139595706170012,-0.00000000000000216351472173076,0.0000000000000000602456064009066,0.00000000000000167987495480232
"SL18-CB-4-MG2",0.0000000000000000710312603823919,0.00000000000000244542244216318,-0.000000000000000244921583730462,0.00000000000004082627567535
"SL18-CB-4-MG3",-0.000000000000000193972720332057,-0.00000000000000141882135412077,-0.0000000000000000042753909624603,0.00000000000000765852316590161
"SL18-CB-7-MG1",0.0000000000000000666221840699716,0.00000000000000128023196037494,-0.000000000000000112946840172545,0.0000000000000891103309123357
"SL18-NC-8-MG1",-0.0340769836494642,-0.411773028480567,0.00369147612820573,-9.09326083062676
"SL18-TI-1-MG1",0.00751933604869311,0.111816639356675,0.000131298921456326,2.16605485450708
"SL18-TI-1-MG3",0.00751933604869312,0.111816639356676,0.000131298921456042,2.16605485450711
"SL18-TI-1-MG4",0.00751933604869314,0.111816639356675,0.000131298921456458,2.1660548545072
"SL18-TI-1-MG11",0.00751933604869312,0.111816639356675,0.000131298921456492,2.166054854507
"SL18-TI-2-MG1",0.00446948911826373,0.0697118890577352,0.00507073844605369,1.49623429077992
"SL18-TI-2-MG2",0.0044694891182638,0.0697118890577364,0.00507073844605346,1.49623429077997
"SL18-TI-3-MG3",0.00996591930860078,0.166688347559913,0.00204346194541643,2.49385908682453
"SL18-TI-3-MG14",0.00996591930860093,0.166688347559916,0.00204346194541679,2.49385908682455
"SL18-TI-4-MG2",0.0134538195263864,0.220349993307445,-0.00670525983546721,3.97627745410451
"SL18-TI-5-MG1",0.00937827499157815,0.145480649241052,-0.00401580615798048,0.972647473144822
"SL18-TI-5-MG2",0.00937827499157813,0.145480649241048,-0.00401580615797999,0.972647473144833
"SL18-NL-6-MG3",0.00607707528852858,0.0813492832518233,-0.0494672837338234,33.1503352274676
"SL18-SF-13-MG13",0.0205324864594703,0.143245023191176,0.0680033713501763,2.43892834833839
"SL18-TI-6-MG1",0.000000000000000267709075803617,0.00000000000000533465003363769,-0.000000000000000410681899178979,0.0000000000000139460471529859
"SL18-TI-6-MG2",-0.0000000000000000999166797180824,-0.00000000000000238445962617531,0.000000000000000424806589850056,0.0000000000000501676704525642
"SL18-TI-6-MG3",-0.00000000000000000982953972061246,0.000000000000000448665400866189,-0.000000000000000149378107278068,0.0000000000000394924633074103
"SL18-CC-1-MG11",0.00922402030130891,0.199664292930959,0.00148304049403561,3.45146145449255
"SL18-CC-2-MG6",-0.000939652589874853,0.265770388130668,-0.0800458979611277,-10.3792586924847
"SL18-CC-9-MG3",-0.00349046035408511,-0.0648149670875712,-0.0541842640341243,-0.657938930186523
"SL18-CC-11-MG6",0.0600902792002184,0.975784638580795,-0.0728414575273753,29.2153909191619
"SL18-NL-5-MG3",-0.00995708773865237,-0.156448315789891,-0.0162233957442708,-0.897931345447982
"SL18-OI-17-MG3",-0.0364551704565741,-0.789544014903856,0.0172526376208663,-23.360384527582
"SL18-OI-18-MG4",0.00343881753560373,-0.244215266492127,0.0937859147881382,-17.3859015113854
"SL18-FW-14-FG1",0.0186497449038926,0.267972162818748,0.00856925767176462,4.16448999348504
"SL18-FI-1-FG2",0.0200154485445552,0.279049871636201,-0.00302066799483862,6.34368108279846
"SA18-CB-1-FG2",-0.00180967717296775,0.0905704780651215,-0.00162496093777457,-0.13014763340552
"SL18-NC-15-FG2",-0.0685014095726849,-0.799575168342634,-0.0557562513008927,11.1461065048667
"SL18-OD-3-FG2",-0.0127982341010121,-0.217353705493161,0.014039060320849,-9.95313416640953
"SL18-OI-9-FG2",-0.00266585644732908,-0.148888958463876,0.0416937609892528,4.60861729748876
"SL18-OI-15-FG3",0.0266475606366105,0.368129115711802,-0.0088298310991219,9.45048915382985
"SL18-BL-18-FG11",0.00898490346446665,0.116691871822087,-0.00374471128412171,3.12369454742187
"SL18-FI-2-FG1",0.0193078680326599,0.279783587408823,-0.00340925641069025,5.85710748629741
"SL18-JS-6-FG2",-0.0180102301432123,-0.605592915753543,0.222065141371823,-6.79759485382638
"SL18-JS-19-FG5",-0.0263438273862656,-0.576336340368093,-0.0409885444449563,-23.9247727377506
"SL18-NC-15-FG1",-0.0562453909222227,-0.631783252903015,-0.0609257436293455,18.343925593596
"SL18-FW-21-FG2",0.0116905722489225,0.176204002618024,-0.000512989325367336,4.51394811574546
"SL18-FW-21-FG1",0.0116905722489227,0.176204002618027,-0.000512989325367989,4.51394811574554
"SL18-OD-1-MG4",-0.000000000000000051666645684175,-0.000000000000000920798277518555,0.000000000000000124324926121911,-0.0000000000000217100768572975
"SL18-OD-3-FG4",-0.0127982341010123,-0.217353705493166,0.0140390603208501,-9.95313416640963
"SL18-OD-4-FG4",0.0000000000000000525833273111111,0.000000000000000329155003787607,0.000000000000000230083731828836,-0.0000000000000452146986531172
"SL19-LR-5-FG1",-0.000000000000000115902519171425,-0.00000000000000140950545349145,-0.000000000000000116010944575077,-0.0000000000000568366391550427
"SL18-FW-21-FG4",0.0116905722489227,0.176204002618024,-0.000512989325366825,4.51394811574542
"SL18-TI-3-FG4",0.00996591930860103,0.166688347559916,0.00204346194541639,2.49385908682459
"SL18-TI-3-FG5",0.00996591930860095,0.166688347559915,0.00204346194541694,2.49385908682454
"SL18-TI-3-FG6",0.00996591930860097,0.166688347559917,0.00204346194541605,2.49385908682459
"SL19-LR-5-FG2",-0.000000000000000131456976526067,-0.00000000000000149060399613363,-0.000000000000000304429562144058,0.0000000000000623633196137761
"SL19-LR-2-MG2",0.0000000000000000935420360632219,0.00000000000000152872872298051,-0.000000000000000165959638792079,0.0000000000000828530088510696
"SL18-OD-6-FG2",-0.0104065603379458,-0.311725665699758,0.0217631262162289,-0.391409945914502
"SL19-LR-2-FG1",0.0000000000000000555572521132731,0.000000000000000505819537608724,0.0000000000000000800262710324361,0.0000000000000268223927286126
"SL18-DB-6-FG1",-0.0000000000000000640269509126627,-0.0000000000000014214833671369,0.0000000000000000973823701584859,-0.0000000000000374509259763371
"SL18-FI-2-FG5",0.01930786803266,0.279783587408825,-0.00340925641069039,5.85710748629749
"SL18-FW-12-MG5",0.00687262470574493,0.142103795144008,-0.0151492045199219,1.48021794775791
"SL18-FI-1-FG4",0.0200154485445546,0.279049871636194,-0.00302066799483904,6.34368108279826
"SL18-FW-12-MG6",0.00687262470574476,0.142103795144006,-0.0151492045199216,1.48021794775786
"SL18-FI-2-FG7",0.0193078680326603,0.279783587408828,-0.00340925641069054,5.85710748629745
"SL18-FW-21-MG5",0.0116905722489225,0.176204002618024,-0.000512989325367597,4.51394811574553
"SL18-FW-12-FG4",0.00687262470574499,0.142103795144008,-0.015149204519921,1.48021794775786
"SL18-FW-21-MG4",0.0116905722489229,0.176204002618027,-0.00051298932536759,4.51394811574548
"SL18-FI-1-FG6",0.020015448544555,0.2790498716362,-0.00302066799483921,6.34368108279834
"SL18-OI-6-FG6",0.0411495421633922,0.363660261360051,0.205897148299005,-13.4938216554973
"SL18-CC-4-MG4",0.00271593948668898,0.108090467668182,-0.0322747465728202,-2.80098061182331
"SL18-FI-2-FG4",0.0193078680326601,0.279783587408827,-0.00340925641069057,5.85710748629764
"SL18-FW-2-MG4",0.0220437458181446,0.329565602043352,0.00315852260899346,6.62138665923617
"SL18-JS-19-FG6",-0.0279930587593313,-0.45227893071512,-0.0408701879370614,-18.0913343791607
"SL18-JS-9-MG4",-0.0518331430579992,-0.700758885021252,-0.0255751915511439,-5.91102343321405
"SL18-PI-1-MG5",0.00942406040202622,0.147019522154435,-0.015015840828155,4.6742292496267
"SL18-NL-5-MG5",-0.00995708773865227,-0.15644831578989,-0.0162233957442711,-0.897931345447907
"SA18-CB-10-FG6",0.111078494530877,2.172387785544,-0.0919347166842716,36.1988262952392
"SL18-TI-2-MG5",0.00446948911826399,0.069711889057741,0.00507073844605271,1.49623429078018
"SL18-LD-2-FG5",-0.0297735480313123,-0.611394850770852,0.205580262060777,-25.6068244275213
"SL18-CC-9-FG6",-0.00349046035408513,-0.0648149670875702,-0.0541842640341246,-0.657938930186542
"SL18-LD-3-MG6",0.0000339076275821231,-0.0905222466845605,0.0659887051965883,-4.38049560326862
"SL18-OI-15-FG4",0.0266475606366104,0.368129115711799,-0.0088298310991217,9.45048915382971
"SL18-OI-5-MG4",-0.0246439127599153,-0.289765697404024,0.0663067800126771,-9.05465034164921
"SL18-BL-13-MG3",0.0211178557611795,0.308498922900569,-0.00151088642921496,6.46767710430392
"SL18-BL-16-MG3",0.025758458801709,0.347965430057672,0.0301883068545245,4.3820080457605
"SL18-CB-7-MG3",0.000000000000000102542073540847,0.00000000000000137987015231056,-0.000000000000000125273122292286,-0.00000000000000881328337009854
"SL18-CB-10-MG3",0.0000000000000000606057703307967,0.000000000000000775298181299714,0.0000000000000000451699901625869,-0.0000000000000407778628593605
"SL18-OI-4-MG2",0.00847738298186327,-0.172680285493166,0.0929088343836348,8.17201165152483
"SL18-OI-7-MG2",0.0585597055081289,0.727110965513743,-0.0022552672502991,8.64710911161072
"SL18-OD-10-MG1",0.0384699526902284,0.616992519543111,-0.017209634200258,-5.40963768021324
"SL18-OD-10-MG2",0.000893067362489017,0.116369828215254,-0.0223633970939771,-3.37941420117806
"SL18-BL-11-FG2",0.0200344443231478,0.278099672667548,0.00342256570317635,6.15540965712415
"SL18-BL-12-FG1",0.0205136350709624,0.269834068359956,0.0149515361419331,5.15127150876715
"SL18-NL-5-FG3",-0.00995708773865246,-0.156448315789893,-0.0162233957442706,-0.897931345447974
"SL18-BL-11-FG3",0.020034444323148,0.27809967266755,0.00342256570317629,6.15540965712412
"SL18-NC-12-FG1",-0.0536853384916167,-0.662633306331006,-0.0196428429648437,-10.0595389525369
"SA18-CB-10-FG1xSL18-SF-19-MG2",0.0840403703397213,1.74304630662574,-0.0445432223695985,56.7417917930325
"SL18-LD-10-FG1xSL18-OI-4-MG1",-0.00523283732579119,-0.565435441553146,0.165550860279494,-7.46902513426295
"SL18-NL-6-FG1xSL18-OI-11-MG2",0.0835529733471135,0.825163642291502,0.063733023394977,84.5571483948001
"SL18-NL-6-FG1xSL18-OI-14-MG2",0.0694071782133565,1.09880425168411,-0.0329905736899314,67.7126037749606
"SL18-NL-6-FG1xSL18-OI-15-MG1",0.0799808989797246,1.23811704967892,-0.157751994195938,103.338887173733
"SL18-NL-6-FG1xSL18-OI-16-MG1",0.0104307978855053,0.0932420019049819,-0.0741721139017677,99.9825796255924
"SL18-NL-6-FG1xSL18-SF-17-MG1",0.0717006162202624,0.890359125073382,-0.0545215160254632,69.2578521379393
"SL18-NL-6-FG1xSL18-SF-19-MG2",0.0723385360112746,1.23533928373876,-0.0582872938684913,127.246906503434
"SL18-LD-10-FG2xSA18-CB-7-MG2",0.0933221140678929,1.09262033216214,0.0914290072858316,42.6534782292167
"SL18-LD-10-FG2xSL18-NL-3-MG2",-0.0504481808312753,-0.759351090173694,0.0650845293752504,-15.8049038803433
"SL18-NL-9-FG2xSA18-CB-7-MG1",0.0530833237214558,1.28312480345409,-0.166578303031791,39.9733307601725
"SL18-NL-9-FG2xSL18-SF-19-MG1",-0.0383558361782658,-0.469787047010995,0.104281501478128,44.2769884524948
"SL18-OI-11-FG1xSL18-SF-15-MG2",0.0429255058278865,0.543423469631657,-0.00125476261834536,10.9393334718613
"SL18-OI-15-FG1xSA18-CB-2-MG3",0.0561156623975334,0.663435525526467,-0.0463800955207857,8.73829118732771
"SL18-OI-15-FG1xSL18-NL-5-MG1",0.00788028257157634,0.0167741329546122,-0.0625024061207537,9.27995287723197
"SL18-OI-15-FG1xSL18-SF-15-MG1",0.048362933528183,0.613348330597479,-0.0757049120337058,39.7247630708902
"SL18-OI-16-FG3xSA18-CB-4-MG3",-0.00188304246297936,0.126823302997853,-0.106483659452297,-7.99702346186321
"SL18-OI-16-FG3xSA18-CB-5-MG3",-0.0283352374752301,-0.527487576410399,0.0727586799713597,-18.7075688015102
"SL18-LD-13-FG2xSL18-LD-13-MG2",-0.0471639233300738,-0.924975837558616,0.210114890521644,18.5268611130732
"SL18-OI-16-FG3xSL18-LD-3-MG2",-0.0258522932878146,-0.59793927390073,0.103884072837841,2.11501764362713
"SL18-OI-16-FG3xSL18-NL-6-MG1",-0.0239201063705319,-0.456525814353765,-0.0413749760212509,21.7029934563267
"SL18-OI-16-FG3xSL18-SF-17-MG2",0.00762745904063302,-0.143566228373076,0.0184636951520266,12.4779014105067
"SL18-OI-17-FG1xSL18-SF-13-MG2",0.0424201440334632,0.556868965890168,0.0536076892334687,9.51807333135008
"SL18-OI-17-FG2xSL18-SF-17-MG2",0.0105037518535612,0.0438868025609538,-0.0312134516831128,-16.893311332196
"SL18-OI-18-FG1xSL18-OI-9-MG3",0.0190223119217298,0.0595541622201584,0.0863455997076954,4.01256686410815
"SL18-OI-18-FG2xSA18-CB-7-MG1",0.0642874422515473,1.06507436250284,0.0923346140883277,-14.2212150206844
"SL18-OI-18-FG2xSL18-LD-10-MG1",0.00601675851575763,-0.161155159902334,0.143657393086496,-21.0513624373399
"SL18-OI-18-FG2xSL18-LD-9-MG1",-0.0085740022263571,-0.488047401494859,0.235172136365335,-52.288096036941
"SL18-OI-18-FG2xSL18-NL-2-MG2",-0.0502009042905406,-0.907265850021839,0.0784411962341078,-26.4653579606264
"SL18-OI-18-FG2xSL18-LD-2-MG3",-0.0437546788737442,-0.969234646516808,0.307216185350329,-57.8475739448218
"SL18-OI-18-FG3xSL18-LL-9-MG1",-0.0388975826718512,-0.708458454504159,0.150431735286169,-50.8388317274116
"SL18-OI-18-FG3xSL18-OI-7-MG1",0.0171194412562299,0.0917300257877891,0.0528634542653311,8.54725148691912
"SL18-OI-18-FG5xSA18-CB-4-MG3",0.00807292801961927,0.144211769953286,0.0508924406520014,-41.721322680162
"SL18-OI-18-FG5xSL18-LD-2-MG1",-0.0425110365266729,-1.13262528413638,0.440400393434686,-53.9446714765064
"SL18-OI-18-FG5xSL18-SF-15-MG2",0.0111368111851609,-0.16714124338592,0.169474985566061,-18.2345240077723
"SL18-OI-18-FG6xSA18-CB-1-MG2",0.0188534411562591,0.146782704493276,0.0465976099445215,3.51136294092195
"SL18-OI-18-FG6xSL18-NL-6-MG1",-0.0118305335401095,-0.244926310730025,0.0118074480160209,0.253903184894156
"SL18-OI-2-FG2xSL18-LD-1-MG2",-0.0292894959279705,-0.683437031167786,0.211125620331252,-48.6025898823889
"SL18-LD-1-FG1xSL18-NL-2-MG2",-0.0671451868946905,-1.15577179179426,0.102559724718396,-2.92302374638758
"SL18-OI-2-FG3xSL18-NL-9-MG1",-0.0667835881471558,-0.837122008057942,-0.151735444861078,-39.1642046235898
"SL18-OI-2-FG3xSL18-SF-17-MG1",0.00812935999695773,-0.110962809195161,0.106429314691123,-32.9687466798412
"SL18-OI-6-FG1xSA18-CB-2-MG1",0.0304084653564421,0.341389021601971,0.125225219176517,-32.9475608402159
"SL18-OI-6-FG1xSA18-CB-4-MG1",0.0117739517773304,0.355340022598001,0.0070292734602411,-56.0288825377214
"SL18-OI-6-FG1xSL18-LD-13-MG2",-0.0190274556428477,-0.377814883039691,0.224957342779687,-24.1809842803334
"SL18-OI-6-FG1xSL18-LD-2-MG1",-0.0272692452040271,-0.663964469168259,0.378731905455348,-69.1426871482105
"SL18-OI-6-FG1xSL18-LD-5-MG1",-0.00791397266062596,-0.0229347401002069,0.0983492000195224,-53.6947249631657
"SL18-LD-1-FG1xSL18-OI-18-MG1",-0.0430351459619197,-0.715040814896611,0.233018441120116,-28.9071760826586
"SL18-OI-6-FG1xSL18-NL-9-MG1",-0.0514392171014496,-0.619657314494102,-0.07354943895525,-73.3679191236622
"SL18-OI-6-FG1xSL18-SF-15-MG1",0.0333226307463845,0.384864369089865,0.104155633776404,-22.9035929367716
"SL18-OI-6-FG1xSL18-SF-19-MG1",-0.0138533182856431,-0.360499119810308,0.390368158819486,-26.694270498395
"SL18-OI-7-FG3xSA18-CB-2-MG3",0.0578675748448115,0.623478648445232,0.00195065632837124,4.05653120150065
"SL18-OI-9-FG1xSL18-LL-9-MG2",-0.0226297256539869,-0.423208966174539,-0.0257493446692144,11.1306937618186
"SL18-SF-13-FG1xSL18-LL-9-MG3",-0.00224879528562063,-0.325425848930758,0.25419948200173,-41.8783360695905
"SL18-LD-1-FG2xSA18-CB-4-MG3",0.031663471826176,0.61732234526062,-0.102661265287575,-0.696341210135857
"SL18-SF-17-FG1xSL18-LL-9-MG1",-0.0208266774257104,-0.383258269785129,0.0690526952299031,-33.3902545223742
"SL18-SF-17-FG3xSA18-CB-10-MG1",0.0540135186293413,0.985369867989636,-0.108268479539516,9.37490828980704
"SL18-SF-17-FG3xSA18-CB-3-MG3",0.0766737036975486,1.28338254569796,-0.137359736985345,46.6234717235186
"SL18-SF-17-FG3xSL18-LD-2-MG1",-0.0211708909970582,-0.623771008381611,0.229292745831924,-18.0396067561733
"SL18-SF-17-FG3xSL18-NL-10-MG2",-0.014548216621596,-0.281241945887383,-0.00138268182888283,7.84819092341795
"SL18-SF-17-FG3xSL18-NL-2-MG3",-0.0211301750723891,-0.389954732078834,-0.037527855152681,-3.20377973161225
"SL18-SF-17-FG3xSL18-NL-9-MG1",-0.0453408538901416,-0.57946368500963,-0.222988632141391,-22.264837948983
"SL18-SF-17-FG3xSL18-OI-7-MG1",0.0378099412003143,0.449370495776931,-0.0733838275267786,47.8629099578389
"SL18-SF-17-FG3xSL18-OI-9-MG3",0.0191321098295562,0.0909374362007119,0.0297312470305625,15.9290481327194
"SA18-CB-10-FG2xSL18-LL-9-MG1",0.0275036231054645,0.66157589801284,-0.0145889889779318,-4.76012368734192
"SL18-LD-1-FG2xSL18-SF-13-MG3",0.0000999956300116272,-0.376712085517843,0.21321857830611,6.20434117039956
"SL18-LD-1-FG2xSL18-SF-15-MG1",0.0416713840116754,0.389314196223148,0.0122704079399512,33.3194172439085
"SL18-LD-1-FG3xSL18-NL-5-MG1",-0.0363756822887897,-0.873770081254017,0.192921309065028,-23.2506179282394
"SL18-LD-1-FG3xSL18-OI-11-MG2",0.00611042340360248,-0.620753821645262,0.378432961473036,-21.7753771016672
"SL18-LD-1-FG3xSL18-OI-15-MG1",0.00253831827695188,-0.207800711239079,0.156947905833376,-2.99366071903675
"SL18-LD-1-FG3xSL18-OI-16-MG1",-0.0670117884925708,-1.35267583767155,0.240527809629734,-6.34997781375236
"SL18-LD-1-FG3xSL18-OI-6-MG2",0.0165012549854975,-0.282735484106547,0.419401625484398,-25.479317180902
"SL18-LD-1-FG3xSL18-OI-7-MG1",0.00249589789174138,-0.252883552537768,0.151618487010685,26.8576090802368
"SL18-LD-1-FG3xSL18-OI-9-MG3",-0.0161819338693912,-0.611316608633361,0.254733567577609,-5.07625286135284
"SA18-CB-4-FG3xSA18-CB-4-MG3",0.0453157233740974,1.20679397441027,-0.236159462601641,-30.4840546380061
"SL18-LD-1-FG3xSL18-NL-9-MG2",-0.0599473452784383,-0.968242960525169,0.0990229324030281,-26.5048426095862
"SL18-LD-1-FG3xSL18-OI-15-MG2",0.0438280336888729,0.446433279358737,0.141019994400259,0.600695128522998
"SL18-LD-2-FG2xSA18-CB-3-MG3",0.030964246029053,0.488856614926043,0.19002196652172,-1.46267452965501
"SL18-LD-2-FG2xSL18-LL-9-MG2",-0.052024553913925,-0.9422693377777,0.255885788822973,-36.312959870466
"SL18-LD-2-FG2xSL18-NL-9-MG1",-0.0910503403497944,-1.3739900148293,0.104393110822495,-70.3510178285115
"SL18-LD-2-FG2xSL18-SF-19-MG1",-0.0534644301688393,-1.11483181390234,0.568310906001121,-23.6773429775852
"SL18-LD-3-FG1xSL18-NL-9-MG1",-0.0728835636631076,-1.02243591768852,-0.0836335871327871,-54.1329458226543
"SL18-LD-3-FG1xSL18-SF-19-MG2",0.00266732127938494,0.0487033380979215,0.170765637589835,10.0515362503963
"SL18-LD-3-FG2xSA18-CB-2-MG3",0.044888850140757,0.510767826467739,-0.0189678320798432,3.96220871601817
"SL18-LD-3-FG2xSL18-LL-9-MG2",-0.00859999050050525,-0.112120877363936,-0.0745051039906313,18.5224053914253
"SL18-LD-3-FG2xSL18-SF-17-MG3",0.0207822394098995,0.172022971840042,0.015531792714795,0.0972526353007806
"SL18-LD-4-FG1xSA18-CB-2-MG1",0.0166716735173646,0.082747294647068,0.045831557830742,11.2548835150085
"SL18-LD-4-FG1xSL18-NL-3-MG2",-0.0512068339251554,-0.788175497014032,0.0291402059217853,-16.7039285104594
"SL18-LD-4-FG2xSL18-LL-9-MG1",-0.039683931910786,-0.674042598068431,0.14962769466787,-31.0982505288568
"SL18-LD-4-FG2xSL18-SF-15-MG2",0.0110001041997038,0.0184884357527066,0.0838104857343572,-1.90452540328422
"SL18-LD-4-FG3xSL18-SF-17-MG1",0.0226981757394939,0.0490647187311819,0.0873619348222834,-27.8899625642827
"SL18-LD-5-FG1xSA18-CB-10-MG1",0.029150037770289,0.658676876156343,-0.045868891829274,-18.4344027108995
"SA18-CB-7-FG1xSL18-LL-9-MG3",0.119236467316389,1.52961331526818,0.170665134807019,-6.85888448347159
"SL18-LD-9-FG2xSL18-SF-13-MG3",-0.0201376379764002,-0.634948494051333,0.26962652115464,-42.1491818901521
"SL18-LD-9-FG3xSL18-NL-7-MG1",-0.036086637469087,-0.591860261502372,0.0717735732850555,-34.5998401546145
"SL18-LD-9-FG3xSL18-SF-17-MG1",0.0288534987182858,0.077631002901661,0.0977944486569931,-28.6533055952851
"SL18-LL-9-FG3xSL18-NL-9-MG1",-0.0964979914215873,-1.21793477626224,-0.32250322334033,-36.3011796304508
"SL18-NL-10-FG1xSA18-CB-4-MG3",0.0131509998126855,0.666571248805708,-0.215441602031567,19.0843852783509
"SL18-NL-10-FG1xSL18-LD-2-MG1",-0.0374329724970503,-0.610266167539584,0.174066473504673,6.86100561352959
"SL18-LD-10-FG1xSA18-CB-1-MG2",0.0382738186150823,0.444024713244151,-0.0091324675878355,21.615528829663
"SL18-NL-10-FG1xSL18-OI-15-MG1",0.0215902986988703,0.507958351660657,-0.12328066710569,42.9122485065538
"SL18-NL-10-FG1xSL18-OI-7-MG1",0.0215478803065905,0.462875611275023,-0.12861012889114,72.7635425499653
"SL18-NL-10-FG1xSL18-SF-13-MG1",0.0363332029278543,0.540217812706102,-0.0400086214835004,46.2232343744056
"SL18-NL-10-FG3xSL18-NL-3-MG2",-0.062887909549528,-0.857451892156579,-0.00548987282373001,-22.2192256209782
"SL18-NL-2-FG1xSA18-CB-1-MG2",0.0291357656743222,0.242650625902972,-0.0211111917120016,27.3606131325896
"SL18-NL-2-FG1xSL18-LD-13-MG2",-0.0218533050945271,-0.556396568840282,0.114723365321977,27.1414874125583
"SL18-NL-2-FG1xSL18-SF-17-MG1",0.0206478662357844,-0.0720800174555132,0.07438136096408,-15.8500188561699
"SL18-NL-2-FG3xSA18-CB-2-MG3",-0.01754227281864,-0.362350879709546,-0.0167642654831867,-42.7304372497612
"SL18-NL-2-FG3xSA18-CB-4-MG1",-0.0468437488466582,-0.441963290443773,-0.143215440454573,-44.8692873944492
"SL18-NL-2-FG3xSL18-LD-3-MG2",-0.0592721835805967,-0.909192675464044,0.0493469258659094,-35.647646242162
"SL18-NL-2-FG3xSL18-OI-16-MG1",-0.0964137515113846,-1.48791801467684,0.014719964920556,-25.2881272703296
"SL18-NL-3-FG1xSA18-CB-7-MG2",0.0483621150515665,0.73137101431566,-0.0784633070457605,25.5061657502176
"SL18-NL-3-FG1xSL18-OI-11-MG2",-0.022611996644415,-0.549759556703562,0.0895282050952797,-23.9189971459353
"SL18-NL-3-FG1xSL18-SF-13-MG2",-0.0227119783708795,-0.30370224050781,0.00237319018601991,-8.74430629005974
"SL18-NL-3-FG2xSL18-SF-17-MG2",0.0174228424666237,0.288912879140654,-0.0933322634232528,18.2752627099093
"SL18-NL-3-FG3xSA18-CB-2-MG2",0.023803254717107,0.276995157628199,-0.080621470858831,-2.02258137273015
"SL18-LD-10-FG1xSL18-OI-18-MG1",-0.00648023653739195,-0.116404121327323,0.137818476424934,-23.6488525085459
"SL18-NL-6-FG1xSA18-CB-3-MG3",0.118802234060486,2.02704638817998,-0.227057379896132,131.950737671199
"SL18-NL-6-FG1xSA18-CB-7-MG2",0.15452711966117,2.10629448819513,-0.104258416306719,133.982317518721
"SL18-NL-6-FG1xSL18-LD-1-MG2",0.0343348357019441,0.337278347325634,0.0333248570648026,70.7791393890897
"SL18-NL-6-FG1xSL18-LD-2-MG1",0.0209576522114204,0.119892994876397,0.139595022012209,67.2876422135204
"SL18-NL-6-FG1xSL18-LD-3-MG2",0.0475723788984856,0.671967619801784,-0.0395452130097655,89.6230781309152
"SL18-NL-6-FG1xSL18-NL-2-MG1",-0.0179116060471571,-0.339262009099101,-0.0668341334296895,81.3419194430529
"SL18-OI-11-FG3xSL18-CC-1-MG3",0.0892746692486771,1.05156182803175,-0.0646230376779412,-7.6329025581743
"SL18-JS-16-FG3xSL18-NC-10-MG3",-0.133691803583074,-1.48789542375644,-0.32520215984215,-25.550682778049
"SL18-OI-5-FG5xSA18-CB-7-MG3",0.060615507643539,1.22712832845582,0.151023542655356,0.858101283248136
"SL18-CC-1-FG2xSL18-OI-16-MG1",-0.026317924626529,-0.31425497757529,0.0264995771564197,5.40278381612037
"SL18-NC-11-FG1xSL18-NL-2-MG1",-0.120036413924654,-1.84224027088715,0.021796903211046,-19.1323312181806
"SL18-CC-5-FG2xSA18-CB-10-MG1",0.0697501594391739,1.39687265123762,-0.165555533280512,9.81021386545397
"SL18-CC-5-FG3xSL18-OI-14-MG1",0.0380536511720308,0.811516126347495,-0.180230824500916,-32.8576441867579
"SL18-CC-11-FG3xSL18-CC-3-MG1",0.147199684339506,2.32130878810209,-0.0966074145519612,51.5014457819922
"SL18-CC-11-FG3xSA18-CB-3-MG3",0.160153326443417,2.75833725655824,-0.214775346602398,92.5466705221332
"SL18-JS-16-FG1xSL18-CC-4-MG11",-0.0849365007175939,-0.979351666337405,-0.102114523565687,-22.4562821704518
"SL18-CC-11-FG3xSL18-JS-16-MG1",0.0578583714494209,1.05436727930002,-0.139303284347303,37.9535449898261
"SL18-NC-12-FG2xSA18-CB-4-MG3",-0.0623627155718197,-0.516693729905244,-0.15823232026407,-19.8038217906963
"SL18-OD-5-FG1xSL18-CC-8-MG2",-0.0771389691334079,-0.807005233631706,-0.114064523236784,-2.75096534584437
"SL18-CC-1-FG3xSL18-OI-9-MG2",-0.0260802075275394,-0.29355876367113,0.0664320046642661,5.36086905035757
"SA18-CB-9-FG1xSL18-JS-5-MG3",0.0549006044810345,0.547056562301229,-0.0821394162879661,8.92292131765768
"SL18-CC-5-FG1xSL18-JS-9-MG1",-0.0870512195045724,-1.10173695602106,-0.167069783477717,-22.8315381071905
"SL18-CC-12-FG3xSL18-OI-15-MG2",0.12846347291769,2.07781977213429,-0.132937407547757,35.168553104096
"SL18-SF-17-FG2xSL18-NC-1-MG1",-0.00715331213682397,0.0187609820380804,-0.0559144014765639,-2.18531349618263
"SL18-JS-5-FG1xSL18-LD-2-MG4",-0.102171804965682,-1.42627752573895,-0.0569410149205888,-39.0370662839851
"SL18-OD-5-FG3xSA18-CB-1-MG12",-0.0426458451481153,-0.458572529651782,-0.0431379108087587,-6.70924716815492
"SL18-CC-5-FG3xSL18-JS-5-MG2",-0.0275715865010609,-0.153119117943959,-0.406011833247755,-10.1165211265758
"SL18-SF-13-FG1xSA18-CB-7-MG1",0.0572448527085644,0.925548915341126,0.133444076744344,-4.58288272121835
"SL18-LL-9-FG6xSA18-CB-10-MG3",0.0273572161068335,0.711738366304455,-0.0692031420349896,16.2910431859164
"SL18-OI-15-FG2xSA18-CB-2-MG3",0.0679388933840728,0.733321543060706,0.0167210509469037,0.836842478855697
"SA18-CB-2-FG3xSL18-NC-9-MG1",0.0457435508896921,0.524880479741988,0.0263156090902867,11.4879603651931
"SA18-CB-5-FG4xSL18-CC-1-MG3",0.0516826177320305,0.561305172055878,0.0172690587403768,-14.287582974983
"SL18-CC-3-FG1xSL18-JS-6-MG3",0.140672184226227,1.51647513236305,0.259626429225967,-0.350180757132909
"SL18-JS-16-FG1xSL18-LD-2-MG2",-0.117375009984132,-1.88741150007453,0.251662672496695,-41.5090395298232
"SL18-NC-10-FG1xSL18-NC-5-MG1",-0.162484649006695,-1.80303848088557,-0.238493462069331,-20.939174233995
"SL18-OI-17-FG4xSL18-JS-6-MG2",0.0953373485347973,0.818838710647215,0.177631031983835,-0.883503823574848
"SL18-CC-1-FG2xSL18-OI-16-MG3",-0.0592634758866411,-0.691193604784392,0.0510763178516821,-15.9101886470455
"SA18-CB-2-FG3xSL18-OI-2-MG2",0.0247144634898586,0.0370354041954335,0.079989310273852,14.1399997071059
"SL18-CC-5-FG3xSL18-JS-19-MG2",-0.025120389158085,-0.320572699109346,-0.247174611606136,-29.3460970913229
"SL18-CC-3-FG2xSA18-CB-10-MG3",0.199391307903351,2.98361662847021,-0.0174593618241855,38.2641966787289
"SL18-CC-1-FG1xSL18-OI-16-MG3",-0.0843854313052825,-1.19203501665867,0.0816559888061715,11.5011492407529
"SL18-JS-16-FG3xSL18-OD-6-MG2",-0.105023289127017,-1.40037299081068,-0.0526163440434716,-21.2785485031718
"SL18-OI-4-FG2xSL18-NC-15-MG1",0.0211075113684958,-0.17829570030802,0.0729314271187902,60.0575085291664
"SL18-NC-12-FG2xSL18-OI-16-MG1",-0.123473558529326,-1.82018191305872,0.0175084363971492,0.667749371299528
"SL18-CC-8-FG2xSL18-JS-5-MG3",0.010302781624875,0.23892842639872,-0.19400497355173,3.12203228686635
"SL18-OI-4-FG2xSL18-JS-19-MG2",0.0172083296362412,-0.338063637284137,0.0797171413600136,16.8611656601917
"SL18-OI-6-FG2xSA18-CB-4-MG2",0.175437707234965,2.26666152821226,0.175282636476442,-1.22738592226486
"SL18-CC-3-FG1xSL18-JS-5-MG2",0.043245997054141,0.78721538192509,-0.178571092789986,3.94097717564098
"SL18-CC-3-FG2xSL18-OD-6-MG1",0.12458063866195,1.36470635068804,0.0415324483709663,27.5551091822424
"SL18-LD-13-FG2xSA18-CB-7-MG1",0.0494494019386636,0.845251854688597,0.104665960426498,11.7099219934445
"SL18-OI-6-FG2xSL18-LD-2-MG2",0.0729582166911497,0.307149110393468,0.538368165097409,-32.2695282701334
"SL18-CC-12-FG3xSL18-OI-15-MG3",0.0765591602301342,1.27165547728283,-0.0764140105449191,32.6914583451309
"SL18-CC-11-FG3xSL18-NC-2-MG3",0.0891114697260058,1.50363861618622,-0.211943239284787,80.1186525182975
"SL18-CC-12-FG2xSL18-OI-15-MG2",0.189480808910281,3.10836055846897,-0.204215090690127,57.3595996187777
"SL18-SF-17-FG2xSA18-CB-1-MG13",0.0740882896136057,1.1163922720859,0.00525351442308259,8.52851053547891
"SL18-SF-17-FG2xSL18-OI-4-MG3",0.01607129448505,0.0317490318216013,0.0896701147415055,10.6645995341386
"SL18-NC-10-FG3xSL18-NL-5-MG2",-0.107230663549937,-1.17422461684537,-0.40178734748411,-6.54184982786594
"SL18-CC-8-FG2xSL18-LD-9-MG1",0.0151896372987523,0.10631436432515,0.0482619908500731,-18.9256582442798
"SL18-NL-3-FG3xSL18-NC-9-MG2",-0.00638833103862831,0.0566407424327108,-0.0384724102535586,-0.346776013126103
"SL18-OI-6-FG3xSL18-CC-11-MG5",0.125140499024222,1.49832130073786,0.331868403933551,29.1291444750867
"SL18-CC-8-FG1xSL18-OI-7-MG1",-0.0369596551559554,-0.34986870133939,-0.13709750740105,26.4944230630063
"SL18-JS-5-FG1xSL18-OI-14-MG1",-0.0561108555595808,-0.377378506967873,-0.232835824976528,-32.0433104171938
"SL18-NC-10-FG1xSL18-OI-11-MG4",-0.126855130078386,-1.49626799655278,-0.07091401009493,-30.818466801318
"SL18-SF-17-FG2xSA18-CB-7-MG2",0.138170469241814,1.84679607971907,-0.00973408755704541,45.4846431406942
"SL18-CC-9-FG3xSL18-JS-9-MG3",-0.0798148175082491,-0.988838485401023,-0.0658471593287963,-11.5863168706322
"SL18-CC-5-FG2xSL18-NC-10-MG2",-0.0344732423178558,-0.257994689956593,-0.265846289362491,8.62579430045905
"SL18-OI-11-FG3xSL18-NC-2-MG1",0.063101685352744,1.20996727132851,-0.143313623882959,44.9473155677322
"SL18-NC-9-FG2xSL18-JS-11-MG3",-0.0681290858986251,-0.597640166634487,-0.0859060124329838,0.686421500975632
"SL18-LD-9-FG4xSL18-OI-6-MG2",0.0419964255197377,0.251228896576067,0.269469532700335,-17.692616406411
"SL18-CC-3-FG2xSL18-OI-11-MG3",0.158565739833038,2.16383530090653,0.0453224241594769,25.1857386512055
"SL18-OI-9-FG4xSA18-CB-1-MG12",-0.00523868859227096,-0.291939072521398,0.0613842748286603,0.505802841989766
"SL18-CC-3-FG2xSA18-CB-4-MG2",0.183676286747959,2.67552710471713,-0.0291133119732874,25.0676922771248
"SL18-NC-5-FG2xSL18-JS-11-MG3",-0.121111251367131,-1.11733558119423,-0.232141920992701,-12.5628367348874
"SL18-CC-8-FG1xSL18-OI-18-MG3",-0.0954349276526012,-1.28139510367947,0.0272269962402675,-37.4179349342457
"SL18-CC-6-FG3xSL18-JS-9-MG2",-0.094181334654453,-1.47728675820151,0.0766396788821266,-28.1534327933663
"SL18-NL-7-FG4xSA18-CB-1-MG12",-0.0489182348902121,-0.515462737054279,-0.00724076687368818,-16.9858653242193
"SL18-CC-1-FG1xSL18-NC-15-MG3",-0.0296968763346937,-0.346561565997308,-0.0227884151487587,79.5101901816755
"SL18-CC-1-FG1xSL18-CC-4-MG11",-0.0205417135806068,-0.140996539923018,-0.0269474118995338,16.0099343180492
"SL18-CC-5-FG2xSL18-NC-9-MG2",0.029755691547375,0.680587233422461,-0.0628912030291622,15.662634884455
"SA18-CB-9-FG1xSL18-JS-19-MG1",0.074478382702395,0.708627158981065,-0.0224754453219391,3.11644989254584
"SL18-NL-3-FG1xSL18-OD-3-MG1",-0.065459788999652,-0.807040434904854,-0.0537916942360516,-32.8414213432029
"SL18-CC-5-FG3xSA18-CB-1-MG12",0.00966531972881314,0.259547144922968,-0.213062522308666,-14.7119446215152
"SL18-CC-8-FG2xSL18-NC-5-MG3",-0.0505383166226104,-0.341835401992998,-0.192257811490622,-3.73471767793463
"SL18-CC-6-FG3xSL18-OI-14-MG2",-0.00772844939580458,-0.201646281807642,0.176060666920949,-40.2785071261744
"SL18-NC-12-FG2xSA18-CB-3-MG1",-0.0342836055153612,-0.406836566934486,-0.041621891507363,1.58358298792743
"SL18-CC-3-FG3xSL18-OD-6-MG3",0.0948561757034559,1.18934358896956,0.0449780593468567,4.40232019959487
"SL18-CC-6-FG2xSL18-OI-14-MG1",0.0562274733284823,1.07434447986283,-0.0330947140260792,-21.6192144950595
"SL18-JS-19-FG3xSA18-CB-3-MG2",-0.040311043825782,-0.319910105783049,-0.253969149434221,-14.7808415519566
"SL18-NC-12-FG2xSL18-NL-5-MG2",-0.0979945649425158,-1.30232487935809,-0.067268813219575,-2.91222872074532
"SL18-JS-5-FG1xSA18-CB-1-MG12",-0.0844991418766488,-0.929346848495904,-0.26566753186886,-13.8976117174835
"SL18-JS-16-FG3xSA18-CB-4-MG3",-0.0514211847483028,-0.219554947304505,-0.21967130290901,-32.4820217328017
"SL18-OI-4-FG2xSA18-CB-7-MG2",0.159192074156425,1.54371316245427,0.142450617789606,76.3252350921132
"SL18-NC-1-FG1xSL18-NC-12-MG3",-0.0996527438661196,-1.22086677673683,-0.0468804752182643,-12.6165087918704
"SL18-NC-15-FG3xSL18-CC-1-MG2",-0.0687553727372002,-0.650552481422285,-0.0995138499671795,2.37610727044807
"SL18-SF-17-FG2xSL18-NC-12-MG1",-0.00302466849524202,0.0132424314046375,-0.0397665052178357,-1.30873909263855
"SL18-LL-9-FG2xSA18-CB-5-MG3",-0.0357685981445835,-0.366922122121792,-0.0176650125481245,-21.8830424400853
"SL18-SF-17-FG2xSA18-CB-7-MG3",0.144208374126701,2.35853928733283,0.0296182097708011,16.851429726201
"SA18-CB-4-FG6xSL18-JS-6-MG3",0.134706525386404,1.83345956638107,0.126889121488927,10.5675323346054
"SL18-CC-3-FG1xSL18-JS-11-MG2",0.0176567953232652,0.576793259338354,-0.0709122290806613,4.05769789037893
"SA18-CB-5-FG6xSL18-CC-6-MG2",0.0465511554479344,0.452607299103471,0.0537870877314842,-24.2642648524936
"SL18-JS-19-FG3xSL18-OI-17-MG1",-0.0718248640785845,-1.05086178248266,-0.0550979874442537,-41.5040788283882
"SL18-OI-17-FG4xSL18-CC-7-MG1",0.028729106369203,0.0622342989260457,-0.174776327157225,12.2530215102217
"SL18-OI-17-FG1xSL18-OI-4-MG1",-0.00435105320430529,-0.318723405420386,0.101699073589431,-6.82986173015373
"SL18-CC-6-FG2xSL18-OI-11-MG4",0.0072343411492005,0.208801442238997,0.0341622515911113,-19.1867719784428
"SL18-JS-9-FG3xSA18-CB-10-MG1",-0.0193390864889506,-0.0105653978273516,-0.118595367798495,2.59281835246381
"SL18-OI-6-FG3xSL18-JS-6-MG1",0.0334996613297973,-0.309333347124882,0.883952956598121,-19.573892315074
"SL18-SF-13-FG2xSL18-JS-11-MG3",0.0183575367009939,0.440228834555897,-0.150952466963174,9.52820049355867
"SL18-JS-19-FG3xSL18-LD-13-MG3",-0.0777333776808268,-1.19874738663544,0.0128915936940664,-31.0570841781066
"SA18-CB-2-FG3xSL18-CC-2-MG5",0.0894513458504797,1.49744598485982,-0.149797223200424,7.51692119670874
"SA18-CB-9-FG1xSL18-OI-7-MG3",0.127149716217089,1.35762567888631,0.00446839252955555,30.9234250478836
"SL18-CC-3-FG1xSL18-OI-16-MG2",0.046612911090972,0.511460749700838,0.118354467710537,4.85121494466024
"SL18-CC-8-FG1xSL18-NC-8-MG2",-0.119937783381731,-1.41449538374245,-0.0783732421945554,-28.4274609208608
"SL18-SF-13-FG2xSA18-CB-2-MG3",0.101214757307182,1.19765407338283,-0.00929829984266181,0.0426834995887107
"SL18-SF-13-FG2xSL18-JS-9-MG2",-0.00513322519791683,-0.1979913360594,-0.0360534213802086,-2.65990912221517
"SL18-JS-19-FG2xSA18-CB-10-MG3",0.0207954111897715,0.534221072921624,-0.0813337385279675,-16.4046420630316
"SL18-CC-6-FG1xSL18-JS-5-MG2",-0.025191992775266,-0.0784614358449222,-0.217300652060994,-9.60498385535833
"SL18-CC-12-FG2xSL18-LL-9-MG4",0.131130317356519,1.98578562914289,-0.153528769073397,61.4140131154852
"SL18-NL-3-FG1xSL18-OI-7-MG3",0.0141485015432533,0.191407227960657,-0.106654891771419,2.93756307626373
"SL18-NL-5-FG1xSL18-OI-14-MG1",0.0170531982769939,0.432994412737699,-0.0021799638982121,-21.7423276811839
"SL18-NC-8-FG1xSL18-NL-7-MG2",-0.0670002477356168,-0.858181706271072,0.119263301887342,-26.3678557313613
"SL18-JS-5-FG2xSL18-OI-5-MG3",-0.0748528674039068,-0.738682434510097,-0.0659209724812987,-21.3124153569594
"SL18-CC-10-FG4xSL18-NC-2-MG2",0.0650851269162531,0.72626304421487,-0.0216335852322045,18.0835904634805
"SL18-NC-5-FG3xSL18-OI-2-MG2",-0.0852325391593932,-1.18690613515866,0.0295691257832236,-1.45929012735835
"SL18-OI-16-FG2xSL18-OI-18-MG1",-0.0628458688723565,-0.878408676075463,0.16108276586206,-26.8443407393565
"SL18-CC-1-FG2xSL18-NC-11-MG2",-0.0296019962883004,-0.274735195447658,-0.040454402828817,-2.96224618057331
"SL18-CC-12-FG3xSL18-NC-11-MG2",0.0143395567638909,0.318230150596895,-0.100383542185549,19.8528729115706
"SA18-CB-7-FG1xSL18-LD-1-MG1",0.104141495774162,0.952105051342639,0.308986460189151,-6.63385816049373
"SL18-NC-10-FG3xSA18-CB-3-MG2",-0.0730184730313119,-0.47049449498147,-0.549637707332116,5.23309951076914
"SA18-CB-5-FG1xSA18-CB-10-MG1",0.0660332889465725,1.1484254841845,-0.095628920817474,11.7094800340813
"SL18-UCONN-S142-MG5",0.00381353069679351,-0.0717862183772131,0.00923202695862362,6.23879037428144
"SL18-UCONN-S142-MG3",0.00381353069679374,-0.0717862183772115,0.00923202695862386,6.23879037428148
"SL18-UCONN-S142-FG4",0.0038135306967935,-0.0717862183772159,0.00923202695862386,6.23879037428143
"SL18-UCONN-S142-FG3",0.00897893926187172,-0.0197201151042658,0.00388171491465823,-1.5027268804134
"SL18-UCONN-S142-MG1",0.00381353069679359,-0.0717862183772128,0.00923202695862374,6.23879037428142
"SL18-UCONN-S142-MG4",0.00381353069679371,-0.0717862183772129,0.00923202695862389,6.23879037428132
"SL18-UCONN-S142-FG1",-0.00103186482225765,-0.256396794328302,0.0270907850641659,-2.03548036647682
"SL18-UCONN-S142-FG2",0.00671335916201738,-0.0849634830593088,0.00430343460272162,0.371135229556984
"SL18-UCONN-S142-MG2",0.00381353069679344,-0.0717862183772159,0.00923202695862342,6.23879037428158
"SL18-UCONN-S143-FG1",0.0212098200941414,0.27843056075371,0.0268039510854964,4.7589238483723
"SL18-UCONN-S143-FG2",0.0212098200941415,0.278430560753711,0.0268039510854967,4.75892384837232
"SL18-UCONN-S143-FG3",0.0212098200941417,0.278430560753714,0.0268039510854963,4.75892384837243
"SL18-UCONN-S143-MG1",0.0212098200941416,0.278430560753713,0.0268039510854961,4.75892384837234
"SL18-UCONN-S143-MG2",0.0212098200941415,0.278430560753711,0.0268039510854963,4.75892384837238
"SL18-UCONN-S143-MG3",0.0212098200941416,0.278430560753713,0.0268039510854959,4.7589238483723
"SL18-UCONN-S157-FG1",0.0055681875725287,-0.0835735773715175,0.0847375234951359,-9.11729976513091
"SL18-UCONN-S157-FG2",0.00808735015544311,-0.0828447989233211,0.0804396399348823,-6.04324952165344
"SL18-UCONN-S157-FG3",-0.067328649382886,-1.03546873149744,0.100713459599969,-21.9269418867878
"SL18-UCONN-S157-MG1",0.00771835813208423,-0.0560987134848012,0.0848646519953881,-9.11894877003754
"SL18-UCONN-S157-MG2",0.0411945593392295,0.322026422433327,0.113544105916949,-3.30879112782812
"SL18-UCONN-S157-MG3",0.00556818757252828,-0.0835735773715244,0.0847375234951359,-9.1172997651309
"SL18-UCONN-S158-FG1",0.00942679452707168,0.0733924286647578,0.0232988438621059,1.7556687004665
"SL18-UCONN-S158-FG2",0.00942679452707161,0.073392428664758,0.023298843862105,1.75566870046653
"SL18-UCONN-S158-FG3",0.00942679452707174,0.0733924286647602,0.0232988438621051,1.7556687004666
"SL18-UCONN-S158-MG1",0.00942679452707145,0.0733924286647536,0.0232988438621057,1.75566870046658
"SL18-UCONN-S158-MG2",0.0094267945270717,0.0733924286647557,0.0232988438621057,1.75566870046663
"SL18-UCONN-S158-MG3",0.00942679452707168,0.0733924286647575,0.0232988438621057,1.75566870046648
"SL18-UCONN-S2-FG1",0.0310127770011129,0.587690759603695,-0.00879291630548133,10.7965571425881
"SL18-UCONN-S2-FG2",0.0137518216710647,0.330788392659054,-0.00729456693410469,-2.38002164766774
"SL18-UCONN-S2-FG3",-0.0041720929778635,0.116531523426954,-0.0145739594121902,-2.74615726932921
"SL18-UCONN-S2-MG1",0.0137518216710648,0.330788392659053,-0.00729456693410409,-2.38002164766786
"SL18-UCONN-S2-MG2",0.013751821671065,0.330788392659056,-0.00729456693410434,-2.38002164766777
"SL18-UCONN-S2-MG3",0.0204361142026093,0.443392033142821,-0.0128343246931761,-1.32787868969697
"SL18-UCONN-S32-FG1",0.0154819101046458,0.244424886326645,0.0950110242658686,-0.731389328756949
"SL18-UCONN-S32-FG2",0.0154819101046458,0.244424886326646,0.0950110242658685,-0.731389328756845
"SL18-UCONN-S32-FG3",0.0154819101046456,0.244424886326642,0.0950110242658682,-0.731389328756979
"SL18-UCONN-S32-MG1",0.0154819101046457,0.244424886326646,0.0950110242658679,-0.731389328756867
"SL18-UCONN-S32-MG2",0.0154819101046458,0.244424886326646,0.0950110242658684,-0.73138932875686
"SL18-UCONN-S32-MG3",0.0154819101046459,0.244424886326646,0.0950110242658686,-0.731389328756783
"SL18-UCONN-S4-FG1",0.0330165978674255,0.574212200574808,-0.0478144047381023,5.85467766765942
"SL18-UCONN-S4-FG2",0.0330165978674256,0.574212200574811,-0.0478144047381025,5.85467766765936
"SL18-UCONN-S4-FG3",0.0330165978674256,0.574212200574809,-0.0478144047381023,5.85467766765941
"SL18-UCONN-S4-MG1",0.0330165978674257,0.574212200574809,-0.0478144047381028,5.85467766765927
"SL18-UCONN-S4-MG2",0.0330165978674257,0.574212200574813,-0.0478144047381031,5.85467766765938
"SL18-UCONN-S4-MG3",0.0330165978674256,0.57421220057481,-0.0478144047381027,5.85467766765939
"SL18-UCONN-S57-FG1",-0.0107514452008138,0.025003696421394,-0.0829137906593635,5.62008897324471
"SL18-UCONN-S57-FG2",0.0215893349109892,0.592230889712138,-0.133558834289204,19.0665762444848
"SL18-UCONN-S57-FG3",0.0133798540036678,0.397510552871535,-0.118467844701052,10.1173504613778
"SL18-UCONN-S57-MG1",0.00657544840608725,0.333284522981626,-0.107720732182505,9.54215416426248
"SL18-UCONN-S57-MG2",0.00657544840608718,0.333284522981625,-0.107720732182505,9.54215416426236
"SL18-UCONN-S57-MG3",0.0065754484060867,0.333284522981618,-0.107720732182504,9.54215416426225
"SL18-UCONN-S5-FG1",0.0596180523478388,0.764804582993004,0.0853324334443651,-3.42942730411459
"SL18-UCONN-S5-FG2",0.0596180523478388,0.764804582993002,0.0853324334443655,-3.42942730411455
"SL18-UCONN-S5-FG3",0.0596180523478386,0.764804582993,0.0853324334443654,-3.42942730411471
"SL18-UCONN-S5-MG1",0.0927727000915997,1.37533868362815,0.0893975799140193,9.90337137587344
"SL18-UCONN-S5-MG2",0.0596180523478387,0.764804582993001,0.0853324334443653,-3.42942730411453
"SL18-UCONN-S5-MG3",0.0596180523478391,0.764804582993008,0.0853324334443649,-3.42942730411445
"SL18-UCONN-S73-FG1",0.0145675588593083,0.12132084330339,-0.0105555535224144,13.6801958461251
"SL18-UCONN-S73-FG2",0.0145675588593083,0.121320843303388,-0.0105555535224138,13.680195846125
"SL18-UCONN-S73-FG3",0.0145675588593082,0.121320843303387,-0.0105555535224143,13.680195846125
"SL18-UCONN-S73-MG1",0.0145675588593081,0.121320843303386,-0.0105555535224141,13.6801958461249
"SL18-UCONN-S73-MG2",0.0145675588593085,0.121320843303392,-0.0105555535224146,13.6801958461251
"SL18-UCONN-S73-MG3",0.0145675588593082,0.121320843303387,-0.0105555535224146,13.680195846125
"SL18-UCONN-S78-FG1",-0.0270759159385176,-0.326201803118197,-0.0623175599789884,-24.9585243354567
"SL18-UCONN-S78-FG2",-0.0234219973979408,-0.220983654265206,-0.0716075765727762,-22.4346703380218
"SL18-UCONN-S78-FG3",-0.0234219973979411,-0.220983654265211,-0.0716075765727755,-22.4346703380219
"SL18-UCONN-S78-MG1",-0.0234219973979411,-0.22098365426521,-0.0716075765727757,-22.4346703380219
"SL18-UCONN-S78-MG2",-0.0234219973979408,-0.220983654265208,-0.0716075765727754,-22.4346703380217
"SL18-UCONN-S78-MG3",-0.0234219973979409,-0.220983654265208,-0.0716075765727754,-22.4346703380218
"SL18-UCONN-S94-FG1",0.0594009203307433,1.01351983140504,-0.113528557032834,65.9752751689759
"SL18-UCONN-S94-FG2",0.0690772125983485,1.03951645518587,-0.0751761430900104,58.5004822533273
"SL18-UCONN-S94-FG3",0.0556626366827377,0.963513801528372,-0.127458439728809,72.2929058032203
"SL18-UCONN-S94-MG1",0.0594009203307429,1.01351983140504,-0.113528557032835,65.9752751689757
"SL18-UCONN-S94-MG2",0.0594009203307431,1.01351983140504,-0.113528557032835,65.9752751689758
"SL18-UCONN-S94-MG3",0.0594009203307433,1.01351983140504,-0.113528557032835,65.975275168976
"SL18-UCONN-S11-FG1",0.0466608230968802,0.546306786879081,0.0457145572974558,21.3266312713485
"SL18-UCONN-S11-FG2",0.0466608230968804,0.546306786879084,0.0457145572974547,21.3266312713485
"SL18-UCONN-S11-FG3",0.0466608230968802,0.54630678687908,0.0457145572974554,21.3266312713485
"SL18-JS-19-FG5xSL18-OI-4-MG1",-0.0450693746112748,-1.23844145619724,0.09827529158735,-33.6854598034608
"SL18-UCONN-S157-FG2xSL18-OI-17-MG3",-0.0283678592443781,-0.872389689619395,0.0976924015593246,-29.4036549289184
"SL18-CC-3-FG1xSL18-OI-7-MG2",0.147120845269988,1.98008850748086,0.0304082782476134,11.9848366598661
"SL18-JS-5-FG1xSL18-CC-7-MG1",-0.0917430314927197,-1.33923002091963,-0.377715133337027,3.5531510430879
"SL18-UCONN-S142-FG3xSL18-OI-15-MG1",0.0335524686503969,0.360663100833098,-0.0392757798499285,8.69152403804937
"SL18-CC-6-FG3xSL18-OI-11-MG2",0.00641737436271399,-0.475286997111683,0.272784319436869,-23.4339461056519
"SL18-UCONN-S157-FG3xSL18-LD-2-MG2",-0.113845707568884,-2.0339226841193,0.41088656707918,-50.9459538266295
"SA18-CB-10-FG6xSL18-NC-2-MG1",0.119982044153427,2.78279254343513,-0.176742061992091,86.1315105132944
"SL18-UCONN-S57-FG2xSL18-OI-11-MG3",0.0524412538122752,1.04159796295515,-0.112035707308257,21.2077702406073
"SL18-CC-12-FG2xSA18-CB-7-MG1",0.194022927815532,3.39227926848603,-0.150163497474052,55.8588036437185
"SL18-CC-12-FG3xSL18-JS-6-MG1",0.0517436984281295,0.521986302273908,0.382046648562136,10.8642078059952
"SL18-JS-5-FG2xSL18-CC-2-MG6",-0.0412232858199836,-0.100245213282143,-0.215449771615208,-18.1250135006604
"SL18-UCONN-S94-FG3xSL18-OI-15-MG1",0.0802361809505461,1.34389741031745,-0.170616086842912,82.4872170858441
"SL18-UCONN-S142-FG2xSL18-OI-15-MG1",0.0312868852435762,0.295419637645217,-0.0388540595463,10.5653888832128
"SA18-CB-10-FG6xSL18-OI-15-MG2",0.176941793464506,3.20700628544837,-0.151020230007639,49.987453363559
"SL18-JS-6-FG2xSL18-NC-2-MG3",-0.0256572626296248,-0.690979566414989,0.112434420364581,19.5805327045628
"SL18-JS-5-FG1xSL18-CC-7-MG2",-0.108208694715951,-1.39300695970296,-0.342801420228722,-12.4943520198355
"SA18-CB-4-FG6xSL18-NC-2-MG3",0.0749484197619051,1.48457492324835,-0.209704485357869,40.6335827136111
"SL18-UCONN-S94-FG3xSL18-OI-17-MG3",0.0192074833779696,0.173969940861818,-0.11020584896462,48.9325472766562
"SL18-UCONN-S2-FG3xSL18-NC-2-MG3",-0.0118190949895792,0.0311454128929747,-0.124204717283991,23.6319773701893
"SA18-CB-4-FG6xSL18-NC-2-MG1",0.0914989067226487,2.18036464314566,-0.184881045866578,64.188129777908
"SL18-UCONN-S142-FG1xSL18-OI-17-MG3",-0.037487088851183,-1.04594198221868,0.0443435497786073,-25.3958923204027
"SL18-CC-9-FG1xSL18-OI-18-MG1",-0.0263795992094575,-0.50582133366439,0.0179377878761097,-26.994884029738
"SL18-SF-13-FG2xSL18-NC-2-MG3",0.0596728167320205,0.751191948561297,-0.127867144621253,37.0251463621527
"SL18-CC-1-FG2xSL18-OI-11-MG2",0.0468043296189955,0.41766807258795,0.164404677146316,-10.0226237899103
"SL18-JS-16-FG1xSL18-CC-7-MG1",-0.0861801664092572,-1.35193767490132,-0.188843265674241,0.96852088566869
"SL18-JS-9-FG3xSL18-NL-2-MG1",-0.133392770752203,-2.07886147642578,0.0125366306908388,-10.7674185533592
"SL18-NC-15-FG2xSL18-OI-11-MG2",-0.0403558286204895,-0.832145618583866,0.122571190890148,2.55865234739894
"SL18-CC-1-FG2xSL18-CC-2-MG6",0.0177189906576964,0.716007226314831,-0.093968756901945,-11.8144508999524
"SL18-NC-15-FG2xSL18-CC-2-MG6",-0.0694411512755362,-0.533805737461044,-0.135802245104659,0.766828867434444
"SA18-CB-2-FG3xSL18-JS-19-MG1",0.0689337429156668,0.757470958709024,-0.0788928860867341,3.67933189625521
"SL18-CC-5-FG3xSL18-NC-2-MG1",0.0266470106962442,0.923045561984381,-0.279584436098758,39.2128724268582
"SL18-JS-5-FG1xSL18-OI-18-MG4",-0.0729820900397147,-1.12046669226067,-0.153596178895229,-27.2913461860722
"SL18-UCONN-S57-FG1xSL18-OI-11-MG1",0.0204195896672855,0.269539707996861,0.00212234993009728,6.08302702356622
"SL18-JS-5-FG2xSL18-CC-7-MG2",-0.0720714259737329,-0.882771804120223,-0.230823051484389,-10.3346634585787
"SL18-CC-6-FG1xSL18-OD-10-MG1",0.058593125840353,1.00429350143931,-0.0232756749716759,-15.6178760357735
"SL18-UCONN-S2-FG1xSL18-NC-2-MG3",0.0233658262393892,0.50230533535638,-0.118423665756662,37.1747115083128
"SL18-JS-19-FG3xSL18-OI-7-MG2",0.0035341140652508,-0.0498937897534603,-0.0640192462234806,-21.1666499635736
"SL18-NC-12-FG2xSL18-OD-6-MG2",-0.115964853765036,-1.6975120919124,0.00882260022462412,-8.60035758122009
"SL18-UCONN-S142-FG1xSL18-OI-15-MG1",0.0235416727502451,0.123986443960978,-0.0160666667127882,8.15877566681892
"SL18-CC-6-FG3xSL18-CC-7-MG1",-0.0370503251123006,-0.905694720630164,-0.0358762897405194,-1.38789267727527
"SL18-LD-13-FG2xSL18-OD-3-MG1",-0.0356581005416822,-0.763134753688854,0.144707476486911,-18.0877563553494
"SL18-SF-13-FG2xSL18-UCONN-S5-MG1",0.160092597317303,2.21191818007473,0.0711612272138983,20.5504025848214
"SL18-UCONN-S57-FG3xSL18-OI-11-MG3",0.0442317919815495,0.846877771806579,-0.0969446642953727,12.2585451909985
"SL18-JS-16-FG1xSL18-OI-18-MG4",-0.0674192560431654,-1.13317481863677,0.0352756911517972,-29.8759752395378
"SA18-CB-10-FG6xSL18-NC-2-MG3",0.103431595195876,2.08700321619019,-0.201565496217805,62.5769728614581
"SL18-SF-13-FG2xSL18-NC-2-MG1",0.0762232749396072,1.4469810337501,-0.10304369968579,60.5796626471359
"SL18-JS-16-FG3xSL18-JS-9-MG3",-0.132731452374935,-1.57708312374577,-0.0990786488294689,-27.3886066042929
"SL18-NC-12-FG1xSL18-NL-9-MG2",-0.0915975220162572,-1.04269273460898,-0.120725464007828,-23.3764479165656
"SA18-CB-10-FG6xSL18-JS-6-MG1",0.100221987183047,1.65117196105213,0.363963864948899,25.6831027982038
"SA18-CB-4-FG6xSL18-OI-15-MG2",0.148458670457095,2.60457876036954,-0.159159240968052,28.0440705188135
"SL18-JS-5-FG2xSL18-OI-11-MG2",-0.012138026214841,-0.398585971312277,0.0429236825747491,-16.3331915917086
"SL18-CC-3-FG3xSL18-UCONN-S157-MG1",0.103597620659889,1.38853481142283,0.0922602748067307,-1.07125662700161
"SL18-CC-3-FG3xSL18-OI-15-MG1",0.120452748132982,1.8250164065493,-0.0357619674499941,18.2419590975092
"SL18-NL-10-FG2xSL18-OI-11-MG1",0.020255486828247,-0.0721795810349638,0.145973442052521,-0.656166087478744
"SL18-CC-5-FG1xSL18-OI-15-MG2",0.0405336171009258,0.790749356904446,-0.212372119515142,4.3302877064678
"SL18-UCONN-S157-FG3xSL18-OI-17-MG3",-0.103783924745644,-1.82501440410622,0.117966247075206,-45.2873641111484
"SL18-JS-16-FG1xSL18-CC-2-MG6",-0.0717976799415523,-0.623188348232522,-0.138556187166206,-22.8693278489658
"SA18-CB-5-FG3xSL18-NL-5-MG1",0.0168963105205515,0.0954543022904226,-0.0262990662561363,-30.6192326049683
"SL18-UCONN-S94-FG2xSL18-OI-17-MG3",0.032622056075295,0.249972243732313,-0.0579234825294724,35.1401074255478
"SL18-JS-9-FG3xSL18-JS-5-MG2",-0.105388832283155,-1.34762639845307,-0.246458337070603,1.63854752116274
"SL18-CC-6-FG3xSL18-OI-18-MG1",-0.0417011389156782,-0.655789209531677,0.205988052998973,-40.7869724267533
"SA18-CB-1-FG2xSL18-LD-1-MG1",-0.00599295484089944,-0.419376341783833,0.252417706826309,-24.9127517822492
"SL18-SF-13-FG2xSL18-UCONN-S2-MG3",0.0877559605822537,1.27997071595597,-0.0310707399769363,9.31913763243759
"SL18-JS-5-FG1xSL18-JS-11-MG3",-0.125383247363739,-1.27260134682883,-0.380098177296124,-11.0242719255326
"SL18-CC-5-FG1xSL18-NC-2-MG1",-0.016426155991486,0.366535120674394,-0.238093928284461,40.4743308590146
"SL18-CC-6-FG2xSL18-OI-18-MG1",0.0159444940616939,0.362398881039348,0.063890339686817,-25.4218388691261
"SL18-NC-1-FG1xSL18-NL-6-MG3",-0.0340086221183469,-0.422059565341133,-0.0621554062591262,29.2603878065774
"SL18-OI-17-FG1xSL18-NC-2-MG3",0.00672754755439824,0.257996050565847,-0.147195513653858,29.3089585216268
"SL18-JS-16-FG1xSL18-OI-18-MG3",-0.104802236123452,-1.48518494300668,0.0573271739936085,-36.3568927735867
"SL18-CC-5-FG3xSL18-NC-2-MG3",0.0100965689200031,0.227256879953697,-0.304407885951436,15.6583585469536
"SL18-NC-15-FG1xSL18-OD-10-MG2",-0.0553523653050015,-0.515413878503943,-0.0832891887997909,14.9645079021044
"SL18-CC-1-FG2xSL18-CC-7-MG2",-0.0131290531712467,-0.0665178183013628,-0.109342051939462,-4.02408823120466
"SL18-CC-6-FG3xSL18-CC-2-MG6",-0.0226678976959322,-0.176946027080138,0.0144107482487727,-25.2257567641124
"SL18-UCONN-S57-FG2xSL18-OI-11-MG1",0.0527604193030563,0.836767811331049,-0.0485227677660499,19.5295342232731
"SL18-JS-19-FG3xSL18-LD-1-MG3",-0.0845085623718805,-1.55714871367359,0.145225260417362,-55.6216858056648
"SL18-CC-3-FG3xSL18-JS-19-MG1",0.108114061036412,1.50423212600935,-0.0374038695923664,-1.49014953599687
"SL18-UCONN-S78-FG1xSL18-OI-11-MG2",0.00106969096542814,-0.35877205574206,0.116009924120303,-33.545977559015
"SL18-JS-6-FG2xSL18-NC-2-MG1",-0.00910680603688457,0.00480926421231007,0.137257904925218,43.1350600448805
"SL18-CC-3-FG3xSL18-UCONN-S157-MG2",0.137073869830946,1.76666048910975,0.120939769819538,4.7389093398647
"SL18-CC-5-FG2xSL18-JS-6-MG2",0.0803016285363671,0.819199234744366,0.139890413550804,8.57476135486716
"SL18-CC-9-FG1xSL18-OI-11-MG2",0.0217389425291368,-0.325318493226717,0.0847339290068801,-9.64185166809457
"SL18-UCONN-S94-FG2xSL18-OI-15-MG1",0.0936507860357525,1.4199005617937,-0.118333758857189,68.6947831548875
"SL18-JS-5-FG2xSL18-CC-7-MG1",-0.0556057598065298,-0.828994636188399,-0.26573677292392,5.71283645556835
